2025-05-04T21:19:03.184+09:00  INFO 13604 --- [MySpringbootLab] [restartedMain] c.r.m.MySpringbootLabApplication         : Starting MySpringbootLabApplication using Java 17.0.2 with PID 13604 (C:\mybackend\MySpringbootLab\MySpringbootLab\target\classes started by pshcc in C:\mybackend\MySpringbootLab)
2025-05-04T21:19:03.189+09:00  INFO 13604 --- [MySpringbootLab] [restartedMain] c.r.m.MySpringbootLabApplication         : The following 1 profile is active: "test"
2025-05-04T21:19:03.229+09:00  INFO 13604 --- [MySpringbootLab] [restartedMain] .e.DevToolsPropertyDefaultsPostProcessor : Devtools property defaults active! Set 'spring.devtools.add-properties' to 'false' to disable
2025-05-04T21:19:03.229+09:00  INFO 13604 --- [MySpringbootLab] [restartedMain] .e.DevToolsPropertyDefaultsPostProcessor : For additional web related logging consider setting the 'logging.level.web' property to 'DEBUG'
2025-05-04T21:19:04.229+09:00  INFO 13604 --- [MySpringbootLab] [restartedMain] .s.d.r.c.RepositoryConfigurationDelegate : Bootstrapping Spring Data JPA repositories in DEFAULT mode.
2025-05-04T21:19:04.254+09:00  INFO 13604 --- [MySpringbootLab] [restartedMain] .s.d.r.c.RepositoryConfigurationDelegate : Finished Spring Data repository scanning in 14 ms. Found 0 JPA repository interfaces.
2025-05-04T21:19:05.171+09:00  INFO 13604 --- [MySpringbootLab] [restartedMain] o.s.b.w.e.t.TomcatWebServer              : Tomcat initialized with port 8080 (http)
2025-05-04T21:19:05.188+09:00  INFO 13604 --- [MySpringbootLab] [restartedMain] o.a.c.c.StandardService                  : Starting service [Tomcat]
2025-05-04T21:19:05.189+09:00  INFO 13604 --- [MySpringbootLab] [restartedMain] o.a.c.c.StandardEngine                   : Starting Servlet engine: [Apache Tomcat/10.1.40]
2025-05-04T21:19:05.258+09:00  INFO 13604 --- [MySpringbootLab] [restartedMain] o.a.c.c.C.[.[.[/]                        : Initializing Spring embedded WebApplicationContext
2025-05-04T21:19:05.260+09:00  INFO 13604 --- [MySpringbootLab] [restartedMain] w.s.c.ServletWebServerApplicationContext : Root WebApplicationContext: initialization completed in 2029 ms
2025-05-04T21:19:05.571+09:00  INFO 13604 --- [MySpringbootLab] [restartedMain] c.z.h.HikariDataSource                   : HikariPool-1 - Starting...
2025-05-04T21:19:05.763+09:00  INFO 13604 --- [MySpringbootLab] [restartedMain] c.z.h.p.HikariPool                       : HikariPool-1 - Added connection conn0: url=jdbc:h2:mem:a3b5b3be-5f2e-46d5-84b0-d36a23fab6fb user=SA
2025-05-04T21:19:05.764+09:00  INFO 13604 --- [MySpringbootLab] [restartedMain] c.z.h.HikariDataSource                   : HikariPool-1 - Start completed.
2025-05-04T21:19:05.810+09:00  INFO 13604 --- [MySpringbootLab] [restartedMain] o.h.j.i.u.LogHelper                      : HHH000204: Processing PersistenceUnitInfo [name: default]
2025-05-04T21:19:05.871+09:00  INFO 13604 --- [MySpringbootLab] [restartedMain] o.h.Version                              : HHH000412: Hibernate ORM core version 6.6.13.Final
2025-05-04T21:19:05.909+09:00  INFO 13604 --- [MySpringbootLab] [restartedMain] o.h.c.i.RegionFactoryInitiator           : HHH000026: Second-level cache disabled
2025-05-04T21:19:06.163+09:00  INFO 13604 --- [MySpringbootLab] [restartedMain] o.s.o.j.p.SpringPersistenceUnitInfo      : No LoadTimeWeaver setup: ignoring JPA class transformer
2025-05-04T21:19:06.236+09:00  INFO 13604 --- [MySpringbootLab] [restartedMain] o.h.o.c.pooling                          : HHH10001005: Database info:
	Database JDBC URL [Connecting through datasource 'HikariDataSource (HikariPool-1)']
	Database driver: undefined/unknown
	Database version: 2.3.232
	Autocommit mode: undefined/unknown
	Isolation level: undefined/unknown
	Minimum pool size: undefined/unknown
	Maximum pool size: undefined/unknown
2025-05-04T21:19:06.539+09:00  INFO 13604 --- [MySpringbootLab] [restartedMain] o.h.e.t.j.p.i.JtaPlatformInitiator       : HHH000489: No JTA platform available (set 'hibernate.transaction.jta.platform' to enable JTA platform integration)
2025-05-04T21:19:06.544+09:00  INFO 13604 --- [MySpringbootLab] [restartedMain] j.LocalContainerEntityManagerFactoryBean : Initialized JPA EntityManagerFactory for persistence unit 'default'
2025-05-04T21:19:06.651+09:00  WARN 13604 --- [MySpringbootLab] [restartedMain] JpaBaseConfiguration$JpaWebConfiguration : spring.jpa.open-in-view is enabled by default. Therefore, database queries may be performed during view rendering. Explicitly configure spring.jpa.open-in-view to disable this warning
2025-05-04T21:19:07.052+09:00  WARN 13604 --- [MySpringbootLab] [restartedMain] ion$DefaultTemplateResolverConfiguration : Cannot find template location: classpath:/templates/ (please add some templates, check your Thymeleaf configuration, or set spring.thymeleaf.check-template-location=false)
2025-05-04T21:19:07.436+09:00  INFO 13604 --- [MySpringbootLab] [restartedMain] o.s.b.a.h.H2ConsoleAutoConfiguration     : H2 console available at '/h2-console'. Database available at 'jdbc:h2:mem:a3b5b3be-5f2e-46d5-84b0-d36a23fab6fb'
2025-05-04T21:19:07.497+09:00  INFO 13604 --- [MySpringbootLab] [restartedMain] o.s.b.d.a.OptionalLiveReloadServer       : LiveReload server is running on port 35729
2025-05-04T21:19:07.507+09:00  INFO 13604 --- [MySpringbootLab] [restartedMain] o.s.b.a.e.w.EndpointLinksResolver        : Exposing 1 endpoint beneath base path '/actuator'
2025-05-04T21:19:07.584+09:00  INFO 13604 --- [MySpringbootLab] [restartedMain] o.s.b.w.e.t.TomcatWebServer              : Tomcat started on port 8080 (http) with context path '/'
2025-05-04T21:19:07.597+09:00  INFO 13604 --- [MySpringbootLab] [restartedMain] c.r.m.MySpringbootLabApplication         : Started MySpringbootLabApplication in 4.871 seconds (process running for 5.65)
2025-05-04T21:19:07.633+09:00  INFO 13604 --- [MySpringbootLab] [restartedMain] c.r.m.r.MyPropRunner                     : username: springboot
2025-05-04T21:19:07.633+09:00  INFO 13604 --- [MySpringbootLab] [restartedMain] c.r.m.r.MyPropRunner                     : 현재 실행 환경: 개발환경
2025-05-04T21:22:01.691+09:00  INFO 13604 --- [MySpringbootLab] [SpringApplicationShutdownHook] o.s.b.w.e.t.GracefulShutdown             : Commencing graceful shutdown. Waiting for active requests to complete
2025-05-04T21:22:01.857+09:00  INFO 13604 --- [MySpringbootLab] [tomcat-shutdown] o.s.b.w.e.t.GracefulShutdown             : Graceful shutdown complete
2025-05-04T21:22:01.862+09:00  INFO 13604 --- [MySpringbootLab] [SpringApplicationShutdownHook] j.LocalContainerEntityManagerFactoryBean : Closing JPA EntityManagerFactory for persistence unit 'default'
2025-05-04T21:22:01.868+09:00  WARN 13604 --- [MySpringbootLab] [SpringApplicationShutdownHook] o.s.b.f.s.DisposableBeanAdapter          : Invocation of destroy method failed on bean with name 'inMemoryDatabaseShutdownExecutor': org.h2.jdbc.JdbcSQLNonTransientConnectionException: Database is already closed (to disable automatic closing at VM shutdown, add ";DB_CLOSE_ON_EXIT=FALSE" to the db URL) [90121-232]
2025-05-04T21:22:01.869+09:00  INFO 13604 --- [MySpringbootLab] [SpringApplicationShutdownHook] c.z.h.HikariDataSource                   : HikariPool-1 - Shutdown initiated...
2025-05-04T21:22:01.871+09:00  INFO 13604 --- [MySpringbootLab] [SpringApplicationShutdownHook] c.z.h.HikariDataSource                   : HikariPool-1 - Shutdown completed.
2025-05-04T21:22:04.035+09:00  INFO 30380 --- [MySpringbootLab] [restartedMain] c.r.m.MySpringbootLabApplication         : Starting MySpringbootLabApplication using Java 17.0.2 with PID 30380 (C:\mybackend\MySpringbootLab\MySpringbootLab\target\classes started by pshcc in C:\mybackend\MySpringbootLab)
2025-05-04T21:22:04.039+09:00  INFO 30380 --- [MySpringbootLab] [restartedMain] c.r.m.MySpringbootLabApplication         : The following 1 profile is active: "prod"
2025-05-04T21:22:04.077+09:00  INFO 30380 --- [MySpringbootLab] [restartedMain] .e.DevToolsPropertyDefaultsPostProcessor : Devtools property defaults active! Set 'spring.devtools.add-properties' to 'false' to disable
2025-05-04T21:22:04.078+09:00  INFO 30380 --- [MySpringbootLab] [restartedMain] .e.DevToolsPropertyDefaultsPostProcessor : For additional web related logging consider setting the 'logging.level.web' property to 'DEBUG'
2025-05-04T21:22:04.986+09:00  INFO 30380 --- [MySpringbootLab] [restartedMain] .s.d.r.c.RepositoryConfigurationDelegate : Bootstrapping Spring Data JPA repositories in DEFAULT mode.
2025-05-04T21:22:05.011+09:00  INFO 30380 --- [MySpringbootLab] [restartedMain] .s.d.r.c.RepositoryConfigurationDelegate : Finished Spring Data repository scanning in 16 ms. Found 0 JPA repository interfaces.
2025-05-04T21:22:05.850+09:00  INFO 30380 --- [MySpringbootLab] [restartedMain] o.s.b.w.e.t.TomcatWebServer              : Tomcat initialized with port 8080 (http)
2025-05-04T21:22:05.867+09:00  INFO 30380 --- [MySpringbootLab] [restartedMain] o.a.c.c.StandardService                  : Starting service [Tomcat]
2025-05-04T21:22:05.868+09:00  INFO 30380 --- [MySpringbootLab] [restartedMain] o.a.c.c.StandardEngine                   : Starting Servlet engine: [Apache Tomcat/10.1.40]
2025-05-04T21:22:05.934+09:00  INFO 30380 --- [MySpringbootLab] [restartedMain] o.a.c.c.C.[.[.[/]                        : Initializing Spring embedded WebApplicationContext
2025-05-04T21:22:05.937+09:00  INFO 30380 --- [MySpringbootLab] [restartedMain] w.s.c.ServletWebServerApplicationContext : Root WebApplicationContext: initialization completed in 1856 ms
2025-05-04T21:22:06.245+09:00  INFO 30380 --- [MySpringbootLab] [restartedMain] c.z.h.HikariDataSource                   : HikariPool-1 - Starting...
2025-05-04T21:22:06.418+09:00  INFO 30380 --- [MySpringbootLab] [restartedMain] c.z.h.p.HikariPool                       : HikariPool-1 - Added connection conn0: url=jdbc:h2:mem:f2eadbe8-963c-4c2a-834c-aab6ede3aac3 user=SA
2025-05-04T21:22:06.419+09:00  INFO 30380 --- [MySpringbootLab] [restartedMain] c.z.h.HikariDataSource                   : HikariPool-1 - Start completed.
2025-05-04T21:22:06.462+09:00  INFO 30380 --- [MySpringbootLab] [restartedMain] o.h.j.i.u.LogHelper                      : HHH000204: Processing PersistenceUnitInfo [name: default]
2025-05-04T21:22:06.525+09:00  INFO 30380 --- [MySpringbootLab] [restartedMain] o.h.Version                              : HHH000412: Hibernate ORM core version 6.6.13.Final
2025-05-04T21:22:06.564+09:00  INFO 30380 --- [MySpringbootLab] [restartedMain] o.h.c.i.RegionFactoryInitiator           : HHH000026: Second-level cache disabled
2025-05-04T21:22:06.836+09:00  INFO 30380 --- [MySpringbootLab] [restartedMain] o.s.o.j.p.SpringPersistenceUnitInfo      : No LoadTimeWeaver setup: ignoring JPA class transformer
2025-05-04T21:22:06.927+09:00  INFO 30380 --- [MySpringbootLab] [restartedMain] o.h.o.c.pooling                          : HHH10001005: Database info:
	Database JDBC URL [Connecting through datasource 'HikariDataSource (HikariPool-1)']
	Database driver: undefined/unknown
	Database version: 2.3.232
	Autocommit mode: undefined/unknown
	Isolation level: undefined/unknown
	Minimum pool size: undefined/unknown
	Maximum pool size: undefined/unknown
2025-05-04T21:22:07.276+09:00  INFO 30380 --- [MySpringbootLab] [restartedMain] o.h.e.t.j.p.i.JtaPlatformInitiator       : HHH000489: No JTA platform available (set 'hibernate.transaction.jta.platform' to enable JTA platform integration)
2025-05-04T21:22:07.281+09:00  INFO 30380 --- [MySpringbootLab] [restartedMain] j.LocalContainerEntityManagerFactoryBean : Initialized JPA EntityManagerFactory for persistence unit 'default'
2025-05-04T21:22:07.392+09:00  WARN 30380 --- [MySpringbootLab] [restartedMain] JpaBaseConfiguration$JpaWebConfiguration : spring.jpa.open-in-view is enabled by default. Therefore, database queries may be performed during view rendering. Explicitly configure spring.jpa.open-in-view to disable this warning
2025-05-04T21:22:07.799+09:00  WARN 30380 --- [MySpringbootLab] [restartedMain] ion$DefaultTemplateResolverConfiguration : Cannot find template location: classpath:/templates/ (please add some templates, check your Thymeleaf configuration, or set spring.thymeleaf.check-template-location=false)
2025-05-04T21:22:08.197+09:00  INFO 30380 --- [MySpringbootLab] [restartedMain] o.s.b.a.h.H2ConsoleAutoConfiguration     : H2 console available at '/h2-console'. Database available at 'jdbc:h2:mem:f2eadbe8-963c-4c2a-834c-aab6ede3aac3'
2025-05-04T21:22:08.271+09:00  INFO 30380 --- [MySpringbootLab] [restartedMain] o.s.b.d.a.OptionalLiveReloadServer       : LiveReload server is running on port 35729
2025-05-04T21:22:08.282+09:00  INFO 30380 --- [MySpringbootLab] [restartedMain] o.s.b.a.e.w.EndpointLinksResolver        : Exposing 1 endpoint beneath base path '/actuator'
2025-05-04T21:22:08.366+09:00  INFO 30380 --- [MySpringbootLab] [restartedMain] o.s.b.w.e.t.TomcatWebServer              : Tomcat started on port 8080 (http) with context path '/'
2025-05-04T21:22:08.380+09:00  INFO 30380 --- [MySpringbootLab] [restartedMain] c.r.m.MySpringbootLabApplication         : Started MySpringbootLabApplication in 4.799 seconds (process running for 5.659)
2025-05-04T21:22:08.420+09:00  INFO 30380 --- [MySpringbootLab] [restartedMain] c.r.m.r.MyPropRunner                     : username: springboot
2025-05-04T21:22:08.420+09:00  INFO 30380 --- [MySpringbootLab] [restartedMain] c.r.m.r.MyPropRunner                     : 현재 실행 환경: 운영환경
2025-05-04T21:25:38.105+09:00  INFO 30380 --- [MySpringbootLab] [SpringApplicationShutdownHook] o.s.b.w.e.t.GracefulShutdown             : Commencing graceful shutdown. Waiting for active requests to complete
2025-05-04T21:25:38.271+09:00  INFO 30380 --- [MySpringbootLab] [tomcat-shutdown] o.s.b.w.e.t.GracefulShutdown             : Graceful shutdown complete
2025-05-04T21:25:38.277+09:00  INFO 30380 --- [MySpringbootLab] [SpringApplicationShutdownHook] j.LocalContainerEntityManagerFactoryBean : Closing JPA EntityManagerFactory for persistence unit 'default'
2025-05-04T21:25:38.283+09:00  WARN 30380 --- [MySpringbootLab] [SpringApplicationShutdownHook] o.s.b.f.s.DisposableBeanAdapter          : Invocation of destroy method failed on bean with name 'inMemoryDatabaseShutdownExecutor': org.h2.jdbc.JdbcSQLNonTransientConnectionException: Database is already closed (to disable automatic closing at VM shutdown, add ";DB_CLOSE_ON_EXIT=FALSE" to the db URL) [90121-232]
2025-05-04T21:25:38.284+09:00  INFO 30380 --- [MySpringbootLab] [SpringApplicationShutdownHook] c.z.h.HikariDataSource                   : HikariPool-1 - Shutdown initiated...
2025-05-04T21:25:38.286+09:00  INFO 30380 --- [MySpringbootLab] [SpringApplicationShutdownHook] c.z.h.HikariDataSource                   : HikariPool-1 - Shutdown completed.
2025-05-04T21:36:38.495+09:00  INFO 28040 --- [MySpringbootLab] [restartedMain] c.r.m.MySpringbootLabApplication         : Starting MySpringbootLabApplication using Java 17.0.2 with PID 28040 (C:\mybackend\MySpringbootLab\MySpringbootLab\target\classes started by pshcc in C:\mybackend\MySpringbootLab)
2025-05-04T21:36:38.500+09:00  INFO 28040 --- [MySpringbootLab] [restartedMain] c.r.m.MySpringbootLabApplication         : The following 1 profile is active: "prod"
2025-05-04T21:36:38.547+09:00  INFO 28040 --- [MySpringbootLab] [restartedMain] .e.DevToolsPropertyDefaultsPostProcessor : Devtools property defaults active! Set 'spring.devtools.add-properties' to 'false' to disable
2025-05-04T21:36:38.547+09:00  INFO 28040 --- [MySpringbootLab] [restartedMain] .e.DevToolsPropertyDefaultsPostProcessor : For additional web related logging consider setting the 'logging.level.web' property to 'DEBUG'
2025-05-04T21:36:39.528+09:00  INFO 28040 --- [MySpringbootLab] [restartedMain] .s.d.r.c.RepositoryConfigurationDelegate : Bootstrapping Spring Data JPA repositories in DEFAULT mode.
2025-05-04T21:36:39.552+09:00  INFO 28040 --- [MySpringbootLab] [restartedMain] .s.d.r.c.RepositoryConfigurationDelegate : Finished Spring Data repository scanning in 13 ms. Found 0 JPA repository interfaces.
2025-05-04T21:36:40.424+09:00  INFO 28040 --- [MySpringbootLab] [restartedMain] o.s.b.w.e.t.TomcatWebServer              : Tomcat initialized with port 8080 (http)
2025-05-04T21:36:40.442+09:00  INFO 28040 --- [MySpringbootLab] [restartedMain] o.a.c.c.StandardService                  : Starting service [Tomcat]
2025-05-04T21:36:40.443+09:00  INFO 28040 --- [MySpringbootLab] [restartedMain] o.a.c.c.StandardEngine                   : Starting Servlet engine: [Apache Tomcat/10.1.40]
2025-05-04T21:36:40.512+09:00  INFO 28040 --- [MySpringbootLab] [restartedMain] o.a.c.c.C.[.[.[/]                        : Initializing Spring embedded WebApplicationContext
2025-05-04T21:36:40.514+09:00  INFO 28040 --- [MySpringbootLab] [restartedMain] w.s.c.ServletWebServerApplicationContext : Root WebApplicationContext: initialization completed in 1964 ms
2025-05-04T21:36:40.827+09:00  INFO 28040 --- [MySpringbootLab] [restartedMain] c.z.h.HikariDataSource                   : HikariPool-1 - Starting...
2025-05-04T21:36:41.016+09:00  INFO 28040 --- [MySpringbootLab] [restartedMain] c.z.h.p.HikariPool                       : HikariPool-1 - Added connection conn0: url=jdbc:h2:mem:1f4c5c2f-9844-4f2d-8068-5b5fb1a11318 user=SA
2025-05-04T21:36:41.018+09:00  INFO 28040 --- [MySpringbootLab] [restartedMain] c.z.h.HikariDataSource                   : HikariPool-1 - Start completed.
2025-05-04T21:36:41.068+09:00  INFO 28040 --- [MySpringbootLab] [restartedMain] o.h.j.i.u.LogHelper                      : HHH000204: Processing PersistenceUnitInfo [name: default]
2025-05-04T21:36:41.134+09:00  INFO 28040 --- [MySpringbootLab] [restartedMain] o.h.Version                              : HHH000412: Hibernate ORM core version 6.6.13.Final
2025-05-04T21:36:41.172+09:00  INFO 28040 --- [MySpringbootLab] [restartedMain] o.h.c.i.RegionFactoryInitiator           : HHH000026: Second-level cache disabled
2025-05-04T21:36:41.463+09:00  INFO 28040 --- [MySpringbootLab] [restartedMain] o.s.o.j.p.SpringPersistenceUnitInfo      : No LoadTimeWeaver setup: ignoring JPA class transformer
2025-05-04T21:36:41.545+09:00  INFO 28040 --- [MySpringbootLab] [restartedMain] o.h.o.c.pooling                          : HHH10001005: Database info:
	Database JDBC URL [Connecting through datasource 'HikariDataSource (HikariPool-1)']
	Database driver: undefined/unknown
	Database version: 2.3.232
	Autocommit mode: undefined/unknown
	Isolation level: undefined/unknown
	Minimum pool size: undefined/unknown
	Maximum pool size: undefined/unknown
2025-05-04T21:36:41.886+09:00  INFO 28040 --- [MySpringbootLab] [restartedMain] o.h.e.t.j.p.i.JtaPlatformInitiator       : HHH000489: No JTA platform available (set 'hibernate.transaction.jta.platform' to enable JTA platform integration)
2025-05-04T21:36:41.891+09:00  INFO 28040 --- [MySpringbootLab] [restartedMain] j.LocalContainerEntityManagerFactoryBean : Initialized JPA EntityManagerFactory for persistence unit 'default'
2025-05-04T21:36:41.997+09:00  WARN 28040 --- [MySpringbootLab] [restartedMain] JpaBaseConfiguration$JpaWebConfiguration : spring.jpa.open-in-view is enabled by default. Therefore, database queries may be performed during view rendering. Explicitly configure spring.jpa.open-in-view to disable this warning
2025-05-04T21:36:42.371+09:00  WARN 28040 --- [MySpringbootLab] [restartedMain] ion$DefaultTemplateResolverConfiguration : Cannot find template location: classpath:/templates/ (please add some templates, check your Thymeleaf configuration, or set spring.thymeleaf.check-template-location=false)
2025-05-04T21:36:42.720+09:00  INFO 28040 --- [MySpringbootLab] [restartedMain] o.s.b.a.h.H2ConsoleAutoConfiguration     : H2 console available at '/h2-console'. Database available at 'jdbc:h2:mem:1f4c5c2f-9844-4f2d-8068-5b5fb1a11318'
2025-05-04T21:36:42.795+09:00  INFO 28040 --- [MySpringbootLab] [restartedMain] o.s.b.d.a.OptionalLiveReloadServer       : LiveReload server is running on port 35729
2025-05-04T21:36:42.806+09:00  INFO 28040 --- [MySpringbootLab] [restartedMain] o.s.b.a.e.w.EndpointLinksResolver        : Exposing 1 endpoint beneath base path '/actuator'
2025-05-04T21:36:42.888+09:00  INFO 28040 --- [MySpringbootLab] [restartedMain] o.s.b.w.e.t.TomcatWebServer              : Tomcat started on port 8080 (http) with context path '/'
2025-05-04T21:36:42.903+09:00  INFO 28040 --- [MySpringbootLab] [restartedMain] c.r.m.MySpringbootLabApplication         : Started MySpringbootLabApplication in 4.877 seconds (process running for 5.691)
2025-05-04T21:36:42.938+09:00  INFO 28040 --- [MySpringbootLab] [restartedMain] c.r.m.r.MyPropRunner                     : username: springboot
2025-05-04T21:36:42.939+09:00  INFO 28040 --- [MySpringbootLab] [restartedMain] c.r.m.r.MyPropRunner                     : 현재 실행 환경: 운영환경
2025-05-04T21:38:05.215+09:00  INFO 28040 --- [MySpringbootLab] [SpringApplicationShutdownHook] o.s.b.w.e.t.GracefulShutdown             : Commencing graceful shutdown. Waiting for active requests to complete
2025-05-04T21:38:05.389+09:00  INFO 28040 --- [MySpringbootLab] [tomcat-shutdown] o.s.b.w.e.t.GracefulShutdown             : Graceful shutdown complete
2025-05-04T21:38:05.394+09:00  INFO 28040 --- [MySpringbootLab] [SpringApplicationShutdownHook] j.LocalContainerEntityManagerFactoryBean : Closing JPA EntityManagerFactory for persistence unit 'default'
2025-05-04T21:38:05.400+09:00  WARN 28040 --- [MySpringbootLab] [SpringApplicationShutdownHook] o.s.b.f.s.DisposableBeanAdapter          : Invocation of destroy method failed on bean with name 'inMemoryDatabaseShutdownExecutor': org.h2.jdbc.JdbcSQLNonTransientConnectionException: Database is already closed (to disable automatic closing at VM shutdown, add ";DB_CLOSE_ON_EXIT=FALSE" to the db URL) [90121-232]
2025-05-04T21:38:05.401+09:00  INFO 28040 --- [MySpringbootLab] [SpringApplicationShutdownHook] c.z.h.HikariDataSource                   : HikariPool-1 - Shutdown initiated...
2025-05-04T21:38:05.403+09:00  INFO 28040 --- [MySpringbootLab] [SpringApplicationShutdownHook] c.z.h.HikariDataSource                   : HikariPool-1 - Shutdown completed.
2025-05-04T21:38:07.711+09:00  INFO 29512 --- [MySpringbootLab] [restartedMain] c.r.m.MySpringbootLabApplication         : Starting MySpringbootLabApplication using Java 17.0.2 with PID 29512 (C:\mybackend\MySpringbootLab\MySpringbootLab\target\classes started by pshcc in C:\mybackend\MySpringbootLab)
2025-05-04T21:38:07.716+09:00  INFO 29512 --- [MySpringbootLab] [restartedMain] c.r.m.MySpringbootLabApplication         : The following 1 profile is active: "prod"
2025-05-04T21:38:07.763+09:00  INFO 29512 --- [MySpringbootLab] [restartedMain] .e.DevToolsPropertyDefaultsPostProcessor : Devtools property defaults active! Set 'spring.devtools.add-properties' to 'false' to disable
2025-05-04T21:38:07.763+09:00  INFO 29512 --- [MySpringbootLab] [restartedMain] .e.DevToolsPropertyDefaultsPostProcessor : For additional web related logging consider setting the 'logging.level.web' property to 'DEBUG'
2025-05-04T21:38:08.859+09:00  INFO 29512 --- [MySpringbootLab] [restartedMain] .s.d.r.c.RepositoryConfigurationDelegate : Bootstrapping Spring Data JPA repositories in DEFAULT mode.
2025-05-04T21:38:08.882+09:00  INFO 29512 --- [MySpringbootLab] [restartedMain] .s.d.r.c.RepositoryConfigurationDelegate : Finished Spring Data repository scanning in 13 ms. Found 0 JPA repository interfaces.
2025-05-04T21:38:09.888+09:00  INFO 29512 --- [MySpringbootLab] [restartedMain] o.s.b.w.e.t.TomcatWebServer              : Tomcat initialized with port 8080 (http)
2025-05-04T21:38:09.905+09:00  INFO 29512 --- [MySpringbootLab] [restartedMain] o.a.c.c.StandardService                  : Starting service [Tomcat]
2025-05-04T21:38:09.907+09:00  INFO 29512 --- [MySpringbootLab] [restartedMain] o.a.c.c.StandardEngine                   : Starting Servlet engine: [Apache Tomcat/10.1.40]
2025-05-04T21:38:09.986+09:00  INFO 29512 --- [MySpringbootLab] [restartedMain] o.a.c.c.C.[.[.[/]                        : Initializing Spring embedded WebApplicationContext
2025-05-04T21:38:09.988+09:00  INFO 29512 --- [MySpringbootLab] [restartedMain] w.s.c.ServletWebServerApplicationContext : Root WebApplicationContext: initialization completed in 2222 ms
2025-05-04T21:38:10.370+09:00  INFO 29512 --- [MySpringbootLab] [restartedMain] c.z.h.HikariDataSource                   : HikariPool-1 - Starting...
2025-05-04T21:38:10.572+09:00  INFO 29512 --- [MySpringbootLab] [restartedMain] c.z.h.p.HikariPool                       : HikariPool-1 - Added connection conn0: url=jdbc:h2:mem:79a76918-1eb2-4df3-b18e-1ce131a45ffe user=SA
2025-05-04T21:38:10.574+09:00  INFO 29512 --- [MySpringbootLab] [restartedMain] c.z.h.HikariDataSource                   : HikariPool-1 - Start completed.
2025-05-04T21:38:10.631+09:00  INFO 29512 --- [MySpringbootLab] [restartedMain] o.h.j.i.u.LogHelper                      : HHH000204: Processing PersistenceUnitInfo [name: default]
2025-05-04T21:38:10.708+09:00  INFO 29512 --- [MySpringbootLab] [restartedMain] o.h.Version                              : HHH000412: Hibernate ORM core version 6.6.13.Final
2025-05-04T21:38:10.752+09:00  INFO 29512 --- [MySpringbootLab] [restartedMain] o.h.c.i.RegionFactoryInitiator           : HHH000026: Second-level cache disabled
2025-05-04T21:38:11.061+09:00  INFO 29512 --- [MySpringbootLab] [restartedMain] o.s.o.j.p.SpringPersistenceUnitInfo      : No LoadTimeWeaver setup: ignoring JPA class transformer
2025-05-04T21:38:11.148+09:00  INFO 29512 --- [MySpringbootLab] [restartedMain] o.h.o.c.pooling                          : HHH10001005: Database info:
	Database JDBC URL [Connecting through datasource 'HikariDataSource (HikariPool-1)']
	Database driver: undefined/unknown
	Database version: 2.3.232
	Autocommit mode: undefined/unknown
	Isolation level: undefined/unknown
	Minimum pool size: undefined/unknown
	Maximum pool size: undefined/unknown
2025-05-04T21:38:11.528+09:00  INFO 29512 --- [MySpringbootLab] [restartedMain] o.h.e.t.j.p.i.JtaPlatformInitiator       : HHH000489: No JTA platform available (set 'hibernate.transaction.jta.platform' to enable JTA platform integration)
2025-05-04T21:38:11.533+09:00  INFO 29512 --- [MySpringbootLab] [restartedMain] j.LocalContainerEntityManagerFactoryBean : Initialized JPA EntityManagerFactory for persistence unit 'default'
2025-05-04T21:38:11.650+09:00  WARN 29512 --- [MySpringbootLab] [restartedMain] JpaBaseConfiguration$JpaWebConfiguration : spring.jpa.open-in-view is enabled by default. Therefore, database queries may be performed during view rendering. Explicitly configure spring.jpa.open-in-view to disable this warning
2025-05-04T21:38:12.132+09:00  WARN 29512 --- [MySpringbootLab] [restartedMain] ion$DefaultTemplateResolverConfiguration : Cannot find template location: classpath:/templates/ (please add some templates, check your Thymeleaf configuration, or set spring.thymeleaf.check-template-location=false)
2025-05-04T21:38:12.487+09:00  INFO 29512 --- [MySpringbootLab] [restartedMain] o.s.b.a.h.H2ConsoleAutoConfiguration     : H2 console available at '/h2-console'. Database available at 'jdbc:h2:mem:79a76918-1eb2-4df3-b18e-1ce131a45ffe'
2025-05-04T21:38:12.556+09:00  INFO 29512 --- [MySpringbootLab] [restartedMain] o.s.b.d.a.OptionalLiveReloadServer       : LiveReload server is running on port 35729
2025-05-04T21:38:12.567+09:00  INFO 29512 --- [MySpringbootLab] [restartedMain] o.s.b.a.e.w.EndpointLinksResolver        : Exposing 1 endpoint beneath base path '/actuator'
2025-05-04T21:38:12.648+09:00  INFO 29512 --- [MySpringbootLab] [restartedMain] o.s.b.w.e.t.TomcatWebServer              : Tomcat started on port 8080 (http) with context path '/'
2025-05-04T21:38:12.663+09:00  INFO 29512 --- [MySpringbootLab] [restartedMain] c.r.m.MySpringbootLabApplication         : Started MySpringbootLabApplication in 5.455 seconds (process running for 6.438)
2025-05-04T21:38:12.700+09:00  INFO 29512 --- [MySpringbootLab] [restartedMain] c.r.m.r.MyPropRunner                     : username: springboot
2025-05-04T21:38:12.700+09:00  INFO 29512 --- [MySpringbootLab] [restartedMain] c.r.m.r.MyPropRunner                     : 현재 실행 환경: 운영환경
2025-05-04T21:39:00.470+09:00  INFO 29512 --- [MySpringbootLab] [SpringApplicationShutdownHook] o.s.b.w.e.t.GracefulShutdown             : Commencing graceful shutdown. Waiting for active requests to complete
2025-05-04T21:39:00.630+09:00  INFO 29512 --- [MySpringbootLab] [tomcat-shutdown] o.s.b.w.e.t.GracefulShutdown             : Graceful shutdown complete
2025-05-04T21:39:00.635+09:00  INFO 29512 --- [MySpringbootLab] [SpringApplicationShutdownHook] j.LocalContainerEntityManagerFactoryBean : Closing JPA EntityManagerFactory for persistence unit 'default'
2025-05-04T21:39:00.641+09:00  WARN 29512 --- [MySpringbootLab] [SpringApplicationShutdownHook] o.s.b.f.s.DisposableBeanAdapter          : Invocation of destroy method failed on bean with name 'inMemoryDatabaseShutdownExecutor': org.h2.jdbc.JdbcSQLNonTransientConnectionException: Database is already closed (to disable automatic closing at VM shutdown, add ";DB_CLOSE_ON_EXIT=FALSE" to the db URL) [90121-232]
2025-05-04T21:39:00.642+09:00  INFO 29512 --- [MySpringbootLab] [SpringApplicationShutdownHook] c.z.h.HikariDataSource                   : HikariPool-1 - Shutdown initiated...
2025-05-04T21:39:00.643+09:00  INFO 29512 --- [MySpringbootLab] [SpringApplicationShutdownHook] c.z.h.HikariDataSource                   : HikariPool-1 - Shutdown completed.
2025-05-04T21:39:02.798+09:00  INFO 24632 --- [MySpringbootLab] [restartedMain] c.r.m.MySpringbootLabApplication         : Starting MySpringbootLabApplication using Java 17.0.2 with PID 24632 (C:\mybackend\MySpringbootLab\MySpringbootLab\target\classes started by pshcc in C:\mybackend\MySpringbootLab)
2025-05-04T21:39:02.803+09:00  INFO 24632 --- [MySpringbootLab] [restartedMain] c.r.m.MySpringbootLabApplication         : The following 1 profile is active: "prod"
2025-05-04T21:39:02.847+09:00  INFO 24632 --- [MySpringbootLab] [restartedMain] .e.DevToolsPropertyDefaultsPostProcessor : Devtools property defaults active! Set 'spring.devtools.add-properties' to 'false' to disable
2025-05-04T21:39:02.847+09:00  INFO 24632 --- [MySpringbootLab] [restartedMain] .e.DevToolsPropertyDefaultsPostProcessor : For additional web related logging consider setting the 'logging.level.web' property to 'DEBUG'
2025-05-04T21:39:03.824+09:00  INFO 24632 --- [MySpringbootLab] [restartedMain] .s.d.r.c.RepositoryConfigurationDelegate : Bootstrapping Spring Data JPA repositories in DEFAULT mode.
2025-05-04T21:39:03.847+09:00  INFO 24632 --- [MySpringbootLab] [restartedMain] .s.d.r.c.RepositoryConfigurationDelegate : Finished Spring Data repository scanning in 13 ms. Found 0 JPA repository interfaces.
2025-05-04T21:39:04.704+09:00  INFO 24632 --- [MySpringbootLab] [restartedMain] o.s.b.w.e.t.TomcatWebServer              : Tomcat initialized with port 8080 (http)
2025-05-04T21:39:04.721+09:00  INFO 24632 --- [MySpringbootLab] [restartedMain] o.a.c.c.StandardService                  : Starting service [Tomcat]
2025-05-04T21:39:04.722+09:00  INFO 24632 --- [MySpringbootLab] [restartedMain] o.a.c.c.StandardEngine                   : Starting Servlet engine: [Apache Tomcat/10.1.40]
2025-05-04T21:39:04.788+09:00  INFO 24632 --- [MySpringbootLab] [restartedMain] o.a.c.c.C.[.[.[/]                        : Initializing Spring embedded WebApplicationContext
2025-05-04T21:39:04.789+09:00  INFO 24632 --- [MySpringbootLab] [restartedMain] w.s.c.ServletWebServerApplicationContext : Root WebApplicationContext: initialization completed in 1940 ms
2025-05-04T21:39:05.098+09:00  INFO 24632 --- [MySpringbootLab] [restartedMain] c.z.h.HikariDataSource                   : HikariPool-1 - Starting...
2025-05-04T21:39:05.274+09:00  INFO 24632 --- [MySpringbootLab] [restartedMain] c.z.h.p.HikariPool                       : HikariPool-1 - Added connection conn0: url=jdbc:h2:mem:cd9287d2-6096-4da5-b2d6-2a9d07f0fd6d user=SA
2025-05-04T21:39:05.276+09:00  INFO 24632 --- [MySpringbootLab] [restartedMain] c.z.h.HikariDataSource                   : HikariPool-1 - Start completed.
2025-05-04T21:39:05.318+09:00  INFO 24632 --- [MySpringbootLab] [restartedMain] o.h.j.i.u.LogHelper                      : HHH000204: Processing PersistenceUnitInfo [name: default]
2025-05-04T21:39:05.378+09:00  INFO 24632 --- [MySpringbootLab] [restartedMain] o.h.Version                              : HHH000412: Hibernate ORM core version 6.6.13.Final
2025-05-04T21:39:05.415+09:00  INFO 24632 --- [MySpringbootLab] [restartedMain] o.h.c.i.RegionFactoryInitiator           : HHH000026: Second-level cache disabled
2025-05-04T21:39:05.664+09:00  INFO 24632 --- [MySpringbootLab] [restartedMain] o.s.o.j.p.SpringPersistenceUnitInfo      : No LoadTimeWeaver setup: ignoring JPA class transformer
2025-05-04T21:39:05.739+09:00  INFO 24632 --- [MySpringbootLab] [restartedMain] o.h.o.c.pooling                          : HHH10001005: Database info:
	Database JDBC URL [Connecting through datasource 'HikariDataSource (HikariPool-1)']
	Database driver: undefined/unknown
	Database version: 2.3.232
	Autocommit mode: undefined/unknown
	Isolation level: undefined/unknown
	Minimum pool size: undefined/unknown
	Maximum pool size: undefined/unknown
2025-05-04T21:39:06.044+09:00  INFO 24632 --- [MySpringbootLab] [restartedMain] o.h.e.t.j.p.i.JtaPlatformInitiator       : HHH000489: No JTA platform available (set 'hibernate.transaction.jta.platform' to enable JTA platform integration)
2025-05-04T21:39:06.049+09:00  INFO 24632 --- [MySpringbootLab] [restartedMain] j.LocalContainerEntityManagerFactoryBean : Initialized JPA EntityManagerFactory for persistence unit 'default'
2025-05-04T21:39:06.153+09:00  WARN 24632 --- [MySpringbootLab] [restartedMain] JpaBaseConfiguration$JpaWebConfiguration : spring.jpa.open-in-view is enabled by default. Therefore, database queries may be performed during view rendering. Explicitly configure spring.jpa.open-in-view to disable this warning
2025-05-04T21:39:06.540+09:00  WARN 24632 --- [MySpringbootLab] [restartedMain] ion$DefaultTemplateResolverConfiguration : Cannot find template location: classpath:/templates/ (please add some templates, check your Thymeleaf configuration, or set spring.thymeleaf.check-template-location=false)
2025-05-04T21:39:06.940+09:00  INFO 24632 --- [MySpringbootLab] [restartedMain] o.s.b.a.h.H2ConsoleAutoConfiguration     : H2 console available at '/h2-console'. Database available at 'jdbc:h2:mem:cd9287d2-6096-4da5-b2d6-2a9d07f0fd6d'
2025-05-04T21:39:07.015+09:00  INFO 24632 --- [MySpringbootLab] [restartedMain] o.s.b.d.a.OptionalLiveReloadServer       : LiveReload server is running on port 35729
2025-05-04T21:39:07.027+09:00  INFO 24632 --- [MySpringbootLab] [restartedMain] o.s.b.a.e.w.EndpointLinksResolver        : Exposing 1 endpoint beneath base path '/actuator'
2025-05-04T21:39:07.115+09:00  INFO 24632 --- [MySpringbootLab] [restartedMain] o.s.b.w.e.t.TomcatWebServer              : Tomcat started on port 8080 (http) with context path '/'
2025-05-04T21:39:07.134+09:00  INFO 24632 --- [MySpringbootLab] [restartedMain] c.r.m.MySpringbootLabApplication         : Started MySpringbootLabApplication in 4.81 seconds (process running for 5.627)
2025-05-04T21:39:07.173+09:00  INFO 24632 --- [MySpringbootLab] [restartedMain] c.r.m.r.MyPropRunner                     : username: springboot
2025-05-04T21:39:07.173+09:00  INFO 24632 --- [MySpringbootLab] [restartedMain] c.r.m.r.MyPropRunner                     : 현재 실행 환경: 운영환경
2025-05-04T21:41:29.799+09:00  INFO 24632 --- [MySpringbootLab] [SpringApplicationShutdownHook] o.s.b.w.e.t.GracefulShutdown             : Commencing graceful shutdown. Waiting for active requests to complete
2025-05-04T21:41:29.959+09:00  INFO 24632 --- [MySpringbootLab] [tomcat-shutdown] o.s.b.w.e.t.GracefulShutdown             : Graceful shutdown complete
2025-05-04T21:41:29.964+09:00  INFO 24632 --- [MySpringbootLab] [SpringApplicationShutdownHook] j.LocalContainerEntityManagerFactoryBean : Closing JPA EntityManagerFactory for persistence unit 'default'
2025-05-04T21:41:29.970+09:00  WARN 24632 --- [MySpringbootLab] [SpringApplicationShutdownHook] o.s.b.f.s.DisposableBeanAdapter          : Invocation of destroy method failed on bean with name 'inMemoryDatabaseShutdownExecutor': org.h2.jdbc.JdbcSQLNonTransientConnectionException: Database is already closed (to disable automatic closing at VM shutdown, add ";DB_CLOSE_ON_EXIT=FALSE" to the db URL) [90121-232]
2025-05-04T21:41:29.971+09:00  INFO 24632 --- [MySpringbootLab] [SpringApplicationShutdownHook] c.z.h.HikariDataSource                   : HikariPool-1 - Shutdown initiated...
2025-05-04T21:41:29.972+09:00  INFO 24632 --- [MySpringbootLab] [SpringApplicationShutdownHook] c.z.h.HikariDataSource                   : HikariPool-1 - Shutdown completed.
2025-05-04T21:45:57.705+09:00  INFO 2492 --- [MySpringbootLab] [restartedMain] c.r.m.MySpringbootLabApplication         : Starting MySpringbootLabApplication using Java 17.0.2 with PID 2492 (C:\mybackend\MySpringbootLab\MySpringbootLab\target\classes started by pshcc in C:\mybackend\MySpringbootLab)
2025-05-04T21:45:57.710+09:00  INFO 2492 --- [MySpringbootLab] [restartedMain] c.r.m.MySpringbootLabApplication         : The following 1 profile is active: "prod"
2025-05-04T21:45:57.760+09:00  INFO 2492 --- [MySpringbootLab] [restartedMain] .e.DevToolsPropertyDefaultsPostProcessor : Devtools property defaults active! Set 'spring.devtools.add-properties' to 'false' to disable
2025-05-04T21:45:57.761+09:00  INFO 2492 --- [MySpringbootLab] [restartedMain] .e.DevToolsPropertyDefaultsPostProcessor : For additional web related logging consider setting the 'logging.level.web' property to 'DEBUG'
2025-05-04T21:45:58.798+09:00  INFO 2492 --- [MySpringbootLab] [restartedMain] .s.d.r.c.RepositoryConfigurationDelegate : Bootstrapping Spring Data JPA repositories in DEFAULT mode.
2025-05-04T21:45:58.822+09:00  INFO 2492 --- [MySpringbootLab] [restartedMain] .s.d.r.c.RepositoryConfigurationDelegate : Finished Spring Data repository scanning in 14 ms. Found 0 JPA repository interfaces.
2025-05-04T21:45:59.706+09:00  INFO 2492 --- [MySpringbootLab] [restartedMain] o.s.b.w.e.t.TomcatWebServer              : Tomcat initialized with port 8080 (http)
2025-05-04T21:45:59.786+09:00  INFO 2492 --- [MySpringbootLab] [restartedMain] w.s.c.ServletWebServerApplicationContext : Root WebApplicationContext: initialization completed in 2022 ms
2025-05-04T21:46:00.107+09:00  INFO 2492 --- [MySpringbootLab] [restartedMain] c.z.h.HikariDataSource                   : HikariPool-1 - Starting...
2025-05-04T21:46:00.287+09:00  INFO 2492 --- [MySpringbootLab] [restartedMain] c.z.h.p.HikariPool                       : HikariPool-1 - Added connection conn0: url=jdbc:h2:mem:3a5798be-1a78-4ad1-aef6-2bbae80efd93 user=SA
2025-05-04T21:46:00.289+09:00  INFO 2492 --- [MySpringbootLab] [restartedMain] c.z.h.HikariDataSource                   : HikariPool-1 - Start completed.
2025-05-04T21:46:00.334+09:00  INFO 2492 --- [MySpringbootLab] [restartedMain] o.h.j.i.u.LogHelper                      : HHH000204: Processing PersistenceUnitInfo [name: default]
2025-05-04T21:46:00.393+09:00  INFO 2492 --- [MySpringbootLab] [restartedMain] o.h.Version                              : HHH000412: Hibernate ORM core version 6.6.13.Final
2025-05-04T21:46:00.429+09:00  INFO 2492 --- [MySpringbootLab] [restartedMain] o.h.c.i.RegionFactoryInitiator           : HHH000026: Second-level cache disabled
2025-05-04T21:46:00.700+09:00  INFO 2492 --- [MySpringbootLab] [restartedMain] o.s.o.j.p.SpringPersistenceUnitInfo      : No LoadTimeWeaver setup: ignoring JPA class transformer
2025-05-04T21:46:00.780+09:00  INFO 2492 --- [MySpringbootLab] [restartedMain] o.h.o.c.pooling                          : HHH10001005: Database info:
	Database JDBC URL [Connecting through datasource 'HikariDataSource (HikariPool-1)']
	Database driver: undefined/unknown
	Database version: 2.3.232
	Autocommit mode: undefined/unknown
	Isolation level: undefined/unknown
	Minimum pool size: undefined/unknown
	Maximum pool size: undefined/unknown
2025-05-04T21:46:01.107+09:00  INFO 2492 --- [MySpringbootLab] [restartedMain] o.h.e.t.j.p.i.JtaPlatformInitiator       : HHH000489: No JTA platform available (set 'hibernate.transaction.jta.platform' to enable JTA platform integration)
2025-05-04T21:46:01.112+09:00  INFO 2492 --- [MySpringbootLab] [restartedMain] j.LocalContainerEntityManagerFactoryBean : Initialized JPA EntityManagerFactory for persistence unit 'default'
2025-05-04T21:46:01.231+09:00  WARN 2492 --- [MySpringbootLab] [restartedMain] JpaBaseConfiguration$JpaWebConfiguration : spring.jpa.open-in-view is enabled by default. Therefore, database queries may be performed during view rendering. Explicitly configure spring.jpa.open-in-view to disable this warning
2025-05-04T21:46:01.636+09:00  WARN 2492 --- [MySpringbootLab] [restartedMain] ion$DefaultTemplateResolverConfiguration : Cannot find template location: classpath:/templates/ (please add some templates, check your Thymeleaf configuration, or set spring.thymeleaf.check-template-location=false)
2025-05-04T21:46:01.998+09:00  INFO 2492 --- [MySpringbootLab] [restartedMain] o.s.b.a.h.H2ConsoleAutoConfiguration     : H2 console available at '/h2-console'. Database available at 'jdbc:h2:mem:3a5798be-1a78-4ad1-aef6-2bbae80efd93'
2025-05-04T21:46:02.067+09:00  INFO 2492 --- [MySpringbootLab] [restartedMain] o.s.b.d.a.OptionalLiveReloadServer       : LiveReload server is running on port 35729
2025-05-04T21:46:02.076+09:00  INFO 2492 --- [MySpringbootLab] [restartedMain] o.s.b.a.e.w.EndpointLinksResolver        : Exposing 1 endpoint beneath base path '/actuator'
2025-05-04T21:46:02.150+09:00  INFO 2492 --- [MySpringbootLab] [restartedMain] o.s.b.w.e.t.TomcatWebServer              : Tomcat started on port 8080 (http) with context path '/'
2025-05-04T21:46:02.164+09:00  INFO 2492 --- [MySpringbootLab] [restartedMain] c.r.m.MySpringbootLabApplication         : Started MySpringbootLabApplication in 4.914 seconds (process running for 5.699)
2025-05-04T21:46:02.166+09:00  INFO 2492 --- [MySpringbootLab] [SpringApplicationShutdownHook] o.s.b.w.e.t.GracefulShutdown             : Commencing graceful shutdown. Waiting for active requests to complete
2025-05-04T21:46:02.196+09:00  INFO 2492 --- [MySpringbootLab] [restartedMain] c.r.m.r.MyPropRunner                     : username: springboot
2025-05-04T21:46:02.196+09:00  INFO 2492 --- [MySpringbootLab] [restartedMain] c.r.m.r.MyPropRunner                     : 현재 실행 환경: 운영환경
2025-05-04T21:46:02.348+09:00  INFO 2492 --- [MySpringbootLab] [tomcat-shutdown] o.s.b.w.e.t.GracefulShutdown             : Graceful shutdown complete
2025-05-04T21:46:02.353+09:00  INFO 2492 --- [MySpringbootLab] [SpringApplicationShutdownHook] j.LocalContainerEntityManagerFactoryBean : Closing JPA EntityManagerFactory for persistence unit 'default'
2025-05-04T21:46:02.359+09:00  WARN 2492 --- [MySpringbootLab] [SpringApplicationShutdownHook] o.s.b.f.s.DisposableBeanAdapter          : Invocation of destroy method failed on bean with name 'inMemoryDatabaseShutdownExecutor': org.h2.jdbc.JdbcSQLNonTransientConnectionException: Database is already closed (to disable automatic closing at VM shutdown, add ";DB_CLOSE_ON_EXIT=FALSE" to the db URL) [90121-232]
2025-05-04T21:46:02.360+09:00  INFO 2492 --- [MySpringbootLab] [SpringApplicationShutdownHook] c.z.h.HikariDataSource                   : HikariPool-1 - Shutdown initiated...
2025-05-04T21:46:02.362+09:00  INFO 2492 --- [MySpringbootLab] [SpringApplicationShutdownHook] c.z.h.HikariDataSource                   : HikariPool-1 - Shutdown completed.
2025-05-04T21:46:14.490+09:00  INFO 28608 --- [MySpringbootLab] [restartedMain] c.r.m.MySpringbootLabApplication         : Starting MySpringbootLabApplication using Java 17.0.2 with PID 28608 (C:\mybackend\MySpringbootLab\MySpringbootLab\target\classes started by pshcc in C:\mybackend\MySpringbootLab)
2025-05-04T21:46:14.495+09:00  INFO 28608 --- [MySpringbootLab] [restartedMain] c.r.m.MySpringbootLabApplication         : The following 1 profile is active: "prod"
2025-05-04T21:46:14.539+09:00  INFO 28608 --- [MySpringbootLab] [restartedMain] .e.DevToolsPropertyDefaultsPostProcessor : Devtools property defaults active! Set 'spring.devtools.add-properties' to 'false' to disable
2025-05-04T21:46:14.539+09:00  INFO 28608 --- [MySpringbootLab] [restartedMain] .e.DevToolsPropertyDefaultsPostProcessor : For additional web related logging consider setting the 'logging.level.web' property to 'DEBUG'
2025-05-04T21:46:15.534+09:00  INFO 28608 --- [MySpringbootLab] [restartedMain] .s.d.r.c.RepositoryConfigurationDelegate : Bootstrapping Spring Data JPA repositories in DEFAULT mode.
2025-05-04T21:46:15.557+09:00  INFO 28608 --- [MySpringbootLab] [restartedMain] .s.d.r.c.RepositoryConfigurationDelegate : Finished Spring Data repository scanning in 14 ms. Found 0 JPA repository interfaces.
2025-05-04T21:46:16.456+09:00  INFO 28608 --- [MySpringbootLab] [restartedMain] o.s.b.w.e.t.TomcatWebServer              : Tomcat initialized with port 8080 (http)
2025-05-04T21:46:16.475+09:00  INFO 28608 --- [MySpringbootLab] [restartedMain] o.a.c.c.StandardService                  : Starting service [Tomcat]
2025-05-04T21:46:16.476+09:00  INFO 28608 --- [MySpringbootLab] [restartedMain] o.a.c.c.StandardEngine                   : Starting Servlet engine: [Apache Tomcat/10.1.40]
2025-05-04T21:46:16.551+09:00  INFO 28608 --- [MySpringbootLab] [restartedMain] o.a.c.c.C.[.[.[/]                        : Initializing Spring embedded WebApplicationContext
2025-05-04T21:46:16.553+09:00  INFO 28608 --- [MySpringbootLab] [restartedMain] w.s.c.ServletWebServerApplicationContext : Root WebApplicationContext: initialization completed in 2011 ms
2025-05-04T21:46:16.912+09:00  INFO 28608 --- [MySpringbootLab] [restartedMain] c.z.h.HikariDataSource                   : HikariPool-1 - Starting...
2025-05-04T21:46:17.122+09:00  INFO 28608 --- [MySpringbootLab] [restartedMain] c.z.h.p.HikariPool                       : HikariPool-1 - Added connection conn0: url=jdbc:h2:mem:5d889f77-93e8-4c22-9ea4-6b516b78d131 user=SA
2025-05-04T21:46:17.125+09:00  INFO 28608 --- [MySpringbootLab] [restartedMain] c.z.h.HikariDataSource                   : HikariPool-1 - Start completed.
2025-05-04T21:46:17.172+09:00  INFO 28608 --- [MySpringbootLab] [restartedMain] o.h.j.i.u.LogHelper                      : HHH000204: Processing PersistenceUnitInfo [name: default]
2025-05-04T21:46:17.236+09:00  INFO 28608 --- [MySpringbootLab] [restartedMain] o.h.Version                              : HHH000412: Hibernate ORM core version 6.6.13.Final
2025-05-04T21:46:17.279+09:00  INFO 28608 --- [MySpringbootLab] [restartedMain] o.h.c.i.RegionFactoryInitiator           : HHH000026: Second-level cache disabled
2025-05-04T21:46:17.554+09:00  INFO 28608 --- [MySpringbootLab] [restartedMain] o.s.o.j.p.SpringPersistenceUnitInfo      : No LoadTimeWeaver setup: ignoring JPA class transformer
2025-05-04T21:46:17.630+09:00  INFO 28608 --- [MySpringbootLab] [restartedMain] o.h.o.c.pooling                          : HHH10001005: Database info:
	Database JDBC URL [Connecting through datasource 'HikariDataSource (HikariPool-1)']
	Database driver: undefined/unknown
	Database version: 2.3.232
	Autocommit mode: undefined/unknown
	Isolation level: undefined/unknown
	Minimum pool size: undefined/unknown
	Maximum pool size: undefined/unknown
2025-05-04T21:46:17.971+09:00  INFO 28608 --- [MySpringbootLab] [restartedMain] o.h.e.t.j.p.i.JtaPlatformInitiator       : HHH000489: No JTA platform available (set 'hibernate.transaction.jta.platform' to enable JTA platform integration)
2025-05-04T21:46:17.976+09:00  INFO 28608 --- [MySpringbootLab] [restartedMain] j.LocalContainerEntityManagerFactoryBean : Initialized JPA EntityManagerFactory for persistence unit 'default'
2025-05-04T21:46:18.102+09:00  WARN 28608 --- [MySpringbootLab] [restartedMain] JpaBaseConfiguration$JpaWebConfiguration : spring.jpa.open-in-view is enabled by default. Therefore, database queries may be performed during view rendering. Explicitly configure spring.jpa.open-in-view to disable this warning
2025-05-04T21:46:18.576+09:00  WARN 28608 --- [MySpringbootLab] [restartedMain] ion$DefaultTemplateResolverConfiguration : Cannot find template location: classpath:/templates/ (please add some templates, check your Thymeleaf configuration, or set spring.thymeleaf.check-template-location=false)
2025-05-04T21:46:18.988+09:00  INFO 28608 --- [MySpringbootLab] [restartedMain] o.s.b.a.h.H2ConsoleAutoConfiguration     : H2 console available at '/h2-console'. Database available at 'jdbc:h2:mem:5d889f77-93e8-4c22-9ea4-6b516b78d131'
2025-05-04T21:46:19.074+09:00  INFO 28608 --- [MySpringbootLab] [restartedMain] o.s.b.d.a.OptionalLiveReloadServer       : LiveReload server is running on port 35729
2025-05-04T21:46:19.087+09:00  INFO 28608 --- [MySpringbootLab] [restartedMain] o.s.b.a.e.w.EndpointLinksResolver        : Exposing 1 endpoint beneath base path '/actuator'
2025-05-04T21:46:19.197+09:00  INFO 28608 --- [MySpringbootLab] [restartedMain] o.s.b.w.e.t.TomcatWebServer              : Tomcat started on port 8080 (http) with context path '/'
2025-05-04T21:46:19.216+09:00  INFO 28608 --- [MySpringbootLab] [restartedMain] c.r.m.MySpringbootLabApplication         : Started MySpringbootLabApplication in 5.184 seconds (process running for 5.964)
2025-05-04T21:46:19.252+09:00  INFO 28608 --- [MySpringbootLab] [restartedMain] c.r.m.r.MyPropRunner                     : username: springboot
2025-05-04T21:46:19.252+09:00  INFO 28608 --- [MySpringbootLab] [restartedMain] c.r.m.r.MyPropRunner                     : 현재 실행 환경: 운영환경
2025-05-04T21:47:31.497+09:00  INFO 28608 --- [MySpringbootLab] [SpringApplicationShutdownHook] o.s.b.w.e.t.GracefulShutdown             : Commencing graceful shutdown. Waiting for active requests to complete
2025-05-04T21:47:31.667+09:00  INFO 28608 --- [MySpringbootLab] [tomcat-shutdown] o.s.b.w.e.t.GracefulShutdown             : Graceful shutdown complete
2025-05-04T21:47:31.672+09:00  INFO 28608 --- [MySpringbootLab] [SpringApplicationShutdownHook] j.LocalContainerEntityManagerFactoryBean : Closing JPA EntityManagerFactory for persistence unit 'default'
2025-05-04T21:47:31.679+09:00  WARN 28608 --- [MySpringbootLab] [SpringApplicationShutdownHook] o.s.b.f.s.DisposableBeanAdapter          : Invocation of destroy method failed on bean with name 'inMemoryDatabaseShutdownExecutor': org.h2.jdbc.JdbcSQLNonTransientConnectionException: Database is already closed (to disable automatic closing at VM shutdown, add ";DB_CLOSE_ON_EXIT=FALSE" to the db URL) [90121-232]
2025-05-04T21:47:31.682+09:00  INFO 28608 --- [MySpringbootLab] [SpringApplicationShutdownHook] c.z.h.HikariDataSource                   : HikariPool-1 - Shutdown initiated...
2025-05-04T21:47:31.685+09:00  INFO 28608 --- [MySpringbootLab] [SpringApplicationShutdownHook] c.z.h.HikariDataSource                   : HikariPool-1 - Shutdown completed.
2025-05-04T21:47:47.271+09:00  INFO 20032 --- [MySpringbootLab] [restartedMain] c.r.m.MySpringbootLabApplication         : Starting MySpringbootLabApplication using Java 17.0.2 with PID 20032 (C:\mybackend\MySpringbootLab\MySpringbootLab\target\classes started by pshcc in C:\mybackend\MySpringbootLab)
2025-05-04T21:47:47.275+09:00  INFO 20032 --- [MySpringbootLab] [restartedMain] c.r.m.MySpringbootLabApplication         : The following 1 profile is active: "prod"
2025-05-04T21:47:47.319+09:00  INFO 20032 --- [MySpringbootLab] [restartedMain] .e.DevToolsPropertyDefaultsPostProcessor : Devtools property defaults active! Set 'spring.devtools.add-properties' to 'false' to disable
2025-05-04T21:47:47.320+09:00  INFO 20032 --- [MySpringbootLab] [restartedMain] .e.DevToolsPropertyDefaultsPostProcessor : For additional web related logging consider setting the 'logging.level.web' property to 'DEBUG'
2025-05-04T21:47:48.345+09:00  INFO 20032 --- [MySpringbootLab] [restartedMain] .s.d.r.c.RepositoryConfigurationDelegate : Bootstrapping Spring Data JPA repositories in DEFAULT mode.
2025-05-04T21:47:48.374+09:00  INFO 20032 --- [MySpringbootLab] [restartedMain] .s.d.r.c.RepositoryConfigurationDelegate : Finished Spring Data repository scanning in 18 ms. Found 0 JPA repository interfaces.
2025-05-04T21:47:49.289+09:00  INFO 20032 --- [MySpringbootLab] [restartedMain] o.s.b.w.e.t.TomcatWebServer              : Tomcat initialized with port 8080 (http)
2025-05-04T21:47:49.306+09:00  INFO 20032 --- [MySpringbootLab] [restartedMain] o.a.c.c.StandardService                  : Starting service [Tomcat]
2025-05-04T21:47:49.308+09:00  INFO 20032 --- [MySpringbootLab] [restartedMain] o.a.c.c.StandardEngine                   : Starting Servlet engine: [Apache Tomcat/10.1.40]
2025-05-04T21:47:49.371+09:00  INFO 20032 --- [MySpringbootLab] [restartedMain] o.a.c.c.C.[.[.[/]                        : Initializing Spring embedded WebApplicationContext
2025-05-04T21:47:49.373+09:00  INFO 20032 --- [MySpringbootLab] [restartedMain] w.s.c.ServletWebServerApplicationContext : Root WebApplicationContext: initialization completed in 2051 ms
2025-05-04T21:47:49.680+09:00  INFO 20032 --- [MySpringbootLab] [restartedMain] c.z.h.HikariDataSource                   : HikariPool-1 - Starting...
2025-05-04T21:47:49.860+09:00  INFO 20032 --- [MySpringbootLab] [restartedMain] c.z.h.p.HikariPool                       : HikariPool-1 - Added connection conn0: url=jdbc:h2:mem:5253d80b-95b8-4fa0-add6-ff0808f3bef9 user=SA
2025-05-04T21:47:49.862+09:00  INFO 20032 --- [MySpringbootLab] [restartedMain] c.z.h.HikariDataSource                   : HikariPool-1 - Start completed.
2025-05-04T21:47:49.906+09:00  INFO 20032 --- [MySpringbootLab] [restartedMain] o.h.j.i.u.LogHelper                      : HHH000204: Processing PersistenceUnitInfo [name: default]
2025-05-04T21:47:49.961+09:00  INFO 20032 --- [MySpringbootLab] [restartedMain] o.h.Version                              : HHH000412: Hibernate ORM core version 6.6.13.Final
2025-05-04T21:47:49.997+09:00  INFO 20032 --- [MySpringbootLab] [restartedMain] o.h.c.i.RegionFactoryInitiator           : HHH000026: Second-level cache disabled
2025-05-04T21:47:50.256+09:00  INFO 20032 --- [MySpringbootLab] [restartedMain] o.s.o.j.p.SpringPersistenceUnitInfo      : No LoadTimeWeaver setup: ignoring JPA class transformer
2025-05-04T21:47:50.334+09:00  INFO 20032 --- [MySpringbootLab] [restartedMain] o.h.o.c.pooling                          : HHH10001005: Database info:
	Database JDBC URL [Connecting through datasource 'HikariDataSource (HikariPool-1)']
	Database driver: undefined/unknown
	Database version: 2.3.232
	Autocommit mode: undefined/unknown
	Isolation level: undefined/unknown
	Minimum pool size: undefined/unknown
	Maximum pool size: undefined/unknown
2025-05-04T21:47:50.657+09:00  INFO 20032 --- [MySpringbootLab] [restartedMain] o.h.e.t.j.p.i.JtaPlatformInitiator       : HHH000489: No JTA platform available (set 'hibernate.transaction.jta.platform' to enable JTA platform integration)
2025-05-04T21:47:50.661+09:00  INFO 20032 --- [MySpringbootLab] [restartedMain] j.LocalContainerEntityManagerFactoryBean : Initialized JPA EntityManagerFactory for persistence unit 'default'
2025-05-04T21:47:50.759+09:00  WARN 20032 --- [MySpringbootLab] [restartedMain] JpaBaseConfiguration$JpaWebConfiguration : spring.jpa.open-in-view is enabled by default. Therefore, database queries may be performed during view rendering. Explicitly configure spring.jpa.open-in-view to disable this warning
2025-05-04T21:47:51.170+09:00  WARN 20032 --- [MySpringbootLab] [restartedMain] ion$DefaultTemplateResolverConfiguration : Cannot find template location: classpath:/templates/ (please add some templates, check your Thymeleaf configuration, or set spring.thymeleaf.check-template-location=false)
2025-05-04T21:47:51.549+09:00  INFO 20032 --- [MySpringbootLab] [restartedMain] o.s.b.a.h.H2ConsoleAutoConfiguration     : H2 console available at '/h2-console'. Database available at 'jdbc:h2:mem:5253d80b-95b8-4fa0-add6-ff0808f3bef9'
2025-05-04T21:47:51.621+09:00  INFO 20032 --- [MySpringbootLab] [restartedMain] o.s.b.d.a.OptionalLiveReloadServer       : LiveReload server is running on port 35729
2025-05-04T21:47:51.633+09:00  INFO 20032 --- [MySpringbootLab] [restartedMain] o.s.b.a.e.w.EndpointLinksResolver        : Exposing 1 endpoint beneath base path '/actuator'
2025-05-04T21:47:51.722+09:00  INFO 20032 --- [MySpringbootLab] [restartedMain] o.s.b.w.e.t.TomcatWebServer              : Tomcat started on port 8080 (http) with context path '/'
2025-05-04T21:47:51.738+09:00  INFO 20032 --- [MySpringbootLab] [restartedMain] c.r.m.MySpringbootLabApplication         : Started MySpringbootLabApplication in 4.986 seconds (process running for 5.769)
2025-05-04T21:47:51.777+09:00  INFO 20032 --- [MySpringbootLab] [restartedMain] c.r.m.r.MyPropRunner                     : username: springboot
2025-05-04T21:47:51.778+09:00  INFO 20032 --- [MySpringbootLab] [restartedMain] c.r.m.r.MyPropRunner                     : 현재 실행 환경: 운영환경
2025-05-04T21:48:14.823+09:00  INFO 20032 --- [MySpringbootLab] [SpringApplicationShutdownHook] o.s.b.w.e.t.GracefulShutdown             : Commencing graceful shutdown. Waiting for active requests to complete
2025-05-04T21:48:15.013+09:00  INFO 20032 --- [MySpringbootLab] [tomcat-shutdown] o.s.b.w.e.t.GracefulShutdown             : Graceful shutdown complete
2025-05-04T21:48:15.019+09:00  INFO 20032 --- [MySpringbootLab] [SpringApplicationShutdownHook] j.LocalContainerEntityManagerFactoryBean : Closing JPA EntityManagerFactory for persistence unit 'default'
2025-05-04T21:48:15.024+09:00  WARN 20032 --- [MySpringbootLab] [SpringApplicationShutdownHook] o.s.b.f.s.DisposableBeanAdapter          : Invocation of destroy method failed on bean with name 'inMemoryDatabaseShutdownExecutor': org.h2.jdbc.JdbcSQLNonTransientConnectionException: Database is already closed (to disable automatic closing at VM shutdown, add ";DB_CLOSE_ON_EXIT=FALSE" to the db URL) [90121-232]
2025-05-04T21:48:15.025+09:00  INFO 20032 --- [MySpringbootLab] [SpringApplicationShutdownHook] c.z.h.HikariDataSource                   : HikariPool-1 - Shutdown initiated...
2025-05-04T21:48:15.026+09:00  INFO 20032 --- [MySpringbootLab] [SpringApplicationShutdownHook] c.z.h.HikariDataSource                   : HikariPool-1 - Shutdown completed.
2025-05-04T21:48:29.906+09:00  INFO 28200 --- [MySpringbootLab] [restartedMain] c.r.m.MySpringbootLabApplication         : Starting MySpringbootLabApplication using Java 17.0.2 with PID 28200 (C:\mybackend\MySpringbootLab\MySpringbootLab\target\classes started by pshcc in C:\mybackend\MySpringbootLab)
2025-05-04T21:48:29.911+09:00  INFO 28200 --- [MySpringbootLab] [restartedMain] c.r.m.MySpringbootLabApplication         : The following 1 profile is active: "prod"
2025-05-04T21:48:29.955+09:00  INFO 28200 --- [MySpringbootLab] [restartedMain] .e.DevToolsPropertyDefaultsPostProcessor : Devtools property defaults active! Set 'spring.devtools.add-properties' to 'false' to disable
2025-05-04T21:48:29.956+09:00  INFO 28200 --- [MySpringbootLab] [restartedMain] .e.DevToolsPropertyDefaultsPostProcessor : For additional web related logging consider setting the 'logging.level.web' property to 'DEBUG'
2025-05-04T21:48:30.886+09:00  INFO 28200 --- [MySpringbootLab] [restartedMain] .s.d.r.c.RepositoryConfigurationDelegate : Bootstrapping Spring Data JPA repositories in DEFAULT mode.
2025-05-04T21:48:30.917+09:00  INFO 28200 --- [MySpringbootLab] [restartedMain] .s.d.r.c.RepositoryConfigurationDelegate : Finished Spring Data repository scanning in 21 ms. Found 0 JPA repository interfaces.
2025-05-04T21:48:31.930+09:00  INFO 28200 --- [MySpringbootLab] [restartedMain] o.s.b.w.e.t.TomcatWebServer              : Tomcat initialized with port 8080 (http)
2025-05-04T21:48:31.944+09:00  INFO 28200 --- [MySpringbootLab] [restartedMain] o.a.c.c.StandardService                  : Starting service [Tomcat]
2025-05-04T21:48:31.945+09:00  INFO 28200 --- [MySpringbootLab] [restartedMain] o.a.c.c.StandardEngine                   : Starting Servlet engine: [Apache Tomcat/10.1.40]
2025-05-04T21:48:32.016+09:00  INFO 28200 --- [MySpringbootLab] [restartedMain] o.a.c.c.C.[.[.[/]                        : Initializing Spring embedded WebApplicationContext
2025-05-04T21:48:32.018+09:00  INFO 28200 --- [MySpringbootLab] [restartedMain] w.s.c.ServletWebServerApplicationContext : Root WebApplicationContext: initialization completed in 2059 ms
2025-05-04T21:48:32.325+09:00  INFO 28200 --- [MySpringbootLab] [restartedMain] c.z.h.HikariDataSource                   : HikariPool-1 - Starting...
2025-05-04T21:48:32.505+09:00  INFO 28200 --- [MySpringbootLab] [restartedMain] c.z.h.p.HikariPool                       : HikariPool-1 - Added connection conn0: url=jdbc:h2:mem:8cb9bd75-34dd-409b-b412-af535a369c0e user=SA
2025-05-04T21:48:32.507+09:00  INFO 28200 --- [MySpringbootLab] [restartedMain] c.z.h.HikariDataSource                   : HikariPool-1 - Start completed.
2025-05-04T21:48:32.549+09:00  INFO 28200 --- [MySpringbootLab] [restartedMain] o.h.j.i.u.LogHelper                      : HHH000204: Processing PersistenceUnitInfo [name: default]
2025-05-04T21:48:32.614+09:00  INFO 28200 --- [MySpringbootLab] [restartedMain] o.h.Version                              : HHH000412: Hibernate ORM core version 6.6.13.Final
2025-05-04T21:48:32.651+09:00  INFO 28200 --- [MySpringbootLab] [restartedMain] o.h.c.i.RegionFactoryInitiator           : HHH000026: Second-level cache disabled
2025-05-04T21:48:32.909+09:00  INFO 28200 --- [MySpringbootLab] [restartedMain] o.s.o.j.p.SpringPersistenceUnitInfo      : No LoadTimeWeaver setup: ignoring JPA class transformer
2025-05-04T21:48:32.984+09:00  INFO 28200 --- [MySpringbootLab] [restartedMain] o.h.o.c.pooling                          : HHH10001005: Database info:
	Database JDBC URL [Connecting through datasource 'HikariDataSource (HikariPool-1)']
	Database driver: undefined/unknown
	Database version: 2.3.232
	Autocommit mode: undefined/unknown
	Isolation level: undefined/unknown
	Minimum pool size: undefined/unknown
	Maximum pool size: undefined/unknown
2025-05-04T21:48:33.286+09:00  INFO 28200 --- [MySpringbootLab] [restartedMain] o.h.e.t.j.p.i.JtaPlatformInitiator       : HHH000489: No JTA platform available (set 'hibernate.transaction.jta.platform' to enable JTA platform integration)
2025-05-04T21:48:33.291+09:00  INFO 28200 --- [MySpringbootLab] [restartedMain] j.LocalContainerEntityManagerFactoryBean : Initialized JPA EntityManagerFactory for persistence unit 'default'
2025-05-04T21:48:33.390+09:00  WARN 28200 --- [MySpringbootLab] [restartedMain] JpaBaseConfiguration$JpaWebConfiguration : spring.jpa.open-in-view is enabled by default. Therefore, database queries may be performed during view rendering. Explicitly configure spring.jpa.open-in-view to disable this warning
2025-05-04T21:48:33.770+09:00  WARN 28200 --- [MySpringbootLab] [restartedMain] ion$DefaultTemplateResolverConfiguration : Cannot find template location: classpath:/templates/ (please add some templates, check your Thymeleaf configuration, or set spring.thymeleaf.check-template-location=false)
2025-05-04T21:48:34.110+09:00  INFO 28200 --- [MySpringbootLab] [restartedMain] o.s.b.a.h.H2ConsoleAutoConfiguration     : H2 console available at '/h2-console'. Database available at 'jdbc:h2:mem:8cb9bd75-34dd-409b-b412-af535a369c0e'
2025-05-04T21:48:34.176+09:00  INFO 28200 --- [MySpringbootLab] [restartedMain] o.s.b.d.a.OptionalLiveReloadServer       : LiveReload server is running on port 35729
2025-05-04T21:48:34.187+09:00  INFO 28200 --- [MySpringbootLab] [restartedMain] o.s.b.a.e.w.EndpointLinksResolver        : Exposing 1 endpoint beneath base path '/actuator'
2025-05-04T21:48:34.266+09:00  INFO 28200 --- [MySpringbootLab] [restartedMain] o.s.b.w.e.t.TomcatWebServer              : Tomcat started on port 8080 (http) with context path '/'
2025-05-04T21:48:34.280+09:00  INFO 28200 --- [MySpringbootLab] [restartedMain] c.r.m.MySpringbootLabApplication         : Started MySpringbootLabApplication in 4.826 seconds (process running for 5.584)
2025-05-04T21:48:34.312+09:00  INFO 28200 --- [MySpringbootLab] [restartedMain] c.r.m.r.MyPropRunner                     : username: springboot
2025-05-04T21:48:34.312+09:00  INFO 28200 --- [MySpringbootLab] [restartedMain] c.r.m.r.MyPropRunner                     : 현재 실행 환경: 운영환경
2025-05-04T21:48:46.120+09:00  INFO 28200 --- [MySpringbootLab] [SpringApplicationShutdownHook] o.s.b.w.e.t.GracefulShutdown             : Commencing graceful shutdown. Waiting for active requests to complete
2025-05-04T21:48:46.294+09:00  INFO 28200 --- [MySpringbootLab] [tomcat-shutdown] o.s.b.w.e.t.GracefulShutdown             : Graceful shutdown complete
2025-05-04T21:48:46.299+09:00  INFO 28200 --- [MySpringbootLab] [SpringApplicationShutdownHook] j.LocalContainerEntityManagerFactoryBean : Closing JPA EntityManagerFactory for persistence unit 'default'
2025-05-04T21:48:46.305+09:00  WARN 28200 --- [MySpringbootLab] [SpringApplicationShutdownHook] o.s.b.f.s.DisposableBeanAdapter          : Invocation of destroy method failed on bean with name 'inMemoryDatabaseShutdownExecutor': org.h2.jdbc.JdbcSQLNonTransientConnectionException: Database is already closed (to disable automatic closing at VM shutdown, add ";DB_CLOSE_ON_EXIT=FALSE" to the db URL) [90121-232]
2025-05-04T21:48:46.305+09:00  INFO 28200 --- [MySpringbootLab] [SpringApplicationShutdownHook] c.z.h.HikariDataSource                   : HikariPool-1 - Shutdown initiated...
2025-05-04T21:48:46.307+09:00  INFO 28200 --- [MySpringbootLab] [SpringApplicationShutdownHook] c.z.h.HikariDataSource                   : HikariPool-1 - Shutdown completed.
2025-05-04T21:48:48.413+09:00  INFO 26100 --- [MySpringbootLab] [restartedMain] c.r.m.MySpringbootLabApplication         : Starting MySpringbootLabApplication using Java 17.0.2 with PID 26100 (C:\mybackend\MySpringbootLab\MySpringbootLab\target\classes started by pshcc in C:\mybackend\MySpringbootLab)
2025-05-04T21:48:48.418+09:00  INFO 26100 --- [MySpringbootLab] [restartedMain] c.r.m.MySpringbootLabApplication         : The following 1 profile is active: "prod"
2025-05-04T21:48:48.466+09:00  INFO 26100 --- [MySpringbootLab] [restartedMain] .e.DevToolsPropertyDefaultsPostProcessor : Devtools property defaults active! Set 'spring.devtools.add-properties' to 'false' to disable
2025-05-04T21:48:48.466+09:00  INFO 26100 --- [MySpringbootLab] [restartedMain] .e.DevToolsPropertyDefaultsPostProcessor : For additional web related logging consider setting the 'logging.level.web' property to 'DEBUG'
2025-05-04T21:48:49.448+09:00  INFO 26100 --- [MySpringbootLab] [restartedMain] .s.d.r.c.RepositoryConfigurationDelegate : Bootstrapping Spring Data JPA repositories in DEFAULT mode.
2025-05-04T21:48:49.470+09:00  INFO 26100 --- [MySpringbootLab] [restartedMain] .s.d.r.c.RepositoryConfigurationDelegate : Finished Spring Data repository scanning in 13 ms. Found 0 JPA repository interfaces.
2025-05-04T21:48:50.331+09:00  INFO 26100 --- [MySpringbootLab] [restartedMain] o.s.b.w.e.t.TomcatWebServer              : Tomcat initialized with port 8080 (http)
2025-05-04T21:48:50.345+09:00  INFO 26100 --- [MySpringbootLab] [restartedMain] o.a.c.c.StandardService                  : Starting service [Tomcat]
2025-05-04T21:48:50.346+09:00  INFO 26100 --- [MySpringbootLab] [restartedMain] o.a.c.c.StandardEngine                   : Starting Servlet engine: [Apache Tomcat/10.1.40]
2025-05-04T21:48:50.416+09:00  INFO 26100 --- [MySpringbootLab] [restartedMain] o.a.c.c.C.[.[.[/]                        : Initializing Spring embedded WebApplicationContext
2025-05-04T21:48:50.418+09:00  INFO 26100 --- [MySpringbootLab] [restartedMain] w.s.c.ServletWebServerApplicationContext : Root WebApplicationContext: initialization completed in 1949 ms
2025-05-04T21:48:50.722+09:00  INFO 26100 --- [MySpringbootLab] [restartedMain] c.z.h.HikariDataSource                   : HikariPool-1 - Starting...
2025-05-04T21:48:50.898+09:00  INFO 26100 --- [MySpringbootLab] [restartedMain] c.z.h.p.HikariPool                       : HikariPool-1 - Added connection conn0: url=jdbc:h2:mem:922f4727-36e2-4f4a-be69-0b9f1357659f user=SA
2025-05-04T21:48:50.900+09:00  INFO 26100 --- [MySpringbootLab] [restartedMain] c.z.h.HikariDataSource                   : HikariPool-1 - Start completed.
2025-05-04T21:48:50.945+09:00  INFO 26100 --- [MySpringbootLab] [restartedMain] o.h.j.i.u.LogHelper                      : HHH000204: Processing PersistenceUnitInfo [name: default]
2025-05-04T21:48:51.004+09:00  INFO 26100 --- [MySpringbootLab] [restartedMain] o.h.Version                              : HHH000412: Hibernate ORM core version 6.6.13.Final
2025-05-04T21:48:51.043+09:00  INFO 26100 --- [MySpringbootLab] [restartedMain] o.h.c.i.RegionFactoryInitiator           : HHH000026: Second-level cache disabled
2025-05-04T21:48:51.316+09:00  INFO 26100 --- [MySpringbootLab] [restartedMain] o.s.o.j.p.SpringPersistenceUnitInfo      : No LoadTimeWeaver setup: ignoring JPA class transformer
2025-05-04T21:48:51.394+09:00  INFO 26100 --- [MySpringbootLab] [restartedMain] o.h.o.c.pooling                          : HHH10001005: Database info:
	Database JDBC URL [Connecting through datasource 'HikariDataSource (HikariPool-1)']
	Database driver: undefined/unknown
	Database version: 2.3.232
	Autocommit mode: undefined/unknown
	Isolation level: undefined/unknown
	Minimum pool size: undefined/unknown
	Maximum pool size: undefined/unknown
2025-05-04T21:48:51.719+09:00  INFO 26100 --- [MySpringbootLab] [restartedMain] o.h.e.t.j.p.i.JtaPlatformInitiator       : HHH000489: No JTA platform available (set 'hibernate.transaction.jta.platform' to enable JTA platform integration)
2025-05-04T21:48:51.724+09:00  INFO 26100 --- [MySpringbootLab] [restartedMain] j.LocalContainerEntityManagerFactoryBean : Initialized JPA EntityManagerFactory for persistence unit 'default'
2025-05-04T21:48:51.829+09:00  WARN 26100 --- [MySpringbootLab] [restartedMain] JpaBaseConfiguration$JpaWebConfiguration : spring.jpa.open-in-view is enabled by default. Therefore, database queries may be performed during view rendering. Explicitly configure spring.jpa.open-in-view to disable this warning
2025-05-04T21:48:52.235+09:00  WARN 26100 --- [MySpringbootLab] [restartedMain] ion$DefaultTemplateResolverConfiguration : Cannot find template location: classpath:/templates/ (please add some templates, check your Thymeleaf configuration, or set spring.thymeleaf.check-template-location=false)
2025-05-04T21:48:52.572+09:00  INFO 26100 --- [MySpringbootLab] [restartedMain] o.s.b.a.h.H2ConsoleAutoConfiguration     : H2 console available at '/h2-console'. Database available at 'jdbc:h2:mem:922f4727-36e2-4f4a-be69-0b9f1357659f'
2025-05-04T21:48:52.634+09:00  INFO 26100 --- [MySpringbootLab] [restartedMain] o.s.b.d.a.OptionalLiveReloadServer       : LiveReload server is running on port 35729
2025-05-04T21:48:52.643+09:00  INFO 26100 --- [MySpringbootLab] [restartedMain] o.s.b.a.e.w.EndpointLinksResolver        : Exposing 1 endpoint beneath base path '/actuator'
2025-05-04T21:48:52.720+09:00  INFO 26100 --- [MySpringbootLab] [restartedMain] o.s.b.w.e.t.TomcatWebServer              : Tomcat started on port 8080 (http) with context path '/'
2025-05-04T21:48:52.734+09:00  INFO 26100 --- [MySpringbootLab] [restartedMain] c.r.m.MySpringbootLabApplication         : Started MySpringbootLabApplication in 4.798 seconds (process running for 5.598)
2025-05-04T21:48:52.765+09:00  INFO 26100 --- [MySpringbootLab] [restartedMain] c.r.m.r.MyPropRunner                     : username: springboot
2025-05-04T21:48:52.765+09:00  INFO 26100 --- [MySpringbootLab] [restartedMain] c.r.m.r.MyPropRunner                     : 현재 실행 환경: 운영환경
2025-05-04T21:49:28.973+09:00  INFO 26100 --- [MySpringbootLab] [SpringApplicationShutdownHook] o.s.b.w.e.t.GracefulShutdown             : Commencing graceful shutdown. Waiting for active requests to complete
2025-05-04T21:49:29.134+09:00  INFO 26100 --- [MySpringbootLab] [tomcat-shutdown] o.s.b.w.e.t.GracefulShutdown             : Graceful shutdown complete
2025-05-04T21:49:29.139+09:00  INFO 26100 --- [MySpringbootLab] [SpringApplicationShutdownHook] j.LocalContainerEntityManagerFactoryBean : Closing JPA EntityManagerFactory for persistence unit 'default'
2025-05-04T21:49:29.145+09:00  WARN 26100 --- [MySpringbootLab] [SpringApplicationShutdownHook] o.s.b.f.s.DisposableBeanAdapter          : Invocation of destroy method failed on bean with name 'inMemoryDatabaseShutdownExecutor': org.h2.jdbc.JdbcSQLNonTransientConnectionException: Database is already closed (to disable automatic closing at VM shutdown, add ";DB_CLOSE_ON_EXIT=FALSE" to the db URL) [90121-232]
2025-05-04T21:49:29.146+09:00  INFO 26100 --- [MySpringbootLab] [SpringApplicationShutdownHook] c.z.h.HikariDataSource                   : HikariPool-1 - Shutdown initiated...
2025-05-04T21:49:29.147+09:00  INFO 26100 --- [MySpringbootLab] [SpringApplicationShutdownHook] c.z.h.HikariDataSource                   : HikariPool-1 - Shutdown completed.
2025-05-04T21:49:31.277+09:00  INFO 3588 --- [MySpringbootLab] [restartedMain] c.r.m.MySpringbootLabApplication         : Starting MySpringbootLabApplication using Java 17.0.2 with PID 3588 (C:\mybackend\MySpringbootLab\MySpringbootLab\target\classes started by pshcc in C:\mybackend\MySpringbootLab)
2025-05-04T21:49:31.283+09:00  INFO 3588 --- [MySpringbootLab] [restartedMain] c.r.m.MySpringbootLabApplication         : The following 1 profile is active: "test"
2025-05-04T21:49:31.332+09:00  INFO 3588 --- [MySpringbootLab] [restartedMain] .e.DevToolsPropertyDefaultsPostProcessor : Devtools property defaults active! Set 'spring.devtools.add-properties' to 'false' to disable
2025-05-04T21:49:31.332+09:00  INFO 3588 --- [MySpringbootLab] [restartedMain] .e.DevToolsPropertyDefaultsPostProcessor : For additional web related logging consider setting the 'logging.level.web' property to 'DEBUG'
2025-05-04T21:49:32.538+09:00  INFO 3588 --- [MySpringbootLab] [restartedMain] .s.d.r.c.RepositoryConfigurationDelegate : Bootstrapping Spring Data JPA repositories in DEFAULT mode.
2025-05-04T21:49:32.564+09:00  INFO 3588 --- [MySpringbootLab] [restartedMain] .s.d.r.c.RepositoryConfigurationDelegate : Finished Spring Data repository scanning in 15 ms. Found 0 JPA repository interfaces.
2025-05-04T21:49:33.533+09:00  INFO 3588 --- [MySpringbootLab] [restartedMain] o.s.b.w.e.t.TomcatWebServer              : Tomcat initialized with port 8080 (http)
2025-05-04T21:49:33.546+09:00  INFO 3588 --- [MySpringbootLab] [restartedMain] o.a.c.c.StandardService                  : Starting service [Tomcat]
2025-05-04T21:49:33.547+09:00  INFO 3588 --- [MySpringbootLab] [restartedMain] o.a.c.c.StandardEngine                   : Starting Servlet engine: [Apache Tomcat/10.1.40]
2025-05-04T21:49:33.614+09:00  INFO 3588 --- [MySpringbootLab] [restartedMain] o.a.c.c.C.[.[.[/]                        : Initializing Spring embedded WebApplicationContext
2025-05-04T21:49:33.616+09:00  INFO 3588 --- [MySpringbootLab] [restartedMain] w.s.c.ServletWebServerApplicationContext : Root WebApplicationContext: initialization completed in 2282 ms
2025-05-04T21:49:34.026+09:00  INFO 3588 --- [MySpringbootLab] [restartedMain] c.z.h.HikariDataSource                   : HikariPool-1 - Starting...
2025-05-04T21:49:34.285+09:00  INFO 3588 --- [MySpringbootLab] [restartedMain] c.z.h.p.HikariPool                       : HikariPool-1 - Added connection conn0: url=jdbc:h2:mem:391e1b6d-6904-4df0-9dfb-d85ad63e5cfe user=SA
2025-05-04T21:49:34.287+09:00  INFO 3588 --- [MySpringbootLab] [restartedMain] c.z.h.HikariDataSource                   : HikariPool-1 - Start completed.
2025-05-04T21:49:34.340+09:00  INFO 3588 --- [MySpringbootLab] [restartedMain] o.h.j.i.u.LogHelper                      : HHH000204: Processing PersistenceUnitInfo [name: default]
2025-05-04T21:49:34.411+09:00  INFO 3588 --- [MySpringbootLab] [restartedMain] o.h.Version                              : HHH000412: Hibernate ORM core version 6.6.13.Final
2025-05-04T21:49:34.455+09:00  INFO 3588 --- [MySpringbootLab] [restartedMain] o.h.c.i.RegionFactoryInitiator           : HHH000026: Second-level cache disabled
2025-05-04T21:49:34.755+09:00  INFO 3588 --- [MySpringbootLab] [restartedMain] o.s.o.j.p.SpringPersistenceUnitInfo      : No LoadTimeWeaver setup: ignoring JPA class transformer
2025-05-04T21:49:34.853+09:00  INFO 3588 --- [MySpringbootLab] [restartedMain] o.h.o.c.pooling                          : HHH10001005: Database info:
	Database JDBC URL [Connecting through datasource 'HikariDataSource (HikariPool-1)']
	Database driver: undefined/unknown
	Database version: 2.3.232
	Autocommit mode: undefined/unknown
	Isolation level: undefined/unknown
	Minimum pool size: undefined/unknown
	Maximum pool size: undefined/unknown
2025-05-04T21:49:35.188+09:00  INFO 3588 --- [MySpringbootLab] [restartedMain] o.h.e.t.j.p.i.JtaPlatformInitiator       : HHH000489: No JTA platform available (set 'hibernate.transaction.jta.platform' to enable JTA platform integration)
2025-05-04T21:49:35.194+09:00  INFO 3588 --- [MySpringbootLab] [restartedMain] j.LocalContainerEntityManagerFactoryBean : Initialized JPA EntityManagerFactory for persistence unit 'default'
2025-05-04T21:49:35.299+09:00  WARN 3588 --- [MySpringbootLab] [restartedMain] JpaBaseConfiguration$JpaWebConfiguration : spring.jpa.open-in-view is enabled by default. Therefore, database queries may be performed during view rendering. Explicitly configure spring.jpa.open-in-view to disable this warning
2025-05-04T21:49:35.662+09:00  WARN 3588 --- [MySpringbootLab] [restartedMain] ion$DefaultTemplateResolverConfiguration : Cannot find template location: classpath:/templates/ (please add some templates, check your Thymeleaf configuration, or set spring.thymeleaf.check-template-location=false)
2025-05-04T21:49:35.995+09:00  INFO 3588 --- [MySpringbootLab] [restartedMain] o.s.b.a.h.H2ConsoleAutoConfiguration     : H2 console available at '/h2-console'. Database available at 'jdbc:h2:mem:391e1b6d-6904-4df0-9dfb-d85ad63e5cfe'
2025-05-04T21:49:36.063+09:00  INFO 3588 --- [MySpringbootLab] [restartedMain] o.s.b.d.a.OptionalLiveReloadServer       : LiveReload server is running on port 35729
2025-05-04T21:49:36.073+09:00  INFO 3588 --- [MySpringbootLab] [restartedMain] o.s.b.a.e.w.EndpointLinksResolver        : Exposing 1 endpoint beneath base path '/actuator'
2025-05-04T21:49:36.151+09:00  INFO 3588 --- [MySpringbootLab] [restartedMain] o.s.b.w.e.t.TomcatWebServer              : Tomcat started on port 8080 (http) with context path '/'
2025-05-04T21:49:36.165+09:00  INFO 3588 --- [MySpringbootLab] [restartedMain] c.r.m.MySpringbootLabApplication         : Started MySpringbootLabApplication in 5.406 seconds (process running for 6.182)
2025-05-04T21:49:36.198+09:00  INFO 3588 --- [MySpringbootLab] [restartedMain] c.r.m.r.MyPropRunner                     : username: springboot
2025-05-04T21:49:36.198+09:00  INFO 3588 --- [MySpringbootLab] [restartedMain] c.r.m.r.MyPropRunner                     : 현재 실행 환경: 개발환경
2025-05-04T21:51:26.329+09:00  INFO 3588 --- [MySpringbootLab] [SpringApplicationShutdownHook] o.s.b.w.e.t.GracefulShutdown             : Commencing graceful shutdown. Waiting for active requests to complete
2025-05-04T21:51:26.496+09:00  INFO 3588 --- [MySpringbootLab] [tomcat-shutdown] o.s.b.w.e.t.GracefulShutdown             : Graceful shutdown complete
2025-05-04T21:51:26.502+09:00  INFO 3588 --- [MySpringbootLab] [SpringApplicationShutdownHook] j.LocalContainerEntityManagerFactoryBean : Closing JPA EntityManagerFactory for persistence unit 'default'
2025-05-04T21:51:26.508+09:00  WARN 3588 --- [MySpringbootLab] [SpringApplicationShutdownHook] o.s.b.f.s.DisposableBeanAdapter          : Invocation of destroy method failed on bean with name 'inMemoryDatabaseShutdownExecutor': org.h2.jdbc.JdbcSQLNonTransientConnectionException: Database is already closed (to disable automatic closing at VM shutdown, add ";DB_CLOSE_ON_EXIT=FALSE" to the db URL) [90121-232]
2025-05-04T21:51:26.509+09:00  INFO 3588 --- [MySpringbootLab] [SpringApplicationShutdownHook] c.z.h.HikariDataSource                   : HikariPool-1 - Shutdown initiated...
2025-05-04T21:51:26.510+09:00  INFO 3588 --- [MySpringbootLab] [SpringApplicationShutdownHook] c.z.h.HikariDataSource                   : HikariPool-1 - Shutdown completed.
2025-05-04T21:51:29.796+09:00  INFO 14672 --- [MySpringbootLab] [restartedMain] c.r.m.MySpringbootLabApplication         : Starting MySpringbootLabApplication using Java 17.0.2 with PID 14672 (C:\mybackend\MySpringbootLab\MySpringbootLab\target\classes started by pshcc in C:\mybackend\MySpringbootLab)
2025-05-04T21:51:29.801+09:00 DEBUG 14672 --- [MySpringbootLab] [restartedMain] c.r.m.MySpringbootLabApplication         : Running with Spring Boot v3.4.5, Spring v6.2.6
2025-05-04T21:51:29.801+09:00  INFO 14672 --- [MySpringbootLab] [restartedMain] c.r.m.MySpringbootLabApplication         : The following 1 profile is active: "test"
2025-05-04T21:51:29.843+09:00  INFO 14672 --- [MySpringbootLab] [restartedMain] .e.DevToolsPropertyDefaultsPostProcessor : Devtools property defaults active! Set 'spring.devtools.add-properties' to 'false' to disable
2025-05-04T21:51:29.843+09:00  INFO 14672 --- [MySpringbootLab] [restartedMain] .e.DevToolsPropertyDefaultsPostProcessor : For additional web related logging consider setting the 'logging.level.web' property to 'DEBUG'
2025-05-04T21:51:30.770+09:00  INFO 14672 --- [MySpringbootLab] [restartedMain] .s.d.r.c.RepositoryConfigurationDelegate : Bootstrapping Spring Data JPA repositories in DEFAULT mode.
2025-05-04T21:51:30.792+09:00  INFO 14672 --- [MySpringbootLab] [restartedMain] .s.d.r.c.RepositoryConfigurationDelegate : Finished Spring Data repository scanning in 12 ms. Found 0 JPA repository interfaces.
2025-05-04T21:51:31.715+09:00  INFO 14672 --- [MySpringbootLab] [restartedMain] o.s.b.w.e.t.TomcatWebServer              : Tomcat initialized with port 8080 (http)
2025-05-04T21:51:31.730+09:00  INFO 14672 --- [MySpringbootLab] [restartedMain] o.a.c.c.StandardService                  : Starting service [Tomcat]
2025-05-04T21:51:31.731+09:00  INFO 14672 --- [MySpringbootLab] [restartedMain] o.a.c.c.StandardEngine                   : Starting Servlet engine: [Apache Tomcat/10.1.40]
2025-05-04T21:51:31.803+09:00  INFO 14672 --- [MySpringbootLab] [restartedMain] o.a.c.c.C.[.[.[/]                        : Initializing Spring embedded WebApplicationContext
2025-05-04T21:51:31.805+09:00  INFO 14672 --- [MySpringbootLab] [restartedMain] w.s.c.ServletWebServerApplicationContext : Root WebApplicationContext: initialization completed in 1959 ms
2025-05-04T21:51:32.147+09:00  INFO 14672 --- [MySpringbootLab] [restartedMain] c.z.h.HikariDataSource                   : HikariPool-1 - Starting...
2025-05-04T21:51:32.325+09:00  INFO 14672 --- [MySpringbootLab] [restartedMain] c.z.h.p.HikariPool                       : HikariPool-1 - Added connection conn0: url=jdbc:h2:mem:68d9140c-936b-43dd-999d-2fec7bb1f4b5 user=SA
2025-05-04T21:51:32.328+09:00  INFO 14672 --- [MySpringbootLab] [restartedMain] c.z.h.HikariDataSource                   : HikariPool-1 - Start completed.
2025-05-04T21:51:32.371+09:00  INFO 14672 --- [MySpringbootLab] [restartedMain] o.h.j.i.u.LogHelper                      : HHH000204: Processing PersistenceUnitInfo [name: default]
2025-05-04T21:51:32.429+09:00  INFO 14672 --- [MySpringbootLab] [restartedMain] o.h.Version                              : HHH000412: Hibernate ORM core version 6.6.13.Final
2025-05-04T21:51:32.463+09:00  INFO 14672 --- [MySpringbootLab] [restartedMain] o.h.c.i.RegionFactoryInitiator           : HHH000026: Second-level cache disabled
2025-05-04T21:51:32.703+09:00  INFO 14672 --- [MySpringbootLab] [restartedMain] o.s.o.j.p.SpringPersistenceUnitInfo      : No LoadTimeWeaver setup: ignoring JPA class transformer
2025-05-04T21:51:32.779+09:00  INFO 14672 --- [MySpringbootLab] [restartedMain] o.h.o.c.pooling                          : HHH10001005: Database info:
	Database JDBC URL [Connecting through datasource 'HikariDataSource (HikariPool-1)']
	Database driver: undefined/unknown
	Database version: 2.3.232
	Autocommit mode: undefined/unknown
	Isolation level: undefined/unknown
	Minimum pool size: undefined/unknown
	Maximum pool size: undefined/unknown
2025-05-04T21:51:33.081+09:00  INFO 14672 --- [MySpringbootLab] [restartedMain] o.h.e.t.j.p.i.JtaPlatformInitiator       : HHH000489: No JTA platform available (set 'hibernate.transaction.jta.platform' to enable JTA platform integration)
2025-05-04T21:51:33.086+09:00  INFO 14672 --- [MySpringbootLab] [restartedMain] j.LocalContainerEntityManagerFactoryBean : Initialized JPA EntityManagerFactory for persistence unit 'default'
2025-05-04T21:51:33.180+09:00  WARN 14672 --- [MySpringbootLab] [restartedMain] JpaBaseConfiguration$JpaWebConfiguration : spring.jpa.open-in-view is enabled by default. Therefore, database queries may be performed during view rendering. Explicitly configure spring.jpa.open-in-view to disable this warning
2025-05-04T21:51:33.565+09:00  WARN 14672 --- [MySpringbootLab] [restartedMain] ion$DefaultTemplateResolverConfiguration : Cannot find template location: classpath:/templates/ (please add some templates, check your Thymeleaf configuration, or set spring.thymeleaf.check-template-location=false)
2025-05-04T21:51:33.913+09:00  INFO 14672 --- [MySpringbootLab] [restartedMain] o.s.b.a.h.H2ConsoleAutoConfiguration     : H2 console available at '/h2-console'. Database available at 'jdbc:h2:mem:68d9140c-936b-43dd-999d-2fec7bb1f4b5'
2025-05-04T21:51:33.974+09:00  INFO 14672 --- [MySpringbootLab] [restartedMain] o.s.b.d.a.OptionalLiveReloadServer       : LiveReload server is running on port 35729
2025-05-04T21:51:33.983+09:00  INFO 14672 --- [MySpringbootLab] [restartedMain] o.s.b.a.e.w.EndpointLinksResolver        : Exposing 1 endpoint beneath base path '/actuator'
2025-05-04T21:51:34.060+09:00  INFO 14672 --- [MySpringbootLab] [restartedMain] o.s.b.w.e.t.TomcatWebServer              : Tomcat started on port 8080 (http) with context path '/'
2025-05-04T21:51:34.075+09:00  INFO 14672 --- [MySpringbootLab] [restartedMain] c.r.m.MySpringbootLabApplication         : Started MySpringbootLabApplication in 4.733 seconds (process running for 5.51)
2025-05-04T21:51:34.106+09:00  INFO 14672 --- [MySpringbootLab] [restartedMain] c.r.m.r.MyPropRunner                     : username: springboot
2025-05-04T21:51:34.107+09:00 DEBUG 14672 --- [MySpringbootLab] [restartedMain] c.r.m.r.MyPropRunner                     : port: 3
2025-05-04T21:51:34.107+09:00  INFO 14672 --- [MySpringbootLab] [restartedMain] c.r.m.r.MyPropRunner                     : 현재 실행 환경: 테스트환경
2025-05-04T21:51:53.718+09:00  INFO 14672 --- [MySpringbootLab] [SpringApplicationShutdownHook] o.s.b.w.e.t.GracefulShutdown             : Commencing graceful shutdown. Waiting for active requests to complete
2025-05-04T21:51:53.885+09:00  INFO 14672 --- [MySpringbootLab] [tomcat-shutdown] o.s.b.w.e.t.GracefulShutdown             : Graceful shutdown complete
2025-05-04T21:51:53.890+09:00  INFO 14672 --- [MySpringbootLab] [SpringApplicationShutdownHook] j.LocalContainerEntityManagerFactoryBean : Closing JPA EntityManagerFactory for persistence unit 'default'
2025-05-04T21:51:53.896+09:00  WARN 14672 --- [MySpringbootLab] [SpringApplicationShutdownHook] o.s.b.f.s.DisposableBeanAdapter          : Invocation of destroy method failed on bean with name 'inMemoryDatabaseShutdownExecutor': org.h2.jdbc.JdbcSQLNonTransientConnectionException: Database is already closed (to disable automatic closing at VM shutdown, add ";DB_CLOSE_ON_EXIT=FALSE" to the db URL) [90121-232]
2025-05-04T21:51:53.897+09:00  INFO 14672 --- [MySpringbootLab] [SpringApplicationShutdownHook] c.z.h.HikariDataSource                   : HikariPool-1 - Shutdown initiated...
2025-05-04T21:51:53.898+09:00  INFO 14672 --- [MySpringbootLab] [SpringApplicationShutdownHook] c.z.h.HikariDataSource                   : HikariPool-1 - Shutdown completed.
2025-05-04T21:51:55.956+09:00  INFO 27872 --- [MySpringbootLab] [restartedMain] c.r.m.MySpringbootLabApplication         : Starting MySpringbootLabApplication using Java 17.0.2 with PID 27872 (C:\mybackend\MySpringbootLab\MySpringbootLab\target\classes started by pshcc in C:\mybackend\MySpringbootLab)
2025-05-04T21:51:55.961+09:00  INFO 27872 --- [MySpringbootLab] [restartedMain] c.r.m.MySpringbootLabApplication         : The following 1 profile is active: "prod"
2025-05-04T21:51:56.004+09:00  INFO 27872 --- [MySpringbootLab] [restartedMain] .e.DevToolsPropertyDefaultsPostProcessor : Devtools property defaults active! Set 'spring.devtools.add-properties' to 'false' to disable
2025-05-04T21:51:56.004+09:00  INFO 27872 --- [MySpringbootLab] [restartedMain] .e.DevToolsPropertyDefaultsPostProcessor : For additional web related logging consider setting the 'logging.level.web' property to 'DEBUG'
2025-05-04T21:51:56.963+09:00  INFO 27872 --- [MySpringbootLab] [restartedMain] .s.d.r.c.RepositoryConfigurationDelegate : Bootstrapping Spring Data JPA repositories in DEFAULT mode.
2025-05-04T21:51:56.989+09:00  INFO 27872 --- [MySpringbootLab] [restartedMain] .s.d.r.c.RepositoryConfigurationDelegate : Finished Spring Data repository scanning in 14 ms. Found 0 JPA repository interfaces.
2025-05-04T21:51:57.884+09:00  INFO 27872 --- [MySpringbootLab] [restartedMain] o.s.b.w.e.t.TomcatWebServer              : Tomcat initialized with port 8080 (http)
2025-05-04T21:51:57.901+09:00  INFO 27872 --- [MySpringbootLab] [restartedMain] o.a.c.c.StandardService                  : Starting service [Tomcat]
2025-05-04T21:51:57.903+09:00  INFO 27872 --- [MySpringbootLab] [restartedMain] o.a.c.c.StandardEngine                   : Starting Servlet engine: [Apache Tomcat/10.1.40]
2025-05-04T21:51:57.972+09:00  INFO 27872 --- [MySpringbootLab] [restartedMain] o.a.c.c.C.[.[.[/]                        : Initializing Spring embedded WebApplicationContext
2025-05-04T21:51:57.974+09:00  INFO 27872 --- [MySpringbootLab] [restartedMain] w.s.c.ServletWebServerApplicationContext : Root WebApplicationContext: initialization completed in 1967 ms
2025-05-04T21:51:58.295+09:00  INFO 27872 --- [MySpringbootLab] [restartedMain] c.z.h.HikariDataSource                   : HikariPool-1 - Starting...
2025-05-04T21:51:58.482+09:00  INFO 27872 --- [MySpringbootLab] [restartedMain] c.z.h.p.HikariPool                       : HikariPool-1 - Added connection conn0: url=jdbc:h2:mem:2d52b7cc-1b97-4d01-b9af-62d9206a1211 user=SA
2025-05-04T21:51:58.484+09:00  INFO 27872 --- [MySpringbootLab] [restartedMain] c.z.h.HikariDataSource                   : HikariPool-1 - Start completed.
2025-05-04T21:51:58.530+09:00  INFO 27872 --- [MySpringbootLab] [restartedMain] o.h.j.i.u.LogHelper                      : HHH000204: Processing PersistenceUnitInfo [name: default]
2025-05-04T21:51:58.588+09:00  INFO 27872 --- [MySpringbootLab] [restartedMain] o.h.Version                              : HHH000412: Hibernate ORM core version 6.6.13.Final
2025-05-04T21:51:58.621+09:00  INFO 27872 --- [MySpringbootLab] [restartedMain] o.h.c.i.RegionFactoryInitiator           : HHH000026: Second-level cache disabled
2025-05-04T21:51:58.864+09:00  INFO 27872 --- [MySpringbootLab] [restartedMain] o.s.o.j.p.SpringPersistenceUnitInfo      : No LoadTimeWeaver setup: ignoring JPA class transformer
2025-05-04T21:51:58.941+09:00  INFO 27872 --- [MySpringbootLab] [restartedMain] o.h.o.c.pooling                          : HHH10001005: Database info:
	Database JDBC URL [Connecting through datasource 'HikariDataSource (HikariPool-1)']
	Database driver: undefined/unknown
	Database version: 2.3.232
	Autocommit mode: undefined/unknown
	Isolation level: undefined/unknown
	Minimum pool size: undefined/unknown
	Maximum pool size: undefined/unknown
2025-05-04T21:51:59.238+09:00  INFO 27872 --- [MySpringbootLab] [restartedMain] o.h.e.t.j.p.i.JtaPlatformInitiator       : HHH000489: No JTA platform available (set 'hibernate.transaction.jta.platform' to enable JTA platform integration)
2025-05-04T21:51:59.243+09:00  INFO 27872 --- [MySpringbootLab] [restartedMain] j.LocalContainerEntityManagerFactoryBean : Initialized JPA EntityManagerFactory for persistence unit 'default'
2025-05-04T21:51:59.347+09:00  WARN 27872 --- [MySpringbootLab] [restartedMain] JpaBaseConfiguration$JpaWebConfiguration : spring.jpa.open-in-view is enabled by default. Therefore, database queries may be performed during view rendering. Explicitly configure spring.jpa.open-in-view to disable this warning
2025-05-04T21:51:59.733+09:00  WARN 27872 --- [MySpringbootLab] [restartedMain] ion$DefaultTemplateResolverConfiguration : Cannot find template location: classpath:/templates/ (please add some templates, check your Thymeleaf configuration, or set spring.thymeleaf.check-template-location=false)
2025-05-04T21:52:00.063+09:00  INFO 27872 --- [MySpringbootLab] [restartedMain] o.s.b.a.h.H2ConsoleAutoConfiguration     : H2 console available at '/h2-console'. Database available at 'jdbc:h2:mem:2d52b7cc-1b97-4d01-b9af-62d9206a1211'
2025-05-04T21:52:00.122+09:00  INFO 27872 --- [MySpringbootLab] [restartedMain] o.s.b.d.a.OptionalLiveReloadServer       : LiveReload server is running on port 35729
2025-05-04T21:52:00.132+09:00  INFO 27872 --- [MySpringbootLab] [restartedMain] o.s.b.a.e.w.EndpointLinksResolver        : Exposing 1 endpoint beneath base path '/actuator'
2025-05-04T21:52:00.213+09:00  INFO 27872 --- [MySpringbootLab] [restartedMain] o.s.b.w.e.t.TomcatWebServer              : Tomcat started on port 8080 (http) with context path '/'
2025-05-04T21:52:00.227+09:00  INFO 27872 --- [MySpringbootLab] [restartedMain] c.r.m.MySpringbootLabApplication         : Started MySpringbootLabApplication in 4.724 seconds (process running for 5.469)
2025-05-04T21:52:00.257+09:00  INFO 27872 --- [MySpringbootLab] [restartedMain] c.r.m.r.MyPropRunner                     : username: springboot
2025-05-04T21:52:00.257+09:00  INFO 27872 --- [MySpringbootLab] [restartedMain] c.r.m.r.MyPropRunner                     : 현재 실행 환경: 운영환경
2025-05-04T21:52:07.519+09:00  INFO 27872 --- [MySpringbootLab] [SpringApplicationShutdownHook] o.s.b.w.e.t.GracefulShutdown             : Commencing graceful shutdown. Waiting for active requests to complete
2025-05-04T21:52:07.692+09:00  INFO 27872 --- [MySpringbootLab] [tomcat-shutdown] o.s.b.w.e.t.GracefulShutdown             : Graceful shutdown complete
2025-05-04T21:52:07.698+09:00  INFO 27872 --- [MySpringbootLab] [SpringApplicationShutdownHook] j.LocalContainerEntityManagerFactoryBean : Closing JPA EntityManagerFactory for persistence unit 'default'
2025-05-04T21:52:07.705+09:00  WARN 27872 --- [MySpringbootLab] [SpringApplicationShutdownHook] o.s.b.f.s.DisposableBeanAdapter          : Invocation of destroy method failed on bean with name 'inMemoryDatabaseShutdownExecutor': org.h2.jdbc.JdbcSQLNonTransientConnectionException: Database is already closed (to disable automatic closing at VM shutdown, add ";DB_CLOSE_ON_EXIT=FALSE" to the db URL) [90121-232]
2025-05-04T21:52:07.705+09:00  INFO 27872 --- [MySpringbootLab] [SpringApplicationShutdownHook] c.z.h.HikariDataSource                   : HikariPool-1 - Shutdown initiated...
2025-05-04T21:52:07.707+09:00  INFO 27872 --- [MySpringbootLab] [SpringApplicationShutdownHook] c.z.h.HikariDataSource                   : HikariPool-1 - Shutdown completed.
2025-05-08T15:01:36.837+09:00  INFO 13744 --- [MySpringbootLab] [restartedMain] c.r.m.MySpringbootLabApplication         : Starting MySpringbootLabApplication using Java 17.0.2 with PID 13744 (C:\mybackend\MySpringbootLab\MySpringbootLab\target\classes started by pshcc in C:\mybackend\MySpringbootLab)
2025-05-08T15:01:36.842+09:00  INFO 13744 --- [MySpringbootLab] [restartedMain] c.r.m.MySpringbootLabApplication         : The following 1 profile is active: "prod"
2025-05-08T15:01:36.882+09:00  INFO 13744 --- [MySpringbootLab] [restartedMain] .e.DevToolsPropertyDefaultsPostProcessor : Devtools property defaults active! Set 'spring.devtools.add-properties' to 'false' to disable
2025-05-08T15:01:36.883+09:00  INFO 13744 --- [MySpringbootLab] [restartedMain] .e.DevToolsPropertyDefaultsPostProcessor : For additional web related logging consider setting the 'logging.level.web' property to 'DEBUG'
2025-05-08T15:01:37.939+09:00  INFO 13744 --- [MySpringbootLab] [restartedMain] .s.d.r.c.RepositoryConfigurationDelegate : Bootstrapping Spring Data JPA repositories in DEFAULT mode.
2025-05-08T15:01:38.004+09:00  INFO 13744 --- [MySpringbootLab] [restartedMain] .s.d.r.c.RepositoryConfigurationDelegate : Finished Spring Data repository scanning in 55 ms. Found 1 JPA repository interface.
2025-05-08T15:01:38.985+09:00  INFO 13744 --- [MySpringbootLab] [restartedMain] o.s.b.w.e.t.TomcatWebServer              : Tomcat initialized with port 8080 (http)
2025-05-08T15:01:39.001+09:00  INFO 13744 --- [MySpringbootLab] [restartedMain] o.a.c.c.StandardService                  : Starting service [Tomcat]
2025-05-08T15:01:39.002+09:00  INFO 13744 --- [MySpringbootLab] [restartedMain] o.a.c.c.StandardEngine                   : Starting Servlet engine: [Apache Tomcat/10.1.40]
2025-05-08T15:01:39.075+09:00  INFO 13744 --- [MySpringbootLab] [restartedMain] o.a.c.c.C.[.[.[/]                        : Initializing Spring embedded WebApplicationContext
2025-05-08T15:01:39.078+09:00  INFO 13744 --- [MySpringbootLab] [restartedMain] w.s.c.ServletWebServerApplicationContext : Root WebApplicationContext: initialization completed in 2193 ms
2025-05-08T15:01:39.396+09:00  INFO 13744 --- [MySpringbootLab] [restartedMain] c.z.h.HikariDataSource                   : HikariPool-1 - Starting...
2025-05-08T15:01:39.609+09:00  INFO 13744 --- [MySpringbootLab] [restartedMain] c.z.h.p.HikariPool                       : HikariPool-1 - Added connection conn0: url=jdbc:h2:mem:53480675-b87a-43da-b8f4-d7b2c247a6da user=SA
2025-05-08T15:01:39.611+09:00  INFO 13744 --- [MySpringbootLab] [restartedMain] c.z.h.HikariDataSource                   : HikariPool-1 - Start completed.
2025-05-08T15:01:39.658+09:00  INFO 13744 --- [MySpringbootLab] [restartedMain] o.h.j.i.u.LogHelper                      : HHH000204: Processing PersistenceUnitInfo [name: default]
2025-05-08T15:01:39.734+09:00  INFO 13744 --- [MySpringbootLab] [restartedMain] o.h.Version                              : HHH000412: Hibernate ORM core version 6.6.13.Final
2025-05-08T15:01:39.775+09:00  INFO 13744 --- [MySpringbootLab] [restartedMain] o.h.c.i.RegionFactoryInitiator           : HHH000026: Second-level cache disabled
2025-05-08T15:01:40.065+09:00  INFO 13744 --- [MySpringbootLab] [restartedMain] o.s.o.j.p.SpringPersistenceUnitInfo      : No LoadTimeWeaver setup: ignoring JPA class transformer
2025-05-08T15:01:40.150+09:00  INFO 13744 --- [MySpringbootLab] [restartedMain] o.h.o.c.pooling                          : HHH10001005: Database info:
	Database JDBC URL [Connecting through datasource 'HikariDataSource (HikariPool-1)']
	Database driver: undefined/unknown
	Database version: 2.3.232
	Autocommit mode: undefined/unknown
	Isolation level: undefined/unknown
	Minimum pool size: undefined/unknown
	Maximum pool size: undefined/unknown
2025-05-08T15:01:40.948+09:00  INFO 13744 --- [MySpringbootLab] [restartedMain] o.h.e.t.j.p.i.JtaPlatformInitiator       : HHH000489: No JTA platform available (set 'hibernate.transaction.jta.platform' to enable JTA platform integration)
2025-05-08T15:01:40.982+09:00  INFO 13744 --- [MySpringbootLab] [restartedMain] j.LocalContainerEntityManagerFactoryBean : Initialized JPA EntityManagerFactory for persistence unit 'default'
2025-05-08T15:01:41.393+09:00  WARN 13744 --- [MySpringbootLab] [restartedMain] JpaBaseConfiguration$JpaWebConfiguration : spring.jpa.open-in-view is enabled by default. Therefore, database queries may be performed during view rendering. Explicitly configure spring.jpa.open-in-view to disable this warning
2025-05-08T15:01:41.732+09:00  WARN 13744 --- [MySpringbootLab] [restartedMain] ion$DefaultTemplateResolverConfiguration : Cannot find template location: classpath:/templates/ (please add some templates, check your Thymeleaf configuration, or set spring.thymeleaf.check-template-location=false)
2025-05-08T15:01:42.033+09:00  INFO 13744 --- [MySpringbootLab] [restartedMain] o.s.b.a.h.H2ConsoleAutoConfiguration     : H2 console available at '/h2-console'. Database available at 'jdbc:h2:mem:53480675-b87a-43da-b8f4-d7b2c247a6da'
2025-05-08T15:01:42.097+09:00  WARN 13744 --- [MySpringbootLab] [restartedMain] o.s.b.d.a.OptionalLiveReloadServer       : Unable to start LiveReload server
2025-05-08T15:01:42.107+09:00  INFO 13744 --- [MySpringbootLab] [restartedMain] o.s.b.a.e.w.EndpointLinksResolver        : Exposing 1 endpoint beneath base path '/actuator'
2025-05-08T15:01:42.173+09:00  WARN 13744 --- [MySpringbootLab] [restartedMain] ConfigServletWebServerApplicationContext : Exception encountered during context initialization - cancelling refresh attempt: org.springframework.context.ApplicationContextException: Failed to start bean 'webServerStartStop'
2025-05-08T15:01:42.177+09:00  INFO 13744 --- [MySpringbootLab] [restartedMain] j.LocalContainerEntityManagerFactoryBean : Closing JPA EntityManagerFactory for persistence unit 'default'
2025-05-08T15:01:42.182+09:00  WARN 13744 --- [MySpringbootLab] [restartedMain] o.s.b.f.s.DisposableBeanAdapter          : Invocation of destroy method failed on bean with name 'inMemoryDatabaseShutdownExecutor': org.h2.jdbc.JdbcSQLNonTransientConnectionException: Database is already closed (to disable automatic closing at VM shutdown, add ";DB_CLOSE_ON_EXIT=FALSE" to the db URL) [90121-232]
2025-05-08T15:01:42.183+09:00  INFO 13744 --- [MySpringbootLab] [restartedMain] c.z.h.HikariDataSource                   : HikariPool-1 - Shutdown initiated...
2025-05-08T15:01:42.184+09:00  INFO 13744 --- [MySpringbootLab] [restartedMain] c.z.h.HikariDataSource                   : HikariPool-1 - Shutdown completed.
2025-05-08T15:01:42.201+09:00  INFO 13744 --- [MySpringbootLab] [restartedMain] .s.b.a.l.ConditionEvaluationReportLogger : 

Error starting ApplicationContext. To display the condition evaluation report re-run your application with 'debug' enabled.
2025-05-08T15:01:42.220+09:00 ERROR 13744 --- [MySpringbootLab] [restartedMain] o.s.b.d.LoggingFailureAnalysisReporter   : 

***************************
APPLICATION FAILED TO START
***************************

Description:

Web server failed to start. Port 8080 was already in use.

Action:

Identify and stop the process that's listening on port 8080 or configure this application to listen on another port.

2025-05-08T17:29:41.587+09:00  INFO 16316 --- [MySpringbootLab] [restartedMain] c.r.m.MySpringbootLabApplication         : Starting MySpringbootLabApplication using Java 17.0.2 with PID 16316 (C:\mybackend\MySpringbootLab\MySpringbootLab\target\classes started by pshcc in C:\mybackend\MySpringbootLab)
2025-05-08T17:29:41.591+09:00  INFO 16316 --- [MySpringbootLab] [restartedMain] c.r.m.MySpringbootLabApplication         : The following 1 profile is active: "prod"
2025-05-08T17:29:41.634+09:00  INFO 16316 --- [MySpringbootLab] [restartedMain] .e.DevToolsPropertyDefaultsPostProcessor : Devtools property defaults active! Set 'spring.devtools.add-properties' to 'false' to disable
2025-05-08T17:29:41.635+09:00  INFO 16316 --- [MySpringbootLab] [restartedMain] .e.DevToolsPropertyDefaultsPostProcessor : For additional web related logging consider setting the 'logging.level.web' property to 'DEBUG'
2025-05-08T17:29:42.695+09:00  INFO 16316 --- [MySpringbootLab] [restartedMain] .s.d.r.c.RepositoryConfigurationDelegate : Bootstrapping Spring Data JPA repositories in DEFAULT mode.
2025-05-08T17:29:42.755+09:00  INFO 16316 --- [MySpringbootLab] [restartedMain] .s.d.r.c.RepositoryConfigurationDelegate : Finished Spring Data repository scanning in 49 ms. Found 1 JPA repository interface.
2025-05-08T17:29:43.747+09:00  INFO 16316 --- [MySpringbootLab] [restartedMain] o.s.b.w.e.t.TomcatWebServer              : Tomcat initialized with port 8080 (http)
2025-05-08T17:29:43.764+09:00  INFO 16316 --- [MySpringbootLab] [restartedMain] o.a.c.c.StandardService                  : Starting service [Tomcat]
2025-05-08T17:29:43.765+09:00  INFO 16316 --- [MySpringbootLab] [restartedMain] o.a.c.c.StandardEngine                   : Starting Servlet engine: [Apache Tomcat/10.1.40]
2025-05-08T17:29:43.833+09:00  INFO 16316 --- [MySpringbootLab] [restartedMain] o.a.c.c.C.[.[.[/]                        : Initializing Spring embedded WebApplicationContext
2025-05-08T17:29:43.834+09:00  INFO 16316 --- [MySpringbootLab] [restartedMain] w.s.c.ServletWebServerApplicationContext : Root WebApplicationContext: initialization completed in 2197 ms
2025-05-08T17:29:44.174+09:00  INFO 16316 --- [MySpringbootLab] [restartedMain] o.h.j.i.u.LogHelper                      : HHH000204: Processing PersistenceUnitInfo [name: default]
2025-05-08T17:29:44.241+09:00  INFO 16316 --- [MySpringbootLab] [restartedMain] o.h.Version                              : HHH000412: Hibernate ORM core version 6.6.13.Final
2025-05-08T17:29:44.279+09:00  INFO 16316 --- [MySpringbootLab] [restartedMain] o.h.c.i.RegionFactoryInitiator           : HHH000026: Second-level cache disabled
2025-05-08T17:29:44.567+09:00  INFO 16316 --- [MySpringbootLab] [restartedMain] o.s.o.j.p.SpringPersistenceUnitInfo      : No LoadTimeWeaver setup: ignoring JPA class transformer
2025-05-08T17:29:44.605+09:00  INFO 16316 --- [MySpringbootLab] [restartedMain] c.z.h.HikariDataSource                   : HikariPool-1 - Starting...
2025-05-08T17:29:44.699+09:00  INFO 16316 --- [MySpringbootLab] [restartedMain] c.z.h.p.HikariPool                       : HikariPool-1 - Added connection org.mariadb.jdbc.Connection@166067f6
2025-05-08T17:29:44.700+09:00  INFO 16316 --- [MySpringbootLab] [restartedMain] c.z.h.HikariDataSource                   : HikariPool-1 - Start completed.
2025-05-08T17:29:44.733+09:00  WARN 16316 --- [MySpringbootLab] [restartedMain] o.h.o.deprecation                        : HHH90000025: MariaDBDialect does not need to be specified explicitly using 'hibernate.dialect' (remove the property setting and it will be selected by default)
2025-05-08T17:29:44.759+09:00  INFO 16316 --- [MySpringbootLab] [restartedMain] o.h.o.c.pooling                          : HHH10001005: Database info:
	Database JDBC URL [Connecting through datasource 'HikariDataSource (HikariPool-1)']
	Database driver: undefined/unknown
	Database version: 10.11.5
	Autocommit mode: undefined/unknown
	Isolation level: undefined/unknown
	Minimum pool size: undefined/unknown
	Maximum pool size: undefined/unknown
2025-05-08T17:29:45.524+09:00  INFO 16316 --- [MySpringbootLab] [restartedMain] o.h.e.t.j.p.i.JtaPlatformInitiator       : HHH000489: No JTA platform available (set 'hibernate.transaction.jta.platform' to enable JTA platform integration)
2025-05-08T17:29:45.577+09:00  INFO 16316 --- [MySpringbootLab] [restartedMain] j.LocalContainerEntityManagerFactoryBean : Initialized JPA EntityManagerFactory for persistence unit 'default'
2025-05-08T17:29:45.990+09:00  WARN 16316 --- [MySpringbootLab] [restartedMain] JpaBaseConfiguration$JpaWebConfiguration : spring.jpa.open-in-view is enabled by default. Therefore, database queries may be performed during view rendering. Explicitly configure spring.jpa.open-in-view to disable this warning
2025-05-08T17:29:46.354+09:00  WARN 16316 --- [MySpringbootLab] [restartedMain] ion$DefaultTemplateResolverConfiguration : Cannot find template location: classpath:/templates/ (please add some templates, check your Thymeleaf configuration, or set spring.thymeleaf.check-template-location=false)
2025-05-08T17:29:46.654+09:00  INFO 16316 --- [MySpringbootLab] [restartedMain] o.s.b.a.h.H2ConsoleAutoConfiguration     : H2 console available at '/h2-console'. Database available at 'jdbc:mariadb://127.0.0.1/boot_db?user=boot&password=***'
2025-05-08T17:29:46.721+09:00  INFO 16316 --- [MySpringbootLab] [restartedMain] o.s.b.d.a.OptionalLiveReloadServer       : LiveReload server is running on port 35729
2025-05-08T17:29:46.731+09:00  INFO 16316 --- [MySpringbootLab] [restartedMain] o.s.b.a.e.w.EndpointLinksResolver        : Exposing 1 endpoint beneath base path '/actuator'
2025-05-08T17:29:46.812+09:00  INFO 16316 --- [MySpringbootLab] [restartedMain] o.s.b.w.e.t.TomcatWebServer              : Tomcat started on port 8080 (http) with context path '/'
2025-05-08T17:29:46.828+09:00  INFO 16316 --- [MySpringbootLab] [restartedMain] c.r.m.MySpringbootLabApplication         : Started MySpringbootLabApplication in 5.704 seconds (process running for 6.542)
2025-05-08T17:29:46.864+09:00  INFO 16316 --- [MySpringbootLab] [restartedMain] c.r.m.r.MyPropRunner                     : username: springboot
2025-05-08T17:29:46.864+09:00  INFO 16316 --- [MySpringbootLab] [restartedMain] c.r.m.r.MyPropRunner                     : 현재 실행 환경: 운영환경
2025-05-08T17:29:53.188+09:00  INFO 16316 --- [MySpringbootLab] [SpringApplicationShutdownHook] o.s.b.w.e.t.GracefulShutdown             : Commencing graceful shutdown. Waiting for active requests to complete
2025-05-08T17:29:53.443+09:00  INFO 16316 --- [MySpringbootLab] [tomcat-shutdown] o.s.b.w.e.t.GracefulShutdown             : Graceful shutdown complete
2025-05-08T17:29:53.448+09:00  INFO 16316 --- [MySpringbootLab] [SpringApplicationShutdownHook] j.LocalContainerEntityManagerFactoryBean : Closing JPA EntityManagerFactory for persistence unit 'default'
2025-05-08T17:29:53.451+09:00  INFO 16316 --- [MySpringbootLab] [SpringApplicationShutdownHook] c.z.h.HikariDataSource                   : HikariPool-1 - Shutdown initiated...
2025-05-08T17:29:53.454+09:00  INFO 16316 --- [MySpringbootLab] [SpringApplicationShutdownHook] c.z.h.HikariDataSource                   : HikariPool-1 - Shutdown completed.
2025-05-08T17:29:56.544+09:00  INFO 36656 --- [MySpringbootLab] [restartedMain] c.r.m.MySpringbootLabApplication         : Starting MySpringbootLabApplication using Java 17.0.2 with PID 36656 (C:\mybackend\MySpringbootLab\MySpringbootLab\target\classes started by pshcc in C:\mybackend\MySpringbootLab)
2025-05-08T17:29:56.548+09:00  INFO 36656 --- [MySpringbootLab] [restartedMain] c.r.m.MySpringbootLabApplication         : The following 1 profile is active: "prod"
2025-05-08T17:29:56.592+09:00  INFO 36656 --- [MySpringbootLab] [restartedMain] .e.DevToolsPropertyDefaultsPostProcessor : Devtools property defaults active! Set 'spring.devtools.add-properties' to 'false' to disable
2025-05-08T17:29:56.592+09:00  INFO 36656 --- [MySpringbootLab] [restartedMain] .e.DevToolsPropertyDefaultsPostProcessor : For additional web related logging consider setting the 'logging.level.web' property to 'DEBUG'
2025-05-08T17:29:57.578+09:00  INFO 36656 --- [MySpringbootLab] [restartedMain] .s.d.r.c.RepositoryConfigurationDelegate : Bootstrapping Spring Data JPA repositories in DEFAULT mode.
2025-05-08T17:29:57.633+09:00  INFO 36656 --- [MySpringbootLab] [restartedMain] .s.d.r.c.RepositoryConfigurationDelegate : Finished Spring Data repository scanning in 46 ms. Found 1 JPA repository interface.
2025-05-08T17:29:58.589+09:00  INFO 36656 --- [MySpringbootLab] [restartedMain] o.s.b.w.e.t.TomcatWebServer              : Tomcat initialized with port 8080 (http)
2025-05-08T17:29:58.604+09:00  INFO 36656 --- [MySpringbootLab] [restartedMain] o.a.c.c.StandardService                  : Starting service [Tomcat]
2025-05-08T17:29:58.605+09:00  INFO 36656 --- [MySpringbootLab] [restartedMain] o.a.c.c.StandardEngine                   : Starting Servlet engine: [Apache Tomcat/10.1.40]
2025-05-08T17:29:58.672+09:00  INFO 36656 --- [MySpringbootLab] [restartedMain] o.a.c.c.C.[.[.[/]                        : Initializing Spring embedded WebApplicationContext
2025-05-08T17:29:58.674+09:00  INFO 36656 --- [MySpringbootLab] [restartedMain] w.s.c.ServletWebServerApplicationContext : Root WebApplicationContext: initialization completed in 2080 ms
2025-05-08T17:29:59.090+09:00  INFO 36656 --- [MySpringbootLab] [restartedMain] o.h.j.i.u.LogHelper                      : HHH000204: Processing PersistenceUnitInfo [name: default]
2025-05-08T17:29:59.164+09:00  INFO 36656 --- [MySpringbootLab] [restartedMain] o.h.Version                              : HHH000412: Hibernate ORM core version 6.6.13.Final
2025-05-08T17:29:59.209+09:00  INFO 36656 --- [MySpringbootLab] [restartedMain] o.h.c.i.RegionFactoryInitiator           : HHH000026: Second-level cache disabled
2025-05-08T17:29:59.526+09:00  INFO 36656 --- [MySpringbootLab] [restartedMain] o.s.o.j.p.SpringPersistenceUnitInfo      : No LoadTimeWeaver setup: ignoring JPA class transformer
2025-05-08T17:29:59.563+09:00  INFO 36656 --- [MySpringbootLab] [restartedMain] c.z.h.HikariDataSource                   : HikariPool-1 - Starting...
2025-05-08T17:29:59.651+09:00  INFO 36656 --- [MySpringbootLab] [restartedMain] c.z.h.p.HikariPool                       : HikariPool-1 - Added connection org.mariadb.jdbc.Connection@579c4498
2025-05-08T17:29:59.652+09:00  INFO 36656 --- [MySpringbootLab] [restartedMain] c.z.h.HikariDataSource                   : HikariPool-1 - Start completed.
2025-05-08T17:29:59.679+09:00  WARN 36656 --- [MySpringbootLab] [restartedMain] o.h.o.deprecation                        : HHH90000025: MariaDBDialect does not need to be specified explicitly using 'hibernate.dialect' (remove the property setting and it will be selected by default)
2025-05-08T17:29:59.699+09:00  INFO 36656 --- [MySpringbootLab] [restartedMain] o.h.o.c.pooling                          : HHH10001005: Database info:
	Database JDBC URL [Connecting through datasource 'HikariDataSource (HikariPool-1)']
	Database driver: undefined/unknown
	Database version: 10.11.5
	Autocommit mode: undefined/unknown
	Isolation level: undefined/unknown
	Minimum pool size: undefined/unknown
	Maximum pool size: undefined/unknown
2025-05-08T17:30:00.475+09:00  INFO 36656 --- [MySpringbootLab] [restartedMain] o.h.e.t.j.p.i.JtaPlatformInitiator       : HHH000489: No JTA platform available (set 'hibernate.transaction.jta.platform' to enable JTA platform integration)
2025-05-08T17:30:00.514+09:00  INFO 36656 --- [MySpringbootLab] [restartedMain] j.LocalContainerEntityManagerFactoryBean : Initialized JPA EntityManagerFactory for persistence unit 'default'
2025-05-08T17:30:00.910+09:00  WARN 36656 --- [MySpringbootLab] [restartedMain] JpaBaseConfiguration$JpaWebConfiguration : spring.jpa.open-in-view is enabled by default. Therefore, database queries may be performed during view rendering. Explicitly configure spring.jpa.open-in-view to disable this warning
2025-05-08T17:30:01.264+09:00  WARN 36656 --- [MySpringbootLab] [restartedMain] ion$DefaultTemplateResolverConfiguration : Cannot find template location: classpath:/templates/ (please add some templates, check your Thymeleaf configuration, or set spring.thymeleaf.check-template-location=false)
2025-05-08T17:30:01.560+09:00  INFO 36656 --- [MySpringbootLab] [restartedMain] o.s.b.a.h.H2ConsoleAutoConfiguration     : H2 console available at '/h2-console'. Database available at 'jdbc:mariadb://127.0.0.1/boot_db?user=boot&password=***'
2025-05-08T17:30:01.631+09:00  INFO 36656 --- [MySpringbootLab] [restartedMain] o.s.b.d.a.OptionalLiveReloadServer       : LiveReload server is running on port 35729
2025-05-08T17:30:01.643+09:00  INFO 36656 --- [MySpringbootLab] [restartedMain] o.s.b.a.e.w.EndpointLinksResolver        : Exposing 1 endpoint beneath base path '/actuator'
2025-05-08T17:30:01.726+09:00  INFO 36656 --- [MySpringbootLab] [restartedMain] o.s.b.w.e.t.TomcatWebServer              : Tomcat started on port 8080 (http) with context path '/'
2025-05-08T17:30:01.741+09:00  INFO 36656 --- [MySpringbootLab] [restartedMain] c.r.m.MySpringbootLabApplication         : Started MySpringbootLabApplication in 5.656 seconds (process running for 6.448)
2025-05-08T17:30:01.778+09:00  INFO 36656 --- [MySpringbootLab] [restartedMain] c.r.m.r.MyPropRunner                     : username: springboot
2025-05-08T17:30:01.778+09:00  INFO 36656 --- [MySpringbootLab] [restartedMain] c.r.m.r.MyPropRunner                     : 현재 실행 환경: 운영환경
2025-05-08T17:30:55.400+09:00  INFO 36656 --- [MySpringbootLab] [File Watcher] rtingClassPathChangeChangedEventListener : Restarting due to 13 class path changes (0 additions, 10 deletions, 3 modifications)
2025-05-08T17:30:55.404+09:00  INFO 36656 --- [MySpringbootLab] [Thread-5] o.s.b.w.e.t.GracefulShutdown             : Commencing graceful shutdown. Waiting for active requests to complete
2025-05-08T17:30:55.670+09:00  INFO 36656 --- [MySpringbootLab] [tomcat-shutdown] o.s.b.w.e.t.GracefulShutdown             : Graceful shutdown complete
2025-05-08T17:30:55.676+09:00  INFO 36656 --- [MySpringbootLab] [Thread-5] j.LocalContainerEntityManagerFactoryBean : Closing JPA EntityManagerFactory for persistence unit 'default'
2025-05-08T17:30:55.679+09:00  INFO 36656 --- [MySpringbootLab] [Thread-5] c.z.h.HikariDataSource                   : HikariPool-1 - Shutdown initiated...
2025-05-08T17:30:55.682+09:00  INFO 36656 --- [MySpringbootLab] [Thread-5] c.z.h.HikariDataSource                   : HikariPool-1 - Shutdown completed.
2025-05-08T17:30:55.825+09:00  INFO 36656 --- [MySpringbootLab] [restartedMain] c.r.m.MySpringbootLabApplication         : Starting MySpringbootLabApplication using Java 17.0.2 with PID 36656 (C:\mybackend\MySpringbootLab\MySpringbootLab\target\classes started by pshcc in C:\mybackend\MySpringbootLab)
2025-05-08T17:30:55.826+09:00  INFO 36656 --- [MySpringbootLab] [restartedMain] c.r.m.MySpringbootLabApplication         : The following 1 profile is active: "prod"
2025-05-08T17:30:56.412+09:00  INFO 36656 --- [MySpringbootLab] [restartedMain] .s.d.r.c.RepositoryConfigurationDelegate : Bootstrapping Spring Data JPA repositories in DEFAULT mode.
2025-05-08T17:30:56.475+09:00  INFO 36656 --- [MySpringbootLab] [restartedMain] .s.d.r.c.RepositoryConfigurationDelegate : Finished Spring Data repository scanning in 61 ms. Found 1 JPA repository interface.
2025-05-08T17:30:56.709+09:00  INFO 36656 --- [MySpringbootLab] [restartedMain] o.s.b.w.e.t.TomcatWebServer              : Tomcat initialized with port 8080 (http)
2025-05-08T17:30:56.711+09:00  INFO 36656 --- [MySpringbootLab] [restartedMain] o.a.c.c.StandardService                  : Starting service [Tomcat]
2025-05-08T17:30:56.711+09:00  INFO 36656 --- [MySpringbootLab] [restartedMain] o.a.c.c.StandardEngine                   : Starting Servlet engine: [Apache Tomcat/10.1.40]
2025-05-08T17:30:56.770+09:00  INFO 36656 --- [MySpringbootLab] [restartedMain] o.a.c.c.C.[.[.[/]                        : Initializing Spring embedded WebApplicationContext
2025-05-08T17:30:56.770+09:00  INFO 36656 --- [MySpringbootLab] [restartedMain] w.s.c.ServletWebServerApplicationContext : Root WebApplicationContext: initialization completed in 941 ms
2025-05-08T17:30:56.925+09:00  INFO 36656 --- [MySpringbootLab] [restartedMain] o.h.j.i.u.LogHelper                      : HHH000204: Processing PersistenceUnitInfo [name: default]
2025-05-08T17:30:56.930+09:00  INFO 36656 --- [MySpringbootLab] [restartedMain] o.h.c.i.RegionFactoryInitiator           : HHH000026: Second-level cache disabled
2025-05-08T17:30:56.944+09:00  INFO 36656 --- [MySpringbootLab] [restartedMain] o.s.o.j.p.SpringPersistenceUnitInfo      : No LoadTimeWeaver setup: ignoring JPA class transformer
2025-05-08T17:30:56.946+09:00  INFO 36656 --- [MySpringbootLab] [restartedMain] c.z.h.HikariDataSource                   : HikariPool-2 - Starting...
2025-05-08T17:30:56.949+09:00  INFO 36656 --- [MySpringbootLab] [restartedMain] c.z.h.p.HikariPool                       : HikariPool-2 - Added connection org.mariadb.jdbc.Connection@1201d55d
2025-05-08T17:30:56.950+09:00  INFO 36656 --- [MySpringbootLab] [restartedMain] c.z.h.HikariDataSource                   : HikariPool-2 - Start completed.
2025-05-08T17:30:56.952+09:00  WARN 36656 --- [MySpringbootLab] [restartedMain] o.h.o.deprecation                        : HHH90000025: MariaDBDialect does not need to be specified explicitly using 'hibernate.dialect' (remove the property setting and it will be selected by default)
2025-05-08T17:30:56.952+09:00  INFO 36656 --- [MySpringbootLab] [restartedMain] o.h.o.c.pooling                          : HHH10001005: Database info:
	Database JDBC URL [Connecting through datasource 'HikariDataSource (HikariPool-2)']
	Database driver: undefined/unknown
	Database version: 10.11.5
	Autocommit mode: undefined/unknown
	Isolation level: undefined/unknown
	Minimum pool size: undefined/unknown
	Maximum pool size: undefined/unknown
2025-05-08T17:30:57.008+09:00  INFO 36656 --- [MySpringbootLab] [restartedMain] o.h.e.t.j.p.i.JtaPlatformInitiator       : HHH000489: No JTA platform available (set 'hibernate.transaction.jta.platform' to enable JTA platform integration)
2025-05-08T17:30:57.015+09:00  INFO 36656 --- [MySpringbootLab] [restartedMain] j.LocalContainerEntityManagerFactoryBean : Initialized JPA EntityManagerFactory for persistence unit 'default'
2025-05-08T17:30:57.076+09:00  WARN 36656 --- [MySpringbootLab] [restartedMain] JpaBaseConfiguration$JpaWebConfiguration : spring.jpa.open-in-view is enabled by default. Therefore, database queries may be performed during view rendering. Explicitly configure spring.jpa.open-in-view to disable this warning
2025-05-08T17:30:57.258+09:00  WARN 36656 --- [MySpringbootLab] [restartedMain] ion$DefaultTemplateResolverConfiguration : Cannot find template location: classpath:/templates/ (please add some templates, check your Thymeleaf configuration, or set spring.thymeleaf.check-template-location=false)
2025-05-08T17:30:57.491+09:00  INFO 36656 --- [MySpringbootLab] [restartedMain] o.s.b.a.h.H2ConsoleAutoConfiguration     : H2 console available at '/h2-console'. Database available at 'jdbc:mariadb://127.0.0.1/boot_db?user=boot&password=***'
2025-05-08T17:30:57.538+09:00  INFO 36656 --- [MySpringbootLab] [restartedMain] o.s.b.d.a.OptionalLiveReloadServer       : LiveReload server is running on port 35729
2025-05-08T17:30:57.545+09:00  INFO 36656 --- [MySpringbootLab] [restartedMain] o.s.b.a.e.w.EndpointLinksResolver        : Exposing 1 endpoint beneath base path '/actuator'
2025-05-08T17:30:57.571+09:00  INFO 36656 --- [MySpringbootLab] [restartedMain] o.s.b.w.e.t.TomcatWebServer              : Tomcat started on port 8080 (http) with context path '/'
2025-05-08T17:30:57.583+09:00  INFO 36656 --- [MySpringbootLab] [restartedMain] c.r.m.MySpringbootLabApplication         : Started MySpringbootLabApplication in 1.842 seconds (process running for 62.29)
2025-05-08T17:30:57.586+09:00  INFO 36656 --- [MySpringbootLab] [restartedMain] .ConditionEvaluationDeltaLoggingListener : Condition evaluation unchanged
2025-05-08T17:30:58.992+09:00  INFO 36656 --- [MySpringbootLab] [File Watcher] rtingClassPathChangeChangedEventListener : Restarting due to 10 class path changes (10 additions, 0 deletions, 0 modifications)
2025-05-08T17:30:58.993+09:00  INFO 36656 --- [MySpringbootLab] [Thread-7] o.s.b.w.e.t.GracefulShutdown             : Commencing graceful shutdown. Waiting for active requests to complete
2025-05-08T17:30:59.291+09:00  INFO 36656 --- [MySpringbootLab] [tomcat-shutdown] o.s.b.w.e.t.GracefulShutdown             : Graceful shutdown complete
2025-05-08T17:30:59.295+09:00  INFO 36656 --- [MySpringbootLab] [Thread-7] j.LocalContainerEntityManagerFactoryBean : Closing JPA EntityManagerFactory for persistence unit 'default'
2025-05-08T17:30:59.296+09:00  INFO 36656 --- [MySpringbootLab] [Thread-7] c.z.h.HikariDataSource                   : HikariPool-2 - Shutdown initiated...
2025-05-08T17:30:59.298+09:00  INFO 36656 --- [MySpringbootLab] [Thread-7] c.z.h.HikariDataSource                   : HikariPool-2 - Shutdown completed.
2025-05-08T17:30:59.410+09:00  INFO 36656 --- [MySpringbootLab] [restartedMain] c.r.m.MySpringbootLabApplication         : Starting MySpringbootLabApplication using Java 17.0.2 with PID 36656 (C:\mybackend\MySpringbootLab\MySpringbootLab\target\classes started by pshcc in C:\mybackend\MySpringbootLab)
2025-05-08T17:30:59.410+09:00  INFO 36656 --- [MySpringbootLab] [restartedMain] c.r.m.MySpringbootLabApplication         : The following 1 profile is active: "prod"
2025-05-08T17:30:59.869+09:00  INFO 36656 --- [MySpringbootLab] [restartedMain] .s.d.r.c.RepositoryConfigurationDelegate : Bootstrapping Spring Data JPA repositories in DEFAULT mode.
2025-05-08T17:30:59.887+09:00  INFO 36656 --- [MySpringbootLab] [restartedMain] .s.d.r.c.RepositoryConfigurationDelegate : Finished Spring Data repository scanning in 16 ms. Found 1 JPA repository interface.
2025-05-08T17:31:00.042+09:00  INFO 36656 --- [MySpringbootLab] [restartedMain] o.s.b.w.e.t.TomcatWebServer              : Tomcat initialized with port 8080 (http)
2025-05-08T17:31:00.043+09:00  INFO 36656 --- [MySpringbootLab] [restartedMain] o.a.c.c.StandardService                  : Starting service [Tomcat]
2025-05-08T17:31:00.044+09:00  INFO 36656 --- [MySpringbootLab] [restartedMain] o.a.c.c.StandardEngine                   : Starting Servlet engine: [Apache Tomcat/10.1.40]
2025-05-08T17:31:00.094+09:00  INFO 36656 --- [MySpringbootLab] [restartedMain] o.a.c.c.C.[.[.[/]                        : Initializing Spring embedded WebApplicationContext
2025-05-08T17:31:00.094+09:00  INFO 36656 --- [MySpringbootLab] [restartedMain] w.s.c.ServletWebServerApplicationContext : Root WebApplicationContext: initialization completed in 681 ms
2025-05-08T17:31:00.247+09:00  INFO 36656 --- [MySpringbootLab] [restartedMain] o.h.j.i.u.LogHelper                      : HHH000204: Processing PersistenceUnitInfo [name: default]
2025-05-08T17:31:00.251+09:00  INFO 36656 --- [MySpringbootLab] [restartedMain] o.h.c.i.RegionFactoryInitiator           : HHH000026: Second-level cache disabled
2025-05-08T17:31:00.266+09:00  INFO 36656 --- [MySpringbootLab] [restartedMain] o.s.o.j.p.SpringPersistenceUnitInfo      : No LoadTimeWeaver setup: ignoring JPA class transformer
2025-05-08T17:31:00.268+09:00  INFO 36656 --- [MySpringbootLab] [restartedMain] c.z.h.HikariDataSource                   : HikariPool-3 - Starting...
2025-05-08T17:31:00.272+09:00  INFO 36656 --- [MySpringbootLab] [restartedMain] c.z.h.p.HikariPool                       : HikariPool-3 - Added connection org.mariadb.jdbc.Connection@17e9bcca
2025-05-08T17:31:00.272+09:00  INFO 36656 --- [MySpringbootLab] [restartedMain] c.z.h.HikariDataSource                   : HikariPool-3 - Start completed.
2025-05-08T17:31:00.274+09:00  WARN 36656 --- [MySpringbootLab] [restartedMain] o.h.o.deprecation                        : HHH90000025: MariaDBDialect does not need to be specified explicitly using 'hibernate.dialect' (remove the property setting and it will be selected by default)
2025-05-08T17:31:00.274+09:00  INFO 36656 --- [MySpringbootLab] [restartedMain] o.h.o.c.pooling                          : HHH10001005: Database info:
	Database JDBC URL [Connecting through datasource 'HikariDataSource (HikariPool-3)']
	Database driver: undefined/unknown
	Database version: 10.11.5
	Autocommit mode: undefined/unknown
	Isolation level: undefined/unknown
	Minimum pool size: undefined/unknown
	Maximum pool size: undefined/unknown
2025-05-08T17:31:00.332+09:00  INFO 36656 --- [MySpringbootLab] [restartedMain] o.h.e.t.j.p.i.JtaPlatformInitiator       : HHH000489: No JTA platform available (set 'hibernate.transaction.jta.platform' to enable JTA platform integration)
2025-05-08T17:31:00.340+09:00  INFO 36656 --- [MySpringbootLab] [restartedMain] j.LocalContainerEntityManagerFactoryBean : Initialized JPA EntityManagerFactory for persistence unit 'default'
2025-05-08T17:31:00.506+09:00  WARN 36656 --- [MySpringbootLab] [restartedMain] JpaBaseConfiguration$JpaWebConfiguration : spring.jpa.open-in-view is enabled by default. Therefore, database queries may be performed during view rendering. Explicitly configure spring.jpa.open-in-view to disable this warning
2025-05-08T17:31:00.780+09:00  WARN 36656 --- [MySpringbootLab] [restartedMain] ion$DefaultTemplateResolverConfiguration : Cannot find template location: classpath:/templates/ (please add some templates, check your Thymeleaf configuration, or set spring.thymeleaf.check-template-location=false)
2025-05-08T17:31:01.039+09:00  INFO 36656 --- [MySpringbootLab] [restartedMain] o.s.b.a.h.H2ConsoleAutoConfiguration     : H2 console available at '/h2-console'. Database available at 'jdbc:mariadb://127.0.0.1/boot_db?user=boot&password=***'
2025-05-08T17:31:01.091+09:00  INFO 36656 --- [MySpringbootLab] [restartedMain] o.s.b.d.a.OptionalLiveReloadServer       : LiveReload server is running on port 35729
2025-05-08T17:31:01.099+09:00  INFO 36656 --- [MySpringbootLab] [restartedMain] o.s.b.a.e.w.EndpointLinksResolver        : Exposing 1 endpoint beneath base path '/actuator'
2025-05-08T17:31:01.129+09:00  INFO 36656 --- [MySpringbootLab] [restartedMain] o.s.b.w.e.t.TomcatWebServer              : Tomcat started on port 8080 (http) with context path '/'
2025-05-08T17:31:01.141+09:00  INFO 36656 --- [MySpringbootLab] [restartedMain] c.r.m.MySpringbootLabApplication         : Started MySpringbootLabApplication in 1.804 seconds (process running for 65.848)
2025-05-08T17:31:01.143+09:00  INFO 36656 --- [MySpringbootLab] [restartedMain] c.r.m.r.MyPropRunner                     : username: springboot
2025-05-08T17:31:01.143+09:00  INFO 36656 --- [MySpringbootLab] [restartedMain] c.r.m.r.MyPropRunner                     : 현재 실행 환경: 운영환경
2025-05-08T17:31:01.145+09:00  INFO 36656 --- [MySpringbootLab] [restartedMain] .ConditionEvaluationDeltaLoggingListener : Condition evaluation unchanged
2025-05-08T17:32:58.448+09:00  INFO 36656 --- [MySpringbootLab] [File Watcher] rtingClassPathChangeChangedEventListener : Restarting due to 1 class path change (0 additions, 1 deletion, 0 modifications)
2025-05-08T17:32:58.450+09:00  INFO 36656 --- [MySpringbootLab] [Thread-11] o.s.b.w.e.t.GracefulShutdown             : Commencing graceful shutdown. Waiting for active requests to complete
2025-05-08T17:32:58.732+09:00  INFO 36656 --- [MySpringbootLab] [tomcat-shutdown] o.s.b.w.e.t.GracefulShutdown             : Graceful shutdown complete
2025-05-08T17:32:58.735+09:00  INFO 36656 --- [MySpringbootLab] [Thread-11] j.LocalContainerEntityManagerFactoryBean : Closing JPA EntityManagerFactory for persistence unit 'default'
2025-05-08T17:32:58.735+09:00  INFO 36656 --- [MySpringbootLab] [Thread-11] c.z.h.HikariDataSource                   : HikariPool-3 - Shutdown initiated...
2025-05-08T17:32:58.737+09:00  INFO 36656 --- [MySpringbootLab] [Thread-11] c.z.h.HikariDataSource                   : HikariPool-3 - Shutdown completed.
2025-05-08T17:32:58.852+09:00  INFO 36656 --- [MySpringbootLab] [restartedMain] c.r.m.MySpringbootLabApplication         : Starting MySpringbootLabApplication using Java 17.0.2 with PID 36656 (C:\mybackend\MySpringbootLab\MySpringbootLab\target\classes started by pshcc in C:\mybackend\MySpringbootLab)
2025-05-08T17:32:58.852+09:00  INFO 36656 --- [MySpringbootLab] [restartedMain] c.r.m.MySpringbootLabApplication         : The following 1 profile is active: "prod"
2025-05-08T17:32:59.379+09:00  INFO 36656 --- [MySpringbootLab] [restartedMain] .s.d.r.c.RepositoryConfigurationDelegate : Bootstrapping Spring Data JPA repositories in DEFAULT mode.
2025-05-08T17:32:59.397+09:00  INFO 36656 --- [MySpringbootLab] [restartedMain] .s.d.r.c.RepositoryConfigurationDelegate : Finished Spring Data repository scanning in 16 ms. Found 1 JPA repository interface.
2025-05-08T17:32:59.608+09:00  INFO 36656 --- [MySpringbootLab] [restartedMain] o.s.b.w.e.t.TomcatWebServer              : Tomcat initialized with port 8080 (http)
2025-05-08T17:32:59.609+09:00  INFO 36656 --- [MySpringbootLab] [restartedMain] o.a.c.c.StandardService                  : Starting service [Tomcat]
2025-05-08T17:32:59.610+09:00  INFO 36656 --- [MySpringbootLab] [restartedMain] o.a.c.c.StandardEngine                   : Starting Servlet engine: [Apache Tomcat/10.1.40]
2025-05-08T17:32:59.669+09:00  INFO 36656 --- [MySpringbootLab] [restartedMain] o.a.c.c.C.[.[.[/]                        : Initializing Spring embedded WebApplicationContext
2025-05-08T17:32:59.670+09:00  INFO 36656 --- [MySpringbootLab] [restartedMain] w.s.c.ServletWebServerApplicationContext : Root WebApplicationContext: initialization completed in 814 ms
2025-05-08T17:32:59.829+09:00  INFO 36656 --- [MySpringbootLab] [restartedMain] o.h.j.i.u.LogHelper                      : HHH000204: Processing PersistenceUnitInfo [name: default]
2025-05-08T17:32:59.835+09:00  INFO 36656 --- [MySpringbootLab] [restartedMain] o.h.c.i.RegionFactoryInitiator           : HHH000026: Second-level cache disabled
2025-05-08T17:32:59.849+09:00  INFO 36656 --- [MySpringbootLab] [restartedMain] o.s.o.j.p.SpringPersistenceUnitInfo      : No LoadTimeWeaver setup: ignoring JPA class transformer
2025-05-08T17:32:59.851+09:00  INFO 36656 --- [MySpringbootLab] [restartedMain] c.z.h.HikariDataSource                   : HikariPool-4 - Starting...
2025-05-08T17:32:59.855+09:00  INFO 36656 --- [MySpringbootLab] [restartedMain] c.z.h.p.HikariPool                       : HikariPool-4 - Added connection org.mariadb.jdbc.Connection@1ec3e103
2025-05-08T17:32:59.856+09:00  INFO 36656 --- [MySpringbootLab] [restartedMain] c.z.h.HikariDataSource                   : HikariPool-4 - Start completed.
2025-05-08T17:32:59.857+09:00  WARN 36656 --- [MySpringbootLab] [restartedMain] o.h.o.deprecation                        : HHH90000025: MariaDBDialect does not need to be specified explicitly using 'hibernate.dialect' (remove the property setting and it will be selected by default)
2025-05-08T17:32:59.857+09:00  INFO 36656 --- [MySpringbootLab] [restartedMain] o.h.o.c.pooling                          : HHH10001005: Database info:
	Database JDBC URL [Connecting through datasource 'HikariDataSource (HikariPool-4)']
	Database driver: undefined/unknown
	Database version: 10.11.5
	Autocommit mode: undefined/unknown
	Isolation level: undefined/unknown
	Minimum pool size: undefined/unknown
	Maximum pool size: undefined/unknown
2025-05-08T17:32:59.916+09:00  INFO 36656 --- [MySpringbootLab] [restartedMain] o.h.e.t.j.p.i.JtaPlatformInitiator       : HHH000489: No JTA platform available (set 'hibernate.transaction.jta.platform' to enable JTA platform integration)
2025-05-08T17:32:59.926+09:00  INFO 36656 --- [MySpringbootLab] [restartedMain] j.LocalContainerEntityManagerFactoryBean : Initialized JPA EntityManagerFactory for persistence unit 'default'
2025-05-08T17:33:00.081+09:00  WARN 36656 --- [MySpringbootLab] [restartedMain] JpaBaseConfiguration$JpaWebConfiguration : spring.jpa.open-in-view is enabled by default. Therefore, database queries may be performed during view rendering. Explicitly configure spring.jpa.open-in-view to disable this warning
2025-05-08T17:33:00.246+09:00  WARN 36656 --- [MySpringbootLab] [restartedMain] ion$DefaultTemplateResolverConfiguration : Cannot find template location: classpath:/templates/ (please add some templates, check your Thymeleaf configuration, or set spring.thymeleaf.check-template-location=false)
2025-05-08T17:33:00.415+09:00  INFO 36656 --- [MySpringbootLab] [restartedMain] o.s.b.a.h.H2ConsoleAutoConfiguration     : H2 console available at '/h2-console'. Database available at 'jdbc:mariadb://127.0.0.1/boot_db?user=boot&password=***'
2025-05-08T17:33:00.454+09:00  INFO 36656 --- [MySpringbootLab] [restartedMain] o.s.b.d.a.OptionalLiveReloadServer       : LiveReload server is running on port 35729
2025-05-08T17:33:00.459+09:00  INFO 36656 --- [MySpringbootLab] [restartedMain] o.s.b.a.e.w.EndpointLinksResolver        : Exposing 1 endpoint beneath base path '/actuator'
2025-05-08T17:33:00.477+09:00  INFO 36656 --- [MySpringbootLab] [restartedMain] o.s.b.w.e.t.TomcatWebServer              : Tomcat started on port 8080 (http) with context path '/'
2025-05-08T17:33:00.486+09:00  INFO 36656 --- [MySpringbootLab] [restartedMain] c.r.m.MySpringbootLabApplication         : Started MySpringbootLabApplication in 1.707 seconds (process running for 185.193)
2025-05-08T17:33:00.487+09:00  INFO 36656 --- [MySpringbootLab] [restartedMain] c.r.m.r.MyPropRunner                     : username: springboot
2025-05-08T17:33:00.487+09:00  INFO 36656 --- [MySpringbootLab] [restartedMain] c.r.m.r.MyPropRunner                     : 현재 실행 환경: 운영환경
2025-05-08T17:33:00.489+09:00  INFO 36656 --- [MySpringbootLab] [restartedMain] .ConditionEvaluationDeltaLoggingListener : Condition evaluation unchanged
2025-05-08T17:33:01.903+09:00  INFO 36656 --- [MySpringbootLab] [File Watcher] rtingClassPathChangeChangedEventListener : Restarting due to 1 class path change (1 addition, 0 deletions, 0 modifications)
2025-05-08T17:33:01.904+09:00  INFO 36656 --- [MySpringbootLab] [Thread-15] o.s.b.w.e.t.GracefulShutdown             : Commencing graceful shutdown. Waiting for active requests to complete
2025-05-08T17:33:02.176+09:00  INFO 36656 --- [MySpringbootLab] [tomcat-shutdown] o.s.b.w.e.t.GracefulShutdown             : Graceful shutdown complete
2025-05-08T17:33:02.178+09:00  INFO 36656 --- [MySpringbootLab] [Thread-15] j.LocalContainerEntityManagerFactoryBean : Closing JPA EntityManagerFactory for persistence unit 'default'
2025-05-08T17:33:02.179+09:00  INFO 36656 --- [MySpringbootLab] [Thread-15] c.z.h.HikariDataSource                   : HikariPool-4 - Shutdown initiated...
2025-05-08T17:33:02.181+09:00  INFO 36656 --- [MySpringbootLab] [Thread-15] c.z.h.HikariDataSource                   : HikariPool-4 - Shutdown completed.
2025-05-08T17:33:02.275+09:00  INFO 36656 --- [MySpringbootLab] [restartedMain] c.r.m.MySpringbootLabApplication         : Starting MySpringbootLabApplication using Java 17.0.2 with PID 36656 (C:\mybackend\MySpringbootLab\MySpringbootLab\target\classes started by pshcc in C:\mybackend\MySpringbootLab)
2025-05-08T17:33:02.275+09:00  INFO 36656 --- [MySpringbootLab] [restartedMain] c.r.m.MySpringbootLabApplication         : The following 1 profile is active: "prod"
2025-05-08T17:33:02.595+09:00  INFO 36656 --- [MySpringbootLab] [restartedMain] .s.d.r.c.RepositoryConfigurationDelegate : Bootstrapping Spring Data JPA repositories in DEFAULT mode.
2025-05-08T17:33:02.611+09:00  INFO 36656 --- [MySpringbootLab] [restartedMain] .s.d.r.c.RepositoryConfigurationDelegate : Finished Spring Data repository scanning in 14 ms. Found 1 JPA repository interface.
2025-05-08T17:33:02.739+09:00  INFO 36656 --- [MySpringbootLab] [restartedMain] o.s.b.w.e.t.TomcatWebServer              : Tomcat initialized with port 8080 (http)
2025-05-08T17:33:02.741+09:00  INFO 36656 --- [MySpringbootLab] [restartedMain] o.a.c.c.StandardService                  : Starting service [Tomcat]
2025-05-08T17:33:02.741+09:00  INFO 36656 --- [MySpringbootLab] [restartedMain] o.a.c.c.StandardEngine                   : Starting Servlet engine: [Apache Tomcat/10.1.40]
2025-05-08T17:33:02.780+09:00  INFO 36656 --- [MySpringbootLab] [restartedMain] o.a.c.c.C.[.[.[/]                        : Initializing Spring embedded WebApplicationContext
2025-05-08T17:33:02.780+09:00  INFO 36656 --- [MySpringbootLab] [restartedMain] w.s.c.ServletWebServerApplicationContext : Root WebApplicationContext: initialization completed in 503 ms
2025-05-08T17:33:02.873+09:00  INFO 36656 --- [MySpringbootLab] [restartedMain] o.h.j.i.u.LogHelper                      : HHH000204: Processing PersistenceUnitInfo [name: default]
2025-05-08T17:33:02.877+09:00  INFO 36656 --- [MySpringbootLab] [restartedMain] o.h.c.i.RegionFactoryInitiator           : HHH000026: Second-level cache disabled
2025-05-08T17:33:02.887+09:00  INFO 36656 --- [MySpringbootLab] [restartedMain] o.s.o.j.p.SpringPersistenceUnitInfo      : No LoadTimeWeaver setup: ignoring JPA class transformer
2025-05-08T17:33:02.889+09:00  INFO 36656 --- [MySpringbootLab] [restartedMain] c.z.h.HikariDataSource                   : HikariPool-5 - Starting...
2025-05-08T17:33:02.892+09:00  INFO 36656 --- [MySpringbootLab] [restartedMain] c.z.h.p.HikariPool                       : HikariPool-5 - Added connection org.mariadb.jdbc.Connection@4b4e1151
2025-05-08T17:33:02.892+09:00  INFO 36656 --- [MySpringbootLab] [restartedMain] c.z.h.HikariDataSource                   : HikariPool-5 - Start completed.
2025-05-08T17:33:02.893+09:00  WARN 36656 --- [MySpringbootLab] [restartedMain] o.h.o.deprecation                        : HHH90000025: MariaDBDialect does not need to be specified explicitly using 'hibernate.dialect' (remove the property setting and it will be selected by default)
2025-05-08T17:33:02.893+09:00  INFO 36656 --- [MySpringbootLab] [restartedMain] o.h.o.c.pooling                          : HHH10001005: Database info:
	Database JDBC URL [Connecting through datasource 'HikariDataSource (HikariPool-5)']
	Database driver: undefined/unknown
	Database version: 10.11.5
	Autocommit mode: undefined/unknown
	Isolation level: undefined/unknown
	Minimum pool size: undefined/unknown
	Maximum pool size: undefined/unknown
2025-05-08T17:33:02.938+09:00  INFO 36656 --- [MySpringbootLab] [restartedMain] o.h.e.t.j.p.i.JtaPlatformInitiator       : HHH000489: No JTA platform available (set 'hibernate.transaction.jta.platform' to enable JTA platform integration)
2025-05-08T17:33:02.945+09:00  INFO 36656 --- [MySpringbootLab] [restartedMain] j.LocalContainerEntityManagerFactoryBean : Initialized JPA EntityManagerFactory for persistence unit 'default'
2025-05-08T17:33:03.059+09:00  WARN 36656 --- [MySpringbootLab] [restartedMain] JpaBaseConfiguration$JpaWebConfiguration : spring.jpa.open-in-view is enabled by default. Therefore, database queries may be performed during view rendering. Explicitly configure spring.jpa.open-in-view to disable this warning
2025-05-08T17:33:03.174+09:00  WARN 36656 --- [MySpringbootLab] [restartedMain] ion$DefaultTemplateResolverConfiguration : Cannot find template location: classpath:/templates/ (please add some templates, check your Thymeleaf configuration, or set spring.thymeleaf.check-template-location=false)
2025-05-08T17:33:03.308+09:00  INFO 36656 --- [MySpringbootLab] [restartedMain] o.s.b.a.h.H2ConsoleAutoConfiguration     : H2 console available at '/h2-console'. Database available at 'jdbc:mariadb://127.0.0.1/boot_db?user=boot&password=***'
2025-05-08T17:33:03.331+09:00  INFO 36656 --- [MySpringbootLab] [restartedMain] o.s.b.d.a.OptionalLiveReloadServer       : LiveReload server is running on port 35729
2025-05-08T17:33:03.335+09:00  INFO 36656 --- [MySpringbootLab] [restartedMain] o.s.b.a.e.w.EndpointLinksResolver        : Exposing 1 endpoint beneath base path '/actuator'
2025-05-08T17:33:03.351+09:00  INFO 36656 --- [MySpringbootLab] [restartedMain] o.s.b.w.e.t.TomcatWebServer              : Tomcat started on port 8080 (http) with context path '/'
2025-05-08T17:33:03.358+09:00  INFO 36656 --- [MySpringbootLab] [restartedMain] c.r.m.MySpringbootLabApplication         : Started MySpringbootLabApplication in 1.138 seconds (process running for 188.064)
2025-05-08T17:33:03.359+09:00  INFO 36656 --- [MySpringbootLab] [restartedMain] c.r.m.r.MyPropRunner                     : username: springboot
2025-05-08T17:33:03.359+09:00  INFO 36656 --- [MySpringbootLab] [restartedMain] c.r.m.r.MyPropRunner                     : 현재 실행 환경: 운영환경
2025-05-08T17:33:03.360+09:00  INFO 36656 --- [MySpringbootLab] [restartedMain] .ConditionEvaluationDeltaLoggingListener : Condition evaluation unchanged
2025-05-08T17:35:23.285+09:00  INFO 36656 --- [MySpringbootLab] [File Watcher] rtingClassPathChangeChangedEventListener : Restarting due to 1 class path change (0 additions, 0 deletions, 1 modification)
2025-05-08T17:35:23.286+09:00  INFO 36656 --- [MySpringbootLab] [Thread-19] o.s.b.w.e.t.GracefulShutdown             : Commencing graceful shutdown. Waiting for active requests to complete
2025-05-08T17:35:23.556+09:00  INFO 36656 --- [MySpringbootLab] [tomcat-shutdown] o.s.b.w.e.t.GracefulShutdown             : Graceful shutdown complete
2025-05-08T17:35:23.558+09:00  INFO 36656 --- [MySpringbootLab] [Thread-19] j.LocalContainerEntityManagerFactoryBean : Closing JPA EntityManagerFactory for persistence unit 'default'
2025-05-08T17:35:23.559+09:00  INFO 36656 --- [MySpringbootLab] [Thread-19] c.z.h.HikariDataSource                   : HikariPool-5 - Shutdown initiated...
2025-05-08T17:35:23.561+09:00  INFO 36656 --- [MySpringbootLab] [Thread-19] c.z.h.HikariDataSource                   : HikariPool-5 - Shutdown completed.
2025-05-08T17:35:23.664+09:00  INFO 36656 --- [MySpringbootLab] [restartedMain] c.r.m.MySpringbootLabApplication         : Starting MySpringbootLabApplication using Java 17.0.2 with PID 36656 (C:\mybackend\MySpringbootLab\MySpringbootLab\target\classes started by pshcc in C:\mybackend\MySpringbootLab)
2025-05-08T17:35:23.664+09:00  INFO 36656 --- [MySpringbootLab] [restartedMain] c.r.m.MySpringbootLabApplication         : The following 1 profile is active: "prod"
2025-05-08T17:35:23.959+09:00  INFO 36656 --- [MySpringbootLab] [restartedMain] .s.d.r.c.RepositoryConfigurationDelegate : Bootstrapping Spring Data JPA repositories in DEFAULT mode.
2025-05-08T17:35:23.972+09:00  INFO 36656 --- [MySpringbootLab] [restartedMain] .s.d.r.c.RepositoryConfigurationDelegate : Finished Spring Data repository scanning in 12 ms. Found 1 JPA repository interface.
2025-05-08T17:35:24.103+09:00  INFO 36656 --- [MySpringbootLab] [restartedMain] o.s.b.w.e.t.TomcatWebServer              : Tomcat initialized with port 8080 (http)
2025-05-08T17:35:24.104+09:00  INFO 36656 --- [MySpringbootLab] [restartedMain] o.a.c.c.StandardService                  : Starting service [Tomcat]
2025-05-08T17:35:24.104+09:00  INFO 36656 --- [MySpringbootLab] [restartedMain] o.a.c.c.StandardEngine                   : Starting Servlet engine: [Apache Tomcat/10.1.40]
2025-05-08T17:35:24.152+09:00  INFO 36656 --- [MySpringbootLab] [restartedMain] o.a.c.c.C.[.[.[/]                        : Initializing Spring embedded WebApplicationContext
2025-05-08T17:35:24.153+09:00  INFO 36656 --- [MySpringbootLab] [restartedMain] w.s.c.ServletWebServerApplicationContext : Root WebApplicationContext: initialization completed in 486 ms
2025-05-08T17:35:24.263+09:00  INFO 36656 --- [MySpringbootLab] [restartedMain] o.h.j.i.u.LogHelper                      : HHH000204: Processing PersistenceUnitInfo [name: default]
2025-05-08T17:35:24.267+09:00  INFO 36656 --- [MySpringbootLab] [restartedMain] o.h.c.i.RegionFactoryInitiator           : HHH000026: Second-level cache disabled
2025-05-08T17:35:24.277+09:00  INFO 36656 --- [MySpringbootLab] [restartedMain] o.s.o.j.p.SpringPersistenceUnitInfo      : No LoadTimeWeaver setup: ignoring JPA class transformer
2025-05-08T17:35:24.278+09:00  INFO 36656 --- [MySpringbootLab] [restartedMain] c.z.h.HikariDataSource                   : HikariPool-6 - Starting...
2025-05-08T17:35:24.282+09:00  INFO 36656 --- [MySpringbootLab] [restartedMain] c.z.h.p.HikariPool                       : HikariPool-6 - Added connection org.mariadb.jdbc.Connection@2301e136
2025-05-08T17:35:24.282+09:00  INFO 36656 --- [MySpringbootLab] [restartedMain] c.z.h.HikariDataSource                   : HikariPool-6 - Start completed.
2025-05-08T17:35:24.283+09:00  WARN 36656 --- [MySpringbootLab] [restartedMain] o.h.o.deprecation                        : HHH90000025: MariaDBDialect does not need to be specified explicitly using 'hibernate.dialect' (remove the property setting and it will be selected by default)
2025-05-08T17:35:24.284+09:00  INFO 36656 --- [MySpringbootLab] [restartedMain] o.h.o.c.pooling                          : HHH10001005: Database info:
	Database JDBC URL [Connecting through datasource 'HikariDataSource (HikariPool-6)']
	Database driver: undefined/unknown
	Database version: 10.11.5
	Autocommit mode: undefined/unknown
	Isolation level: undefined/unknown
	Minimum pool size: undefined/unknown
	Maximum pool size: undefined/unknown
2025-05-08T17:35:24.328+09:00  INFO 36656 --- [MySpringbootLab] [restartedMain] o.h.e.t.j.p.i.JtaPlatformInitiator       : HHH000489: No JTA platform available (set 'hibernate.transaction.jta.platform' to enable JTA platform integration)
2025-05-08T17:35:24.336+09:00  INFO 36656 --- [MySpringbootLab] [restartedMain] j.LocalContainerEntityManagerFactoryBean : Initialized JPA EntityManagerFactory for persistence unit 'default'
2025-05-08T17:35:24.454+09:00  WARN 36656 --- [MySpringbootLab] [restartedMain] JpaBaseConfiguration$JpaWebConfiguration : spring.jpa.open-in-view is enabled by default. Therefore, database queries may be performed during view rendering. Explicitly configure spring.jpa.open-in-view to disable this warning
2025-05-08T17:35:24.616+09:00  WARN 36656 --- [MySpringbootLab] [restartedMain] ion$DefaultTemplateResolverConfiguration : Cannot find template location: classpath:/templates/ (please add some templates, check your Thymeleaf configuration, or set spring.thymeleaf.check-template-location=false)
2025-05-08T17:35:24.772+09:00  INFO 36656 --- [MySpringbootLab] [restartedMain] o.s.b.a.h.H2ConsoleAutoConfiguration     : H2 console available at '/h2-console'. Database available at 'jdbc:mariadb://127.0.0.1/boot_db?user=boot&password=***'
2025-05-08T17:35:24.797+09:00  INFO 36656 --- [MySpringbootLab] [restartedMain] o.s.b.d.a.OptionalLiveReloadServer       : LiveReload server is running on port 35729
2025-05-08T17:35:24.803+09:00  INFO 36656 --- [MySpringbootLab] [restartedMain] o.s.b.a.e.w.EndpointLinksResolver        : Exposing 1 endpoint beneath base path '/actuator'
2025-05-08T17:35:24.821+09:00  INFO 36656 --- [MySpringbootLab] [restartedMain] o.s.b.w.e.t.TomcatWebServer              : Tomcat started on port 8080 (http) with context path '/'
2025-05-08T17:35:24.828+09:00  INFO 36656 --- [MySpringbootLab] [restartedMain] c.r.m.MySpringbootLabApplication         : Started MySpringbootLabApplication in 1.219 seconds (process running for 329.535)
2025-05-08T17:35:24.829+09:00  INFO 36656 --- [MySpringbootLab] [restartedMain] c.r.m.r.MyPropRunner                     : username: springboot
2025-05-08T17:35:24.829+09:00  INFO 36656 --- [MySpringbootLab] [restartedMain] c.r.m.r.MyPropRunner                     : 현재 실행 환경: 운영환경
2025-05-08T17:35:24.830+09:00  INFO 36656 --- [MySpringbootLab] [restartedMain] .ConditionEvaluationDeltaLoggingListener : Condition evaluation unchanged
2025-05-08T17:39:20.652+09:00  INFO 36656 --- [MySpringbootLab] [http-nio-8080-exec-2] o.a.c.c.C.[.[.[/]                        : Initializing Spring DispatcherServlet 'dispatcherServlet'
2025-05-08T17:39:20.652+09:00  INFO 36656 --- [MySpringbootLab] [http-nio-8080-exec-2] o.s.w.s.DispatcherServlet                : Initializing Servlet 'dispatcherServlet'
2025-05-08T17:39:20.653+09:00  INFO 36656 --- [MySpringbootLab] [http-nio-8080-exec-2] o.s.w.s.DispatcherServlet                : Completed initialization in 1 ms
2025-05-08T17:39:20.677+09:00  WARN 36656 --- [MySpringbootLab] [http-nio-8080-exec-2] .w.s.m.s.DefaultHandlerExceptionResolver : Resolved [org.springframework.web.HttpRequestMethodNotSupportedException: Request method 'DELETE' is not supported]
2025-05-08T17:41:26.675+09:00  INFO 36656 --- [MySpringbootLab] [SpringApplicationShutdownHook] o.s.b.w.e.t.GracefulShutdown             : Commencing graceful shutdown. Waiting for active requests to complete
2025-05-08T17:41:26.924+09:00  INFO 36656 --- [MySpringbootLab] [tomcat-shutdown] o.s.b.w.e.t.GracefulShutdown             : Graceful shutdown complete
2025-05-08T17:41:26.926+09:00  INFO 36656 --- [MySpringbootLab] [SpringApplicationShutdownHook] j.LocalContainerEntityManagerFactoryBean : Closing JPA EntityManagerFactory for persistence unit 'default'
2025-05-08T17:41:26.927+09:00  INFO 36656 --- [MySpringbootLab] [SpringApplicationShutdownHook] c.z.h.HikariDataSource                   : HikariPool-6 - Shutdown initiated...
2025-05-08T17:41:26.928+09:00  INFO 36656 --- [MySpringbootLab] [SpringApplicationShutdownHook] c.z.h.HikariDataSource                   : HikariPool-6 - Shutdown completed.
2025-05-09T23:37:17.934+09:00  INFO 16884 --- [MySpringbootLab] [restartedMain] c.r.m.MySpringbootLabApplication         : Starting MySpringbootLabApplication using Java 17.0.2 with PID 16884 (C:\mybackend\MySpringbootLab\MySpringbootLab\target\classes started by pshcc in C:\mybackend\MySpringbootLab)
2025-05-09T23:37:17.939+09:00  INFO 16884 --- [MySpringbootLab] [restartedMain] c.r.m.MySpringbootLabApplication         : The following 1 profile is active: "prod"
2025-05-09T23:37:17.983+09:00  INFO 16884 --- [MySpringbootLab] [restartedMain] .e.DevToolsPropertyDefaultsPostProcessor : Devtools property defaults active! Set 'spring.devtools.add-properties' to 'false' to disable
2025-05-09T23:37:17.984+09:00  INFO 16884 --- [MySpringbootLab] [restartedMain] .e.DevToolsPropertyDefaultsPostProcessor : For additional web related logging consider setting the 'logging.level.web' property to 'DEBUG'
2025-05-09T23:37:19.105+09:00  INFO 16884 --- [MySpringbootLab] [restartedMain] .s.d.r.c.RepositoryConfigurationDelegate : Bootstrapping Spring Data JPA repositories in DEFAULT mode.
2025-05-09T23:37:19.171+09:00  INFO 16884 --- [MySpringbootLab] [restartedMain] .s.d.r.c.RepositoryConfigurationDelegate : Finished Spring Data repository scanning in 55 ms. Found 1 JPA repository interface.
2025-05-09T23:37:20.152+09:00  INFO 16884 --- [MySpringbootLab] [restartedMain] o.s.b.w.e.t.TomcatWebServer              : Tomcat initialized with port 8080 (http)
2025-05-09T23:37:20.167+09:00  INFO 16884 --- [MySpringbootLab] [restartedMain] o.a.c.c.StandardService                  : Starting service [Tomcat]
2025-05-09T23:37:20.168+09:00  INFO 16884 --- [MySpringbootLab] [restartedMain] o.a.c.c.StandardEngine                   : Starting Servlet engine: [Apache Tomcat/10.1.40]
2025-05-09T23:37:20.238+09:00  INFO 16884 --- [MySpringbootLab] [restartedMain] o.a.c.c.C.[.[.[/]                        : Initializing Spring embedded WebApplicationContext
2025-05-09T23:37:20.239+09:00  INFO 16884 --- [MySpringbootLab] [restartedMain] w.s.c.ServletWebServerApplicationContext : Root WebApplicationContext: initialization completed in 2253 ms
2025-05-09T23:37:20.579+09:00  INFO 16884 --- [MySpringbootLab] [restartedMain] o.h.j.i.u.LogHelper                      : HHH000204: Processing PersistenceUnitInfo [name: default]
2025-05-09T23:37:20.650+09:00  INFO 16884 --- [MySpringbootLab] [restartedMain] o.h.Version                              : HHH000412: Hibernate ORM core version 6.6.13.Final
2025-05-09T23:37:20.690+09:00  INFO 16884 --- [MySpringbootLab] [restartedMain] o.h.c.i.RegionFactoryInitiator           : HHH000026: Second-level cache disabled
2025-05-09T23:37:21.001+09:00  INFO 16884 --- [MySpringbootLab] [restartedMain] o.s.o.j.p.SpringPersistenceUnitInfo      : No LoadTimeWeaver setup: ignoring JPA class transformer
2025-05-09T23:37:21.037+09:00  INFO 16884 --- [MySpringbootLab] [restartedMain] c.z.h.HikariDataSource                   : HikariPool-1 - Starting...
2025-05-09T23:37:21.128+09:00  INFO 16884 --- [MySpringbootLab] [restartedMain] c.z.h.p.HikariPool                       : HikariPool-1 - Added connection org.mariadb.jdbc.Connection@497250d8
2025-05-09T23:37:21.130+09:00  INFO 16884 --- [MySpringbootLab] [restartedMain] c.z.h.HikariDataSource                   : HikariPool-1 - Start completed.
2025-05-09T23:37:21.161+09:00  WARN 16884 --- [MySpringbootLab] [restartedMain] o.h.o.deprecation                        : HHH90000025: MariaDBDialect does not need to be specified explicitly using 'hibernate.dialect' (remove the property setting and it will be selected by default)
2025-05-09T23:37:21.182+09:00  INFO 16884 --- [MySpringbootLab] [restartedMain] o.h.o.c.pooling                          : HHH10001005: Database info:
	Database JDBC URL [Connecting through datasource 'HikariDataSource (HikariPool-1)']
	Database driver: undefined/unknown
	Database version: 10.11.5
	Autocommit mode: undefined/unknown
	Isolation level: undefined/unknown
	Minimum pool size: undefined/unknown
	Maximum pool size: undefined/unknown
2025-05-09T23:37:21.985+09:00  INFO 16884 --- [MySpringbootLab] [restartedMain] o.h.e.t.j.p.i.JtaPlatformInitiator       : HHH000489: No JTA platform available (set 'hibernate.transaction.jta.platform' to enable JTA platform integration)
2025-05-09T23:37:22.032+09:00  WARN 16884 --- [MySpringbootLab] [restartedMain] o.m.j.m.s.ErrorPacket                    : Error: 1075-42000: Incorrect table definition; there can be only one auto column and it must be defined as a key
2025-05-09T23:37:22.032+09:00  WARN 16884 --- [MySpringbootLab] [restartedMain] o.h.t.s.i.ExceptionHandlerLoggedImpl     : GenerationTarget encountered exception accepting command : Error executing DDL "alter table if exists books add column book_id bigint not null auto_increment" via JDBC [(conn=1476) Incorrect table definition; there can be only one auto column and it must be defined as a key]

org.hibernate.tool.schema.spi.CommandAcceptanceException: Error executing DDL "alter table if exists books add column book_id bigint not null auto_increment" via JDBC [(conn=1476) Incorrect table definition; there can be only one auto column and it must be defined as a key]
	at org.hibernate.tool.schema.internal.exec.GenerationTargetToDatabase.accept(GenerationTargetToDatabase.java:94) ~[hibernate-core-6.6.13.Final.jar:6.6.13.Final]
	at org.hibernate.tool.schema.internal.AbstractSchemaMigrator.applySqlString(AbstractSchemaMigrator.java:576) ~[hibernate-core-6.6.13.Final.jar:6.6.13.Final]
	at org.hibernate.tool.schema.internal.AbstractSchemaMigrator.applySqlStrings(AbstractSchemaMigrator.java:516) ~[hibernate-core-6.6.13.Final.jar:6.6.13.Final]
	at org.hibernate.tool.schema.internal.AbstractSchemaMigrator.migrateTable(AbstractSchemaMigrator.java:334) ~[hibernate-core-6.6.13.Final.jar:6.6.13.Final]
	at org.hibernate.tool.schema.internal.GroupedSchemaMigratorImpl.performTablesMigration(GroupedSchemaMigratorImpl.java:84) ~[hibernate-core-6.6.13.Final.jar:6.6.13.Final]
	at org.hibernate.tool.schema.internal.AbstractSchemaMigrator.performMigration(AbstractSchemaMigrator.java:233) ~[hibernate-core-6.6.13.Final.jar:6.6.13.Final]
	at org.hibernate.tool.schema.internal.AbstractSchemaMigrator.doMigration(AbstractSchemaMigrator.java:112) ~[hibernate-core-6.6.13.Final.jar:6.6.13.Final]
	at org.hibernate.tool.schema.spi.SchemaManagementToolCoordinator.performDatabaseAction(SchemaManagementToolCoordinator.java:280) ~[hibernate-core-6.6.13.Final.jar:6.6.13.Final]
	at org.hibernate.tool.schema.spi.SchemaManagementToolCoordinator.lambda$process$5(SchemaManagementToolCoordinator.java:144) ~[hibernate-core-6.6.13.Final.jar:6.6.13.Final]
	at java.base/java.util.HashMap.forEach(HashMap.java:1421) ~[?:?]
	at org.hibernate.tool.schema.spi.SchemaManagementToolCoordinator.process(SchemaManagementToolCoordinator.java:141) ~[hibernate-core-6.6.13.Final.jar:6.6.13.Final]
	at org.hibernate.boot.internal.SessionFactoryObserverForSchemaExport.sessionFactoryCreated(SessionFactoryObserverForSchemaExport.java:37) ~[hibernate-core-6.6.13.Final.jar:6.6.13.Final]
	at org.hibernate.internal.SessionFactoryObserverChain.sessionFactoryCreated(SessionFactoryObserverChain.java:35) ~[hibernate-core-6.6.13.Final.jar:6.6.13.Final]
	at org.hibernate.internal.SessionFactoryImpl.<init>(SessionFactoryImpl.java:324) ~[hibernate-core-6.6.13.Final.jar:6.6.13.Final]
	at org.hibernate.boot.internal.SessionFactoryBuilderImpl.build(SessionFactoryBuilderImpl.java:463) ~[hibernate-core-6.6.13.Final.jar:6.6.13.Final]
	at org.hibernate.jpa.boot.internal.EntityManagerFactoryBuilderImpl.build(EntityManagerFactoryBuilderImpl.java:1517) ~[hibernate-core-6.6.13.Final.jar:6.6.13.Final]
	at org.springframework.orm.jpa.vendor.SpringHibernateJpaPersistenceProvider.createContainerEntityManagerFactory(SpringHibernateJpaPersistenceProvider.java:66) ~[spring-orm-6.2.6.jar:6.2.6]
	at org.springframework.orm.jpa.LocalContainerEntityManagerFactoryBean.createNativeEntityManagerFactory(LocalContainerEntityManagerFactoryBean.java:390) ~[spring-orm-6.2.6.jar:6.2.6]
	at org.springframework.orm.jpa.AbstractEntityManagerFactoryBean.buildNativeEntityManagerFactory(AbstractEntityManagerFactoryBean.java:419) ~[spring-orm-6.2.6.jar:6.2.6]
	at org.springframework.orm.jpa.AbstractEntityManagerFactoryBean.afterPropertiesSet(AbstractEntityManagerFactoryBean.java:400) ~[spring-orm-6.2.6.jar:6.2.6]
	at org.springframework.orm.jpa.LocalContainerEntityManagerFactoryBean.afterPropertiesSet(LocalContainerEntityManagerFactoryBean.java:366) ~[spring-orm-6.2.6.jar:6.2.6]
	at org.springframework.beans.factory.support.AbstractAutowireCapableBeanFactory.invokeInitMethods(AbstractAutowireCapableBeanFactory.java:1865) ~[spring-beans-6.2.6.jar:6.2.6]
	at org.springframework.beans.factory.support.AbstractAutowireCapableBeanFactory.initializeBean(AbstractAutowireCapableBeanFactory.java:1814) ~[spring-beans-6.2.6.jar:6.2.6]
	at org.springframework.beans.factory.support.AbstractAutowireCapableBeanFactory.doCreateBean(AbstractAutowireCapableBeanFactory.java:607) ~[spring-beans-6.2.6.jar:6.2.6]
	at org.springframework.beans.factory.support.AbstractAutowireCapableBeanFactory.createBean(AbstractAutowireCapableBeanFactory.java:529) ~[spring-beans-6.2.6.jar:6.2.6]
	at org.springframework.beans.factory.support.AbstractBeanFactory.lambda$doGetBean$0(AbstractBeanFactory.java:339) ~[spring-beans-6.2.6.jar:6.2.6]
	at org.springframework.beans.factory.support.DefaultSingletonBeanRegistry.getSingleton(DefaultSingletonBeanRegistry.java:371) [spring-beans-6.2.6.jar:6.2.6]
	at org.springframework.beans.factory.support.AbstractBeanFactory.doGetBean(AbstractBeanFactory.java:337) [spring-beans-6.2.6.jar:6.2.6]
	at org.springframework.beans.factory.support.AbstractBeanFactory.getBean(AbstractBeanFactory.java:207) [spring-beans-6.2.6.jar:6.2.6]
	at org.springframework.context.support.AbstractApplicationContext.finishBeanFactoryInitialization(AbstractApplicationContext.java:970) [spring-context-6.2.6.jar:6.2.6]
	at org.springframework.context.support.AbstractApplicationContext.refresh(AbstractApplicationContext.java:627) [spring-context-6.2.6.jar:6.2.6]
	at org.springframework.boot.web.servlet.context.ServletWebServerApplicationContext.refresh(ServletWebServerApplicationContext.java:146) [spring-boot-3.4.5.jar:3.4.5]
	at org.springframework.boot.SpringApplication.refresh(SpringApplication.java:753) [spring-boot-3.4.5.jar:3.4.5]
	at org.springframework.boot.SpringApplication.refreshContext(SpringApplication.java:439) [spring-boot-3.4.5.jar:3.4.5]
	at org.springframework.boot.SpringApplication.run(SpringApplication.java:318) [spring-boot-3.4.5.jar:3.4.5]
	at org.springframework.boot.SpringApplication.run(SpringApplication.java:1362) [spring-boot-3.4.5.jar:3.4.5]
	at org.springframework.boot.SpringApplication.run(SpringApplication.java:1351) [spring-boot-3.4.5.jar:3.4.5]
	at com.rookies3.myspringbootlab.MySpringbootLabApplication.main(MySpringbootLabApplication.java:10) [classes/:?]
	at java.base/jdk.internal.reflect.NativeMethodAccessorImpl.invoke0(Native Method) ~[?:?]
	at java.base/jdk.internal.reflect.NativeMethodAccessorImpl.invoke(NativeMethodAccessorImpl.java:77) ~[?:?]
	at java.base/jdk.internal.reflect.DelegatingMethodAccessorImpl.invoke(DelegatingMethodAccessorImpl.java:43) ~[?:?]
	at java.base/java.lang.reflect.Method.invoke(Method.java:568) ~[?:?]
	at org.springframework.boot.devtools.restart.RestartLauncher.run(RestartLauncher.java:50) [spring-boot-devtools-3.4.5.jar:3.4.5]
Caused by: java.sql.SQLSyntaxErrorException: (conn=1476) Incorrect table definition; there can be only one auto column and it must be defined as a key
	at org.mariadb.jdbc.export.ExceptionFactory.createException(ExceptionFactory.java:289) ~[mariadb-java-client-3.4.2.jar:?]
	at org.mariadb.jdbc.export.ExceptionFactory.create(ExceptionFactory.java:378) ~[mariadb-java-client-3.4.2.jar:?]
	at org.mariadb.jdbc.message.ClientMessage.readPacket(ClientMessage.java:189) ~[mariadb-java-client-3.4.2.jar:?]
	at org.mariadb.jdbc.client.impl.StandardClient.readPacket(StandardClient.java:1235) ~[mariadb-java-client-3.4.2.jar:?]
	at org.mariadb.jdbc.client.impl.StandardClient.readResults(StandardClient.java:1174) ~[mariadb-java-client-3.4.2.jar:?]
	at org.mariadb.jdbc.client.impl.StandardClient.readResponse(StandardClient.java:1093) ~[mariadb-java-client-3.4.2.jar:?]
	at org.mariadb.jdbc.client.impl.StandardClient.execute(StandardClient.java:1017) ~[mariadb-java-client-3.4.2.jar:?]
	at org.mariadb.jdbc.Statement.executeInternal(Statement.java:1034) ~[mariadb-java-client-3.4.2.jar:?]
	at org.mariadb.jdbc.Statement.execute(Statement.java:1163) ~[mariadb-java-client-3.4.2.jar:?]
	at org.mariadb.jdbc.Statement.execute(Statement.java:502) ~[mariadb-java-client-3.4.2.jar:?]
	at com.zaxxer.hikari.pool.ProxyStatement.execute(ProxyStatement.java:94) ~[HikariCP-5.1.0.jar:?]
	at com.zaxxer.hikari.pool.HikariProxyStatement.execute(HikariProxyStatement.java) ~[HikariCP-5.1.0.jar:?]
	at org.hibernate.tool.schema.internal.exec.GenerationTargetToDatabase.accept(GenerationTargetToDatabase.java:80) ~[hibernate-core-6.6.13.Final.jar:6.6.13.Final]
	... 42 more

2025-05-09T23:37:22.041+09:00  INFO 16884 --- [MySpringbootLab] [restartedMain] j.LocalContainerEntityManagerFactoryBean : Initialized JPA EntityManagerFactory for persistence unit 'default'
2025-05-09T23:37:22.558+09:00  WARN 16884 --- [MySpringbootLab] [restartedMain] JpaBaseConfiguration$JpaWebConfiguration : spring.jpa.open-in-view is enabled by default. Therefore, database queries may be performed during view rendering. Explicitly configure spring.jpa.open-in-view to disable this warning
2025-05-09T23:37:22.933+09:00  WARN 16884 --- [MySpringbootLab] [restartedMain] ion$DefaultTemplateResolverConfiguration : Cannot find template location: classpath:/templates/ (please add some templates, check your Thymeleaf configuration, or set spring.thymeleaf.check-template-location=false)
2025-05-09T23:37:23.217+09:00  INFO 16884 --- [MySpringbootLab] [restartedMain] o.s.b.a.h.H2ConsoleAutoConfiguration     : H2 console available at '/h2-console'. Database available at 'jdbc:mariadb://127.0.0.1/boot_db?user=boot&password=***'
2025-05-09T23:37:23.285+09:00  INFO 16884 --- [MySpringbootLab] [restartedMain] o.s.b.d.a.OptionalLiveReloadServer       : LiveReload server is running on port 35729
2025-05-09T23:37:23.295+09:00  INFO 16884 --- [MySpringbootLab] [restartedMain] o.s.b.a.e.w.EndpointLinksResolver        : Exposing 1 endpoint beneath base path '/actuator'
2025-05-09T23:37:23.368+09:00  INFO 16884 --- [MySpringbootLab] [restartedMain] o.s.b.w.e.t.TomcatWebServer              : Tomcat started on port 8080 (http) with context path '/'
2025-05-09T23:37:23.381+09:00  INFO 16884 --- [MySpringbootLab] [restartedMain] c.r.m.MySpringbootLabApplication         : Started MySpringbootLabApplication in 5.957 seconds (process running for 6.858)
2025-05-09T23:37:23.420+09:00  INFO 16884 --- [MySpringbootLab] [restartedMain] c.r.m.r.MyPropRunner                     : MyBootProperties getUsername() = springboot
2025-05-09T23:37:23.420+09:00  INFO 16884 --- [MySpringbootLab] [restartedMain] c.r.m.r.MyPropRunner                     : MyBootProperties getPort() = 37
2025-05-09T23:37:23.420+09:00  INFO 16884 --- [MySpringbootLab] [restartedMain] c.r.m.r.MyPropRunner                     : 설정된 Port 번호 = 8080
2025-05-09T23:37:23.421+09:00  INFO 16884 --- [MySpringbootLab] [restartedMain] c.r.m.r.MyPropRunner                     : 현재 활성화된 MyEnvironment Bean = com.rookies3.myspringbootlab.config.MyEnvironment@7827e8aa
2025-05-09T23:37:25.266+09:00  INFO 16884 --- [MySpringbootLab] [http-nio-8080-exec-1] o.a.c.c.C.[.[.[/]                        : Initializing Spring DispatcherServlet 'dispatcherServlet'
2025-05-09T23:37:25.266+09:00  INFO 16884 --- [MySpringbootLab] [http-nio-8080-exec-1] o.s.w.s.DispatcherServlet                : Initializing Servlet 'dispatcherServlet'
2025-05-09T23:37:25.267+09:00  INFO 16884 --- [MySpringbootLab] [http-nio-8080-exec-1] o.s.w.s.DispatcherServlet                : Completed initialization in 1 ms
2025-05-09T23:37:25.394+09:00  WARN 16884 --- [MySpringbootLab] [http-nio-8080-exec-1] o.m.j.m.s.ErrorPacket                    : Error: 1054-42S22: Unknown column 'b1_0.book_id' in 'field list'
2025-05-09T23:37:25.395+09:00  WARN 16884 --- [MySpringbootLab] [http-nio-8080-exec-1] o.h.e.j.s.SqlExceptionHelper             : SQL Error: 1054, SQLState: 42S22
2025-05-09T23:37:25.395+09:00 ERROR 16884 --- [MySpringbootLab] [http-nio-8080-exec-1] o.h.e.j.s.SqlExceptionHelper             : (conn=1476) Unknown column 'b1_0.book_id' in 'field list'
2025-05-09T23:37:25.408+09:00 ERROR 16884 --- [MySpringbootLab] [http-nio-8080-exec-1] c.r.m.e.a.DefaultExceptionAdvice         : JDBC exception executing SQL [select b1_0.book_id,b1_0.author,b1_0.isbn,b1_0.price,b1_0.publish_date,b1_0.title from books b1_0] [(conn=1476) Unknown column 'b1_0.book_id' in 'field list'] [n/a]; SQL [n/a]

org.springframework.dao.InvalidDataAccessResourceUsageException: JDBC exception executing SQL [select b1_0.book_id,b1_0.author,b1_0.isbn,b1_0.price,b1_0.publish_date,b1_0.title from books b1_0] [(conn=1476) Unknown column 'b1_0.book_id' in 'field list'] [n/a]; SQL [n/a]
	at org.springframework.orm.jpa.vendor.HibernateJpaDialect.convertHibernateAccessException(HibernateJpaDialect.java:281) ~[spring-orm-6.2.6.jar:6.2.6]
	at org.springframework.orm.jpa.vendor.HibernateJpaDialect.convertHibernateAccessException(HibernateJpaDialect.java:256) ~[spring-orm-6.2.6.jar:6.2.6]
	at org.springframework.orm.jpa.vendor.HibernateJpaDialect.translateExceptionIfPossible(HibernateJpaDialect.java:241) ~[spring-orm-6.2.6.jar:6.2.6]
	at org.springframework.orm.jpa.AbstractEntityManagerFactoryBean.translateExceptionIfPossible(AbstractEntityManagerFactoryBean.java:560) ~[spring-orm-6.2.6.jar:6.2.6]
	at org.springframework.dao.support.ChainedPersistenceExceptionTranslator.translateExceptionIfPossible(ChainedPersistenceExceptionTranslator.java:61) ~[spring-tx-6.2.6.jar:6.2.6]
	at org.springframework.dao.support.DataAccessUtils.translateIfNecessary(DataAccessUtils.java:343) ~[spring-tx-6.2.6.jar:6.2.6]
	at org.springframework.dao.support.PersistenceExceptionTranslationInterceptor.invoke(PersistenceExceptionTranslationInterceptor.java:160) ~[spring-tx-6.2.6.jar:6.2.6]
	at org.springframework.aop.framework.ReflectiveMethodInvocation.proceed(ReflectiveMethodInvocation.java:184) ~[spring-aop-6.2.6.jar:6.2.6]
	at org.springframework.data.jpa.repository.support.CrudMethodMetadataPostProcessor$CrudMethodMetadataPopulatingMethodInterceptor.invoke(CrudMethodMetadataPostProcessor.java:165) ~[spring-data-jpa-3.4.5.jar:3.4.5]
	at org.springframework.aop.framework.ReflectiveMethodInvocation.proceed(ReflectiveMethodInvocation.java:184) ~[spring-aop-6.2.6.jar:6.2.6]
	at org.springframework.aop.framework.JdkDynamicAopProxy.invoke(JdkDynamicAopProxy.java:223) ~[spring-aop-6.2.6.jar:6.2.6]
	at jdk.proxy4/jdk.proxy4.$Proxy159.findAll(Unknown Source) ~[?:?]
	at com.rookies3.myspringbootlab.service.BookService.getAllBooks(BookService.java:35) ~[classes/:?]
	at java.base/jdk.internal.reflect.NativeMethodAccessorImpl.invoke0(Native Method) ~[?:?]
	at java.base/jdk.internal.reflect.NativeMethodAccessorImpl.invoke(NativeMethodAccessorImpl.java:77) ~[?:?]
	at java.base/jdk.internal.reflect.DelegatingMethodAccessorImpl.invoke(DelegatingMethodAccessorImpl.java:43) ~[?:?]
	at java.base/java.lang.reflect.Method.invoke(Method.java:568) ~[?:?]
	at org.springframework.aop.support.AopUtils.invokeJoinpointUsingReflection(AopUtils.java:359) ~[spring-aop-6.2.6.jar:6.2.6]
	at org.springframework.aop.framework.ReflectiveMethodInvocation.invokeJoinpoint(ReflectiveMethodInvocation.java:196) ~[spring-aop-6.2.6.jar:6.2.6]
	at org.springframework.aop.framework.ReflectiveMethodInvocation.proceed(ReflectiveMethodInvocation.java:163) ~[spring-aop-6.2.6.jar:6.2.6]
	at org.springframework.transaction.interceptor.TransactionAspectSupport.invokeWithinTransaction(TransactionAspectSupport.java:380) ~[spring-tx-6.2.6.jar:6.2.6]
	at org.springframework.transaction.interceptor.TransactionInterceptor.invoke(TransactionInterceptor.java:119) ~[spring-tx-6.2.6.jar:6.2.6]
	at org.springframework.aop.framework.ReflectiveMethodInvocation.proceed(ReflectiveMethodInvocation.java:184) ~[spring-aop-6.2.6.jar:6.2.6]
	at org.springframework.aop.framework.CglibAopProxy$DynamicAdvisedInterceptor.intercept(CglibAopProxy.java:728) ~[spring-aop-6.2.6.jar:6.2.6]
	at com.rookies3.myspringbootlab.service.BookService$$SpringCGLIB$$0.getAllBooks(<generated>) ~[classes/:?]
	at com.rookies3.myspringbootlab.controller.BookDetailController.getAllBooks(BookController.java:30) ~[classes/:?]
	at java.base/jdk.internal.reflect.NativeMethodAccessorImpl.invoke0(Native Method) ~[?:?]
	at java.base/jdk.internal.reflect.NativeMethodAccessorImpl.invoke(NativeMethodAccessorImpl.java:77) ~[?:?]
	at java.base/jdk.internal.reflect.DelegatingMethodAccessorImpl.invoke(DelegatingMethodAccessorImpl.java:43) ~[?:?]
	at java.base/java.lang.reflect.Method.invoke(Method.java:568) ~[?:?]
	at org.springframework.web.method.support.InvocableHandlerMethod.doInvoke(InvocableHandlerMethod.java:258) ~[spring-web-6.2.6.jar:6.2.6]
	at org.springframework.web.method.support.InvocableHandlerMethod.invokeForRequest(InvocableHandlerMethod.java:191) ~[spring-web-6.2.6.jar:6.2.6]
	at org.springframework.web.servlet.mvc.method.annotation.ServletInvocableHandlerMethod.invokeAndHandle(ServletInvocableHandlerMethod.java:118) ~[spring-webmvc-6.2.6.jar:6.2.6]
	at org.springframework.web.servlet.mvc.method.annotation.RequestMappingHandlerAdapter.invokeHandlerMethod(RequestMappingHandlerAdapter.java:986) ~[spring-webmvc-6.2.6.jar:6.2.6]
	at org.springframework.web.servlet.mvc.method.annotation.RequestMappingHandlerAdapter.handleInternal(RequestMappingHandlerAdapter.java:891) ~[spring-webmvc-6.2.6.jar:6.2.6]
	at org.springframework.web.servlet.mvc.method.AbstractHandlerMethodAdapter.handle(AbstractHandlerMethodAdapter.java:87) ~[spring-webmvc-6.2.6.jar:6.2.6]
	at org.springframework.web.servlet.DispatcherServlet.doDispatch(DispatcherServlet.java:1089) [spring-webmvc-6.2.6.jar:6.2.6]
	at org.springframework.web.servlet.DispatcherServlet.doService(DispatcherServlet.java:979) [spring-webmvc-6.2.6.jar:6.2.6]
	at org.springframework.web.servlet.FrameworkServlet.processRequest(FrameworkServlet.java:1014) [spring-webmvc-6.2.6.jar:6.2.6]
	at org.springframework.web.servlet.FrameworkServlet.doGet(FrameworkServlet.java:903) [spring-webmvc-6.2.6.jar:6.2.6]
	at jakarta.servlet.http.HttpServlet.service(HttpServlet.java:564) [tomcat-embed-core-10.1.40.jar:6.0]
	at org.springframework.web.servlet.FrameworkServlet.service(FrameworkServlet.java:885) [spring-webmvc-6.2.6.jar:6.2.6]
	at jakarta.servlet.http.HttpServlet.service(HttpServlet.java:658) [tomcat-embed-core-10.1.40.jar:6.0]
	at org.apache.catalina.core.ApplicationFilterChain.internalDoFilter(ApplicationFilterChain.java:195) [tomcat-embed-core-10.1.40.jar:10.1.40]
	at org.apache.catalina.core.ApplicationFilterChain.doFilter(ApplicationFilterChain.java:140) [tomcat-embed-core-10.1.40.jar:10.1.40]
	at org.apache.tomcat.websocket.server.WsFilter.doFilter(WsFilter.java:51) [tomcat-embed-websocket-10.1.40.jar:10.1.40]
	at org.apache.catalina.core.ApplicationFilterChain.internalDoFilter(ApplicationFilterChain.java:164) [tomcat-embed-core-10.1.40.jar:10.1.40]
	at org.apache.catalina.core.ApplicationFilterChain.doFilter(ApplicationFilterChain.java:140) [tomcat-embed-core-10.1.40.jar:10.1.40]
	at org.springframework.web.filter.RequestContextFilter.doFilterInternal(RequestContextFilter.java:100) [spring-web-6.2.6.jar:6.2.6]
	at org.springframework.web.filter.OncePerRequestFilter.doFilter(OncePerRequestFilter.java:116) [spring-web-6.2.6.jar:6.2.6]
	at org.apache.catalina.core.ApplicationFilterChain.internalDoFilter(ApplicationFilterChain.java:164) [tomcat-embed-core-10.1.40.jar:10.1.40]
	at org.apache.catalina.core.ApplicationFilterChain.doFilter(ApplicationFilterChain.java:140) [tomcat-embed-core-10.1.40.jar:10.1.40]
	at org.springframework.web.filter.FormContentFilter.doFilterInternal(FormContentFilter.java:93) [spring-web-6.2.6.jar:6.2.6]
	at org.springframework.web.filter.OncePerRequestFilter.doFilter(OncePerRequestFilter.java:116) [spring-web-6.2.6.jar:6.2.6]
	at org.apache.catalina.core.ApplicationFilterChain.internalDoFilter(ApplicationFilterChain.java:164) [tomcat-embed-core-10.1.40.jar:10.1.40]
	at org.apache.catalina.core.ApplicationFilterChain.doFilter(ApplicationFilterChain.java:140) [tomcat-embed-core-10.1.40.jar:10.1.40]
	at org.springframework.web.filter.ServerHttpObservationFilter.doFilterInternal(ServerHttpObservationFilter.java:114) [spring-web-6.2.6.jar:6.2.6]
	at org.springframework.web.filter.OncePerRequestFilter.doFilter(OncePerRequestFilter.java:116) [spring-web-6.2.6.jar:6.2.6]
	at org.apache.catalina.core.ApplicationFilterChain.internalDoFilter(ApplicationFilterChain.java:164) [tomcat-embed-core-10.1.40.jar:10.1.40]
	at org.apache.catalina.core.ApplicationFilterChain.doFilter(ApplicationFilterChain.java:140) [tomcat-embed-core-10.1.40.jar:10.1.40]
	at org.springframework.web.filter.CharacterEncodingFilter.doFilterInternal(CharacterEncodingFilter.java:201) [spring-web-6.2.6.jar:6.2.6]
	at org.springframework.web.filter.OncePerRequestFilter.doFilter(OncePerRequestFilter.java:116) [spring-web-6.2.6.jar:6.2.6]
	at org.apache.catalina.core.ApplicationFilterChain.internalDoFilter(ApplicationFilterChain.java:164) [tomcat-embed-core-10.1.40.jar:10.1.40]
	at org.apache.catalina.core.ApplicationFilterChain.doFilter(ApplicationFilterChain.java:140) [tomcat-embed-core-10.1.40.jar:10.1.40]
	at org.apache.catalina.core.StandardWrapperValve.invoke(StandardWrapperValve.java:167) [tomcat-embed-core-10.1.40.jar:10.1.40]
	at org.apache.catalina.core.StandardContextValve.invoke(StandardContextValve.java:90) [tomcat-embed-core-10.1.40.jar:10.1.40]
	at org.apache.catalina.authenticator.AuthenticatorBase.invoke(AuthenticatorBase.java:483) [tomcat-embed-core-10.1.40.jar:10.1.40]
	at org.apache.catalina.core.StandardHostValve.invoke(StandardHostValve.java:116) [tomcat-embed-core-10.1.40.jar:10.1.40]
	at org.apache.catalina.valves.ErrorReportValve.invoke(ErrorReportValve.java:93) [tomcat-embed-core-10.1.40.jar:10.1.40]
	at org.apache.catalina.core.StandardEngineValve.invoke(StandardEngineValve.java:74) [tomcat-embed-core-10.1.40.jar:10.1.40]
	at org.apache.catalina.connector.CoyoteAdapter.service(CoyoteAdapter.java:344) [tomcat-embed-core-10.1.40.jar:10.1.40]
	at org.apache.coyote.http11.Http11Processor.service(Http11Processor.java:398) [tomcat-embed-core-10.1.40.jar:10.1.40]
	at org.apache.coyote.AbstractProcessorLight.process(AbstractProcessorLight.java:63) [tomcat-embed-core-10.1.40.jar:10.1.40]
	at org.apache.coyote.AbstractProtocol$ConnectionHandler.process(AbstractProtocol.java:903) [tomcat-embed-core-10.1.40.jar:10.1.40]
	at org.apache.tomcat.util.net.NioEndpoint$SocketProcessor.doRun(NioEndpoint.java:1740) [tomcat-embed-core-10.1.40.jar:10.1.40]
	at org.apache.tomcat.util.net.SocketProcessorBase.run(SocketProcessorBase.java:52) [tomcat-embed-core-10.1.40.jar:10.1.40]
	at org.apache.tomcat.util.threads.ThreadPoolExecutor.runWorker(ThreadPoolExecutor.java:1189) [tomcat-embed-core-10.1.40.jar:10.1.40]
	at org.apache.tomcat.util.threads.ThreadPoolExecutor$Worker.run(ThreadPoolExecutor.java:658) [tomcat-embed-core-10.1.40.jar:10.1.40]
	at org.apache.tomcat.util.threads.TaskThread$WrappingRunnable.run(TaskThread.java:63) [tomcat-embed-core-10.1.40.jar:10.1.40]
	at java.base/java.lang.Thread.run(Thread.java:833) [?:?]
Caused by: org.hibernate.exception.SQLGrammarException: JDBC exception executing SQL [select b1_0.book_id,b1_0.author,b1_0.isbn,b1_0.price,b1_0.publish_date,b1_0.title from books b1_0] [(conn=1476) Unknown column 'b1_0.book_id' in 'field list'] [n/a]
	at org.hibernate.exception.internal.SQLExceptionTypeDelegate.convert(SQLExceptionTypeDelegate.java:66) ~[hibernate-core-6.6.13.Final.jar:6.6.13.Final]
	at org.hibernate.exception.internal.StandardSQLExceptionConverter.convert(StandardSQLExceptionConverter.java:58) ~[hibernate-core-6.6.13.Final.jar:6.6.13.Final]
	at org.hibernate.engine.jdbc.spi.SqlExceptionHelper.convert(SqlExceptionHelper.java:108) ~[hibernate-core-6.6.13.Final.jar:6.6.13.Final]
	at org.hibernate.engine.jdbc.spi.SqlExceptionHelper.convert(SqlExceptionHelper.java:94) ~[hibernate-core-6.6.13.Final.jar:6.6.13.Final]
	at org.hibernate.sql.results.jdbc.internal.DeferredResultSetAccess.executeQuery(DeferredResultSetAccess.java:268) ~[hibernate-core-6.6.13.Final.jar:6.6.13.Final]
	at org.hibernate.sql.results.jdbc.internal.DeferredResultSetAccess.getResultSet(DeferredResultSetAccess.java:171) ~[hibernate-core-6.6.13.Final.jar:6.6.13.Final]
	at org.hibernate.sql.results.jdbc.internal.JdbcValuesResultSetImpl.<init>(JdbcValuesResultSetImpl.java:74) ~[hibernate-core-6.6.13.Final.jar:6.6.13.Final]
	at org.hibernate.sql.exec.internal.JdbcSelectExecutorStandardImpl.resolveJdbcValuesSource(JdbcSelectExecutorStandardImpl.java:355) ~[hibernate-core-6.6.13.Final.jar:6.6.13.Final]
	at org.hibernate.sql.exec.internal.JdbcSelectExecutorStandardImpl.doExecuteQuery(JdbcSelectExecutorStandardImpl.java:137) ~[hibernate-core-6.6.13.Final.jar:6.6.13.Final]
	at org.hibernate.sql.exec.internal.JdbcSelectExecutorStandardImpl.executeQuery(JdbcSelectExecutorStandardImpl.java:102) ~[hibernate-core-6.6.13.Final.jar:6.6.13.Final]
	at org.hibernate.sql.exec.spi.JdbcSelectExecutor.executeQuery(JdbcSelectExecutor.java:91) ~[hibernate-core-6.6.13.Final.jar:6.6.13.Final]
	at org.hibernate.sql.exec.spi.JdbcSelectExecutor.list(JdbcSelectExecutor.java:165) ~[hibernate-core-6.6.13.Final.jar:6.6.13.Final]
	at org.hibernate.query.sqm.internal.ConcreteSqmSelectQueryPlan.lambda$new$1(ConcreteSqmSelectQueryPlan.java:152) ~[hibernate-core-6.6.13.Final.jar:6.6.13.Final]
	at org.hibernate.query.sqm.internal.ConcreteSqmSelectQueryPlan.withCacheableSqmInterpretation(ConcreteSqmSelectQueryPlan.java:442) ~[hibernate-core-6.6.13.Final.jar:6.6.13.Final]
	at org.hibernate.query.sqm.internal.ConcreteSqmSelectQueryPlan.performList(ConcreteSqmSelectQueryPlan.java:362) ~[hibernate-core-6.6.13.Final.jar:6.6.13.Final]
	at org.hibernate.query.sqm.internal.QuerySqmImpl.doList(QuerySqmImpl.java:380) ~[hibernate-core-6.6.13.Final.jar:6.6.13.Final]
	at org.hibernate.query.spi.AbstractSelectionQuery.list(AbstractSelectionQuery.java:143) ~[hibernate-core-6.6.13.Final.jar:6.6.13.Final]
	at org.hibernate.query.Query.getResultList(Query.java:120) ~[hibernate-core-6.6.13.Final.jar:6.6.13.Final]
	at org.springframework.data.jpa.repository.support.SimpleJpaRepository.findAll(SimpleJpaRepository.java:395) ~[spring-data-jpa-3.4.5.jar:3.4.5]
	at java.base/jdk.internal.reflect.NativeMethodAccessorImpl.invoke0(Native Method) ~[?:?]
	at java.base/jdk.internal.reflect.NativeMethodAccessorImpl.invoke(NativeMethodAccessorImpl.java:77) ~[?:?]
	at java.base/jdk.internal.reflect.DelegatingMethodAccessorImpl.invoke(DelegatingMethodAccessorImpl.java:43) ~[?:?]
	at java.base/java.lang.reflect.Method.invoke(Method.java:568) ~[?:?]
	at org.springframework.aop.support.AopUtils.invokeJoinpointUsingReflection(AopUtils.java:359) ~[spring-aop-6.2.6.jar:6.2.6]
	at org.springframework.data.repository.core.support.RepositoryMethodInvoker$RepositoryFragmentMethodInvoker.lambda$new$0(RepositoryMethodInvoker.java:277) ~[spring-data-commons-3.4.5.jar:3.4.5]
	at org.springframework.data.repository.core.support.RepositoryMethodInvoker.doInvoke(RepositoryMethodInvoker.java:170) ~[spring-data-commons-3.4.5.jar:3.4.5]
	at org.springframework.data.repository.core.support.RepositoryMethodInvoker.invoke(RepositoryMethodInvoker.java:158) ~[spring-data-commons-3.4.5.jar:3.4.5]
	at org.springframework.data.repository.core.support.RepositoryComposition$RepositoryFragments.invoke(RepositoryComposition.java:515) ~[spring-data-commons-3.4.5.jar:3.4.5]
	at org.springframework.data.repository.core.support.RepositoryComposition.invoke(RepositoryComposition.java:284) ~[spring-data-commons-3.4.5.jar:3.4.5]
	at org.springframework.data.repository.core.support.RepositoryFactorySupport$ImplementationMethodExecutionInterceptor.invoke(RepositoryFactorySupport.java:731) ~[spring-data-commons-3.4.5.jar:3.4.5]
	at org.springframework.aop.framework.ReflectiveMethodInvocation.proceed(ReflectiveMethodInvocation.java:184) ~[spring-aop-6.2.6.jar:6.2.6]
	at org.springframework.data.repository.core.support.QueryExecutorMethodInterceptor.doInvoke(QueryExecutorMethodInterceptor.java:174) ~[spring-data-commons-3.4.5.jar:3.4.5]
	at org.springframework.data.repository.core.support.QueryExecutorMethodInterceptor.invoke(QueryExecutorMethodInterceptor.java:149) ~[spring-data-commons-3.4.5.jar:3.4.5]
	at org.springframework.aop.framework.ReflectiveMethodInvocation.proceed(ReflectiveMethodInvocation.java:184) ~[spring-aop-6.2.6.jar:6.2.6]
	at org.springframework.data.projection.DefaultMethodInvokingMethodInterceptor.invoke(DefaultMethodInvokingMethodInterceptor.java:69) ~[spring-data-commons-3.4.5.jar:3.4.5]
	at org.springframework.aop.framework.ReflectiveMethodInvocation.proceed(ReflectiveMethodInvocation.java:184) ~[spring-aop-6.2.6.jar:6.2.6]
	at org.springframework.transaction.interceptor.TransactionAspectSupport.invokeWithinTransaction(TransactionAspectSupport.java:380) ~[spring-tx-6.2.6.jar:6.2.6]
	at org.springframework.transaction.interceptor.TransactionInterceptor.invoke(TransactionInterceptor.java:119) ~[spring-tx-6.2.6.jar:6.2.6]
	at org.springframework.aop.framework.ReflectiveMethodInvocation.proceed(ReflectiveMethodInvocation.java:184) ~[spring-aop-6.2.6.jar:6.2.6]
	at org.springframework.dao.support.PersistenceExceptionTranslationInterceptor.invoke(PersistenceExceptionTranslationInterceptor.java:138) ~[spring-tx-6.2.6.jar:6.2.6]
	... 73 more
Caused by: java.sql.SQLSyntaxErrorException: (conn=1476) Unknown column 'b1_0.book_id' in 'field list'
	at org.mariadb.jdbc.export.ExceptionFactory.createException(ExceptionFactory.java:289) ~[mariadb-java-client-3.4.2.jar:?]
	at org.mariadb.jdbc.export.ExceptionFactory.create(ExceptionFactory.java:378) ~[mariadb-java-client-3.4.2.jar:?]
	at org.mariadb.jdbc.message.ClientMessage.readPacket(ClientMessage.java:189) ~[mariadb-java-client-3.4.2.jar:?]
	at org.mariadb.jdbc.client.impl.StandardClient.readPacket(StandardClient.java:1235) ~[mariadb-java-client-3.4.2.jar:?]
	at org.mariadb.jdbc.client.impl.StandardClient.readResults(StandardClient.java:1174) ~[mariadb-java-client-3.4.2.jar:?]
	at org.mariadb.jdbc.client.impl.StandardClient.readResponse(StandardClient.java:1093) ~[mariadb-java-client-3.4.2.jar:?]
	at org.mariadb.jdbc.client.impl.StandardClient.execute(StandardClient.java:1017) ~[mariadb-java-client-3.4.2.jar:?]
	at org.mariadb.jdbc.ClientPreparedStatement.executeInternal(ClientPreparedStatement.java:101) ~[mariadb-java-client-3.4.2.jar:?]
	at org.mariadb.jdbc.ClientPreparedStatement.executeQuery(ClientPreparedStatement.java:258) ~[mariadb-java-client-3.4.2.jar:?]
	at com.zaxxer.hikari.pool.ProxyPreparedStatement.executeQuery(ProxyPreparedStatement.java:52) ~[HikariCP-5.1.0.jar:?]
	at com.zaxxer.hikari.pool.HikariProxyPreparedStatement.executeQuery(HikariProxyPreparedStatement.java) ~[HikariCP-5.1.0.jar:?]
	at org.hibernate.sql.results.jdbc.internal.DeferredResultSetAccess.executeQuery(DeferredResultSetAccess.java:250) ~[hibernate-core-6.6.13.Final.jar:6.6.13.Final]
	at org.hibernate.sql.results.jdbc.internal.DeferredResultSetAccess.getResultSet(DeferredResultSetAccess.java:171) ~[hibernate-core-6.6.13.Final.jar:6.6.13.Final]
	at org.hibernate.sql.results.jdbc.internal.JdbcValuesResultSetImpl.<init>(JdbcValuesResultSetImpl.java:74) ~[hibernate-core-6.6.13.Final.jar:6.6.13.Final]
	at org.hibernate.sql.exec.internal.JdbcSelectExecutorStandardImpl.resolveJdbcValuesSource(JdbcSelectExecutorStandardImpl.java:355) ~[hibernate-core-6.6.13.Final.jar:6.6.13.Final]
	at org.hibernate.sql.exec.internal.JdbcSelectExecutorStandardImpl.doExecuteQuery(JdbcSelectExecutorStandardImpl.java:137) ~[hibernate-core-6.6.13.Final.jar:6.6.13.Final]
	at org.hibernate.sql.exec.internal.JdbcSelectExecutorStandardImpl.executeQuery(JdbcSelectExecutorStandardImpl.java:102) ~[hibernate-core-6.6.13.Final.jar:6.6.13.Final]
	at org.hibernate.sql.exec.spi.JdbcSelectExecutor.executeQuery(JdbcSelectExecutor.java:91) ~[hibernate-core-6.6.13.Final.jar:6.6.13.Final]
	at org.hibernate.sql.exec.spi.JdbcSelectExecutor.list(JdbcSelectExecutor.java:165) ~[hibernate-core-6.6.13.Final.jar:6.6.13.Final]
	at org.hibernate.query.sqm.internal.ConcreteSqmSelectQueryPlan.lambda$new$1(ConcreteSqmSelectQueryPlan.java:152) ~[hibernate-core-6.6.13.Final.jar:6.6.13.Final]
	at org.hibernate.query.sqm.internal.ConcreteSqmSelectQueryPlan.withCacheableSqmInterpretation(ConcreteSqmSelectQueryPlan.java:442) ~[hibernate-core-6.6.13.Final.jar:6.6.13.Final]
	at org.hibernate.query.sqm.internal.ConcreteSqmSelectQueryPlan.performList(ConcreteSqmSelectQueryPlan.java:362) ~[hibernate-core-6.6.13.Final.jar:6.6.13.Final]
	at org.hibernate.query.sqm.internal.QuerySqmImpl.doList(QuerySqmImpl.java:380) ~[hibernate-core-6.6.13.Final.jar:6.6.13.Final]
	at org.hibernate.query.spi.AbstractSelectionQuery.list(AbstractSelectionQuery.java:143) ~[hibernate-core-6.6.13.Final.jar:6.6.13.Final]
	at org.hibernate.query.Query.getResultList(Query.java:120) ~[hibernate-core-6.6.13.Final.jar:6.6.13.Final]
	at org.springframework.data.jpa.repository.support.SimpleJpaRepository.findAll(SimpleJpaRepository.java:395) ~[spring-data-jpa-3.4.5.jar:3.4.5]
	at java.base/jdk.internal.reflect.NativeMethodAccessorImpl.invoke0(Native Method) ~[?:?]
	at java.base/jdk.internal.reflect.NativeMethodAccessorImpl.invoke(NativeMethodAccessorImpl.java:77) ~[?:?]
	at java.base/jdk.internal.reflect.DelegatingMethodAccessorImpl.invoke(DelegatingMethodAccessorImpl.java:43) ~[?:?]
	at java.base/java.lang.reflect.Method.invoke(Method.java:568) ~[?:?]
	at org.springframework.aop.support.AopUtils.invokeJoinpointUsingReflection(AopUtils.java:359) ~[spring-aop-6.2.6.jar:6.2.6]
	at org.springframework.data.repository.core.support.RepositoryMethodInvoker$RepositoryFragmentMethodInvoker.lambda$new$0(RepositoryMethodInvoker.java:277) ~[spring-data-commons-3.4.5.jar:3.4.5]
	at org.springframework.data.repository.core.support.RepositoryMethodInvoker.doInvoke(RepositoryMethodInvoker.java:170) ~[spring-data-commons-3.4.5.jar:3.4.5]
	at org.springframework.data.repository.core.support.RepositoryMethodInvoker.invoke(RepositoryMethodInvoker.java:158) ~[spring-data-commons-3.4.5.jar:3.4.5]
	at org.springframework.data.repository.core.support.RepositoryComposition$RepositoryFragments.invoke(RepositoryComposition.java:515) ~[spring-data-commons-3.4.5.jar:3.4.5]
	at org.springframework.data.repository.core.support.RepositoryComposition.invoke(RepositoryComposition.java:284) ~[spring-data-commons-3.4.5.jar:3.4.5]
	at org.springframework.data.repository.core.support.RepositoryFactorySupport$ImplementationMethodExecutionInterceptor.invoke(RepositoryFactorySupport.java:731) ~[spring-data-commons-3.4.5.jar:3.4.5]
	at org.springframework.aop.framework.ReflectiveMethodInvocation.proceed(ReflectiveMethodInvocation.java:184) ~[spring-aop-6.2.6.jar:6.2.6]
	at org.springframework.data.repository.core.support.QueryExecutorMethodInterceptor.doInvoke(QueryExecutorMethodInterceptor.java:174) ~[spring-data-commons-3.4.5.jar:3.4.5]
	at org.springframework.data.repository.core.support.QueryExecutorMethodInterceptor.invoke(QueryExecutorMethodInterceptor.java:149) ~[spring-data-commons-3.4.5.jar:3.4.5]
	at org.springframework.aop.framework.ReflectiveMethodInvocation.proceed(ReflectiveMethodInvocation.java:184) ~[spring-aop-6.2.6.jar:6.2.6]
	at org.springframework.data.projection.DefaultMethodInvokingMethodInterceptor.invoke(DefaultMethodInvokingMethodInterceptor.java:69) ~[spring-data-commons-3.4.5.jar:3.4.5]
	at org.springframework.aop.framework.ReflectiveMethodInvocation.proceed(ReflectiveMethodInvocation.java:184) ~[spring-aop-6.2.6.jar:6.2.6]
	at org.springframework.transaction.interceptor.TransactionAspectSupport.invokeWithinTransaction(TransactionAspectSupport.java:380) ~[spring-tx-6.2.6.jar:6.2.6]
	at org.springframework.transaction.interceptor.TransactionInterceptor.invoke(TransactionInterceptor.java:119) ~[spring-tx-6.2.6.jar:6.2.6]
	at org.springframework.aop.framework.ReflectiveMethodInvocation.proceed(ReflectiveMethodInvocation.java:184) ~[spring-aop-6.2.6.jar:6.2.6]
	at org.springframework.dao.support.PersistenceExceptionTranslationInterceptor.invoke(PersistenceExceptionTranslationInterceptor.java:138) ~[spring-tx-6.2.6.jar:6.2.6]
	... 73 more

2025-05-09T23:37:25.472+09:00  WARN 16884 --- [MySpringbootLab] [http-nio-8080-exec-1] .m.m.a.ExceptionHandlerExceptionResolver : Resolved [org.springframework.dao.InvalidDataAccessResourceUsageException: JDBC exception executing SQL [select b1_0.book_id,b1_0.author,b1_0.isbn,b1_0.price,b1_0.publish_date,b1_0.title from books b1_0] [(conn=1476) Unknown column 'b1_0.book_id' in 'field list'] [n/a]; SQL [n/a]]
2025-05-09T23:37:38.862+09:00  WARN 16884 --- [MySpringbootLab] [http-nio-8080-exec-4] o.m.j.m.s.ErrorPacket                    : Error: 1054-42S22: Unknown column 'b1_0.book_id' in 'field list'
2025-05-09T23:37:38.863+09:00  WARN 16884 --- [MySpringbootLab] [http-nio-8080-exec-4] o.h.e.j.s.SqlExceptionHelper             : SQL Error: 1054, SQLState: 42S22
2025-05-09T23:37:38.863+09:00 ERROR 16884 --- [MySpringbootLab] [http-nio-8080-exec-4] o.h.e.j.s.SqlExceptionHelper             : (conn=1476) Unknown column 'b1_0.book_id' in 'field list'
2025-05-09T23:37:38.864+09:00 ERROR 16884 --- [MySpringbootLab] [http-nio-8080-exec-4] c.r.m.e.a.DefaultExceptionAdvice         : JDBC exception executing SQL [select b1_0.book_id,b1_0.author,b1_0.isbn,b1_0.price,b1_0.publish_date,b1_0.title from books b1_0] [(conn=1476) Unknown column 'b1_0.book_id' in 'field list'] [n/a]; SQL [n/a]

org.springframework.dao.InvalidDataAccessResourceUsageException: JDBC exception executing SQL [select b1_0.book_id,b1_0.author,b1_0.isbn,b1_0.price,b1_0.publish_date,b1_0.title from books b1_0] [(conn=1476) Unknown column 'b1_0.book_id' in 'field list'] [n/a]; SQL [n/a]
	at org.springframework.orm.jpa.vendor.HibernateJpaDialect.convertHibernateAccessException(HibernateJpaDialect.java:281) ~[spring-orm-6.2.6.jar:6.2.6]
	at org.springframework.orm.jpa.vendor.HibernateJpaDialect.convertHibernateAccessException(HibernateJpaDialect.java:256) ~[spring-orm-6.2.6.jar:6.2.6]
	at org.springframework.orm.jpa.vendor.HibernateJpaDialect.translateExceptionIfPossible(HibernateJpaDialect.java:241) ~[spring-orm-6.2.6.jar:6.2.6]
	at org.springframework.orm.jpa.AbstractEntityManagerFactoryBean.translateExceptionIfPossible(AbstractEntityManagerFactoryBean.java:560) ~[spring-orm-6.2.6.jar:6.2.6]
	at org.springframework.dao.support.ChainedPersistenceExceptionTranslator.translateExceptionIfPossible(ChainedPersistenceExceptionTranslator.java:61) ~[spring-tx-6.2.6.jar:6.2.6]
	at org.springframework.dao.support.DataAccessUtils.translateIfNecessary(DataAccessUtils.java:343) ~[spring-tx-6.2.6.jar:6.2.6]
	at org.springframework.dao.support.PersistenceExceptionTranslationInterceptor.invoke(PersistenceExceptionTranslationInterceptor.java:160) ~[spring-tx-6.2.6.jar:6.2.6]
	at org.springframework.aop.framework.ReflectiveMethodInvocation.proceed(ReflectiveMethodInvocation.java:184) ~[spring-aop-6.2.6.jar:6.2.6]
	at org.springframework.data.jpa.repository.support.CrudMethodMetadataPostProcessor$CrudMethodMetadataPopulatingMethodInterceptor.invoke(CrudMethodMetadataPostProcessor.java:165) ~[spring-data-jpa-3.4.5.jar:3.4.5]
	at org.springframework.aop.framework.ReflectiveMethodInvocation.proceed(ReflectiveMethodInvocation.java:184) ~[spring-aop-6.2.6.jar:6.2.6]
	at org.springframework.aop.framework.JdkDynamicAopProxy.invoke(JdkDynamicAopProxy.java:223) ~[spring-aop-6.2.6.jar:6.2.6]
	at jdk.proxy4/jdk.proxy4.$Proxy159.findAll(Unknown Source) ~[?:?]
	at com.rookies3.myspringbootlab.service.BookService.getAllBooks(BookService.java:35) ~[classes/:?]
	at java.base/jdk.internal.reflect.NativeMethodAccessorImpl.invoke0(Native Method) ~[?:?]
	at java.base/jdk.internal.reflect.NativeMethodAccessorImpl.invoke(NativeMethodAccessorImpl.java:77) ~[?:?]
	at java.base/jdk.internal.reflect.DelegatingMethodAccessorImpl.invoke(DelegatingMethodAccessorImpl.java:43) ~[?:?]
	at java.base/java.lang.reflect.Method.invoke(Method.java:568) ~[?:?]
	at org.springframework.aop.support.AopUtils.invokeJoinpointUsingReflection(AopUtils.java:359) ~[spring-aop-6.2.6.jar:6.2.6]
	at org.springframework.aop.framework.ReflectiveMethodInvocation.invokeJoinpoint(ReflectiveMethodInvocation.java:196) ~[spring-aop-6.2.6.jar:6.2.6]
	at org.springframework.aop.framework.ReflectiveMethodInvocation.proceed(ReflectiveMethodInvocation.java:163) ~[spring-aop-6.2.6.jar:6.2.6]
	at org.springframework.transaction.interceptor.TransactionAspectSupport.invokeWithinTransaction(TransactionAspectSupport.java:380) ~[spring-tx-6.2.6.jar:6.2.6]
	at org.springframework.transaction.interceptor.TransactionInterceptor.invoke(TransactionInterceptor.java:119) ~[spring-tx-6.2.6.jar:6.2.6]
	at org.springframework.aop.framework.ReflectiveMethodInvocation.proceed(ReflectiveMethodInvocation.java:184) ~[spring-aop-6.2.6.jar:6.2.6]
	at org.springframework.aop.framework.CglibAopProxy$DynamicAdvisedInterceptor.intercept(CglibAopProxy.java:728) ~[spring-aop-6.2.6.jar:6.2.6]
	at com.rookies3.myspringbootlab.service.BookService$$SpringCGLIB$$0.getAllBooks(<generated>) ~[classes/:?]
	at com.rookies3.myspringbootlab.controller.BookDetailController.getAllBooks(BookController.java:30) ~[classes/:?]
	at java.base/jdk.internal.reflect.NativeMethodAccessorImpl.invoke0(Native Method) ~[?:?]
	at java.base/jdk.internal.reflect.NativeMethodAccessorImpl.invoke(NativeMethodAccessorImpl.java:77) ~[?:?]
	at java.base/jdk.internal.reflect.DelegatingMethodAccessorImpl.invoke(DelegatingMethodAccessorImpl.java:43) ~[?:?]
	at java.base/java.lang.reflect.Method.invoke(Method.java:568) ~[?:?]
	at org.springframework.web.method.support.InvocableHandlerMethod.doInvoke(InvocableHandlerMethod.java:258) ~[spring-web-6.2.6.jar:6.2.6]
	at org.springframework.web.method.support.InvocableHandlerMethod.invokeForRequest(InvocableHandlerMethod.java:191) ~[spring-web-6.2.6.jar:6.2.6]
	at org.springframework.web.servlet.mvc.method.annotation.ServletInvocableHandlerMethod.invokeAndHandle(ServletInvocableHandlerMethod.java:118) ~[spring-webmvc-6.2.6.jar:6.2.6]
	at org.springframework.web.servlet.mvc.method.annotation.RequestMappingHandlerAdapter.invokeHandlerMethod(RequestMappingHandlerAdapter.java:986) ~[spring-webmvc-6.2.6.jar:6.2.6]
	at org.springframework.web.servlet.mvc.method.annotation.RequestMappingHandlerAdapter.handleInternal(RequestMappingHandlerAdapter.java:891) ~[spring-webmvc-6.2.6.jar:6.2.6]
	at org.springframework.web.servlet.mvc.method.AbstractHandlerMethodAdapter.handle(AbstractHandlerMethodAdapter.java:87) ~[spring-webmvc-6.2.6.jar:6.2.6]
	at org.springframework.web.servlet.DispatcherServlet.doDispatch(DispatcherServlet.java:1089) [spring-webmvc-6.2.6.jar:6.2.6]
	at org.springframework.web.servlet.DispatcherServlet.doService(DispatcherServlet.java:979) [spring-webmvc-6.2.6.jar:6.2.6]
	at org.springframework.web.servlet.FrameworkServlet.processRequest(FrameworkServlet.java:1014) [spring-webmvc-6.2.6.jar:6.2.6]
	at org.springframework.web.servlet.FrameworkServlet.doGet(FrameworkServlet.java:903) [spring-webmvc-6.2.6.jar:6.2.6]
	at jakarta.servlet.http.HttpServlet.service(HttpServlet.java:564) [tomcat-embed-core-10.1.40.jar:6.0]
	at org.springframework.web.servlet.FrameworkServlet.service(FrameworkServlet.java:885) [spring-webmvc-6.2.6.jar:6.2.6]
	at jakarta.servlet.http.HttpServlet.service(HttpServlet.java:658) [tomcat-embed-core-10.1.40.jar:6.0]
	at org.apache.catalina.core.ApplicationFilterChain.internalDoFilter(ApplicationFilterChain.java:195) [tomcat-embed-core-10.1.40.jar:10.1.40]
	at org.apache.catalina.core.ApplicationFilterChain.doFilter(ApplicationFilterChain.java:140) [tomcat-embed-core-10.1.40.jar:10.1.40]
	at org.apache.tomcat.websocket.server.WsFilter.doFilter(WsFilter.java:51) [tomcat-embed-websocket-10.1.40.jar:10.1.40]
	at org.apache.catalina.core.ApplicationFilterChain.internalDoFilter(ApplicationFilterChain.java:164) [tomcat-embed-core-10.1.40.jar:10.1.40]
	at org.apache.catalina.core.ApplicationFilterChain.doFilter(ApplicationFilterChain.java:140) [tomcat-embed-core-10.1.40.jar:10.1.40]
	at org.springframework.web.filter.RequestContextFilter.doFilterInternal(RequestContextFilter.java:100) [spring-web-6.2.6.jar:6.2.6]
	at org.springframework.web.filter.OncePerRequestFilter.doFilter(OncePerRequestFilter.java:116) [spring-web-6.2.6.jar:6.2.6]
	at org.apache.catalina.core.ApplicationFilterChain.internalDoFilter(ApplicationFilterChain.java:164) [tomcat-embed-core-10.1.40.jar:10.1.40]
	at org.apache.catalina.core.ApplicationFilterChain.doFilter(ApplicationFilterChain.java:140) [tomcat-embed-core-10.1.40.jar:10.1.40]
	at org.springframework.web.filter.FormContentFilter.doFilterInternal(FormContentFilter.java:93) [spring-web-6.2.6.jar:6.2.6]
	at org.springframework.web.filter.OncePerRequestFilter.doFilter(OncePerRequestFilter.java:116) [spring-web-6.2.6.jar:6.2.6]
	at org.apache.catalina.core.ApplicationFilterChain.internalDoFilter(ApplicationFilterChain.java:164) [tomcat-embed-core-10.1.40.jar:10.1.40]
	at org.apache.catalina.core.ApplicationFilterChain.doFilter(ApplicationFilterChain.java:140) [tomcat-embed-core-10.1.40.jar:10.1.40]
	at org.springframework.web.filter.ServerHttpObservationFilter.doFilterInternal(ServerHttpObservationFilter.java:114) [spring-web-6.2.6.jar:6.2.6]
	at org.springframework.web.filter.OncePerRequestFilter.doFilter(OncePerRequestFilter.java:116) [spring-web-6.2.6.jar:6.2.6]
	at org.apache.catalina.core.ApplicationFilterChain.internalDoFilter(ApplicationFilterChain.java:164) [tomcat-embed-core-10.1.40.jar:10.1.40]
	at org.apache.catalina.core.ApplicationFilterChain.doFilter(ApplicationFilterChain.java:140) [tomcat-embed-core-10.1.40.jar:10.1.40]
	at org.springframework.web.filter.CharacterEncodingFilter.doFilterInternal(CharacterEncodingFilter.java:201) [spring-web-6.2.6.jar:6.2.6]
	at org.springframework.web.filter.OncePerRequestFilter.doFilter(OncePerRequestFilter.java:116) [spring-web-6.2.6.jar:6.2.6]
	at org.apache.catalina.core.ApplicationFilterChain.internalDoFilter(ApplicationFilterChain.java:164) [tomcat-embed-core-10.1.40.jar:10.1.40]
	at org.apache.catalina.core.ApplicationFilterChain.doFilter(ApplicationFilterChain.java:140) [tomcat-embed-core-10.1.40.jar:10.1.40]
	at org.apache.catalina.core.StandardWrapperValve.invoke(StandardWrapperValve.java:167) [tomcat-embed-core-10.1.40.jar:10.1.40]
	at org.apache.catalina.core.StandardContextValve.invoke(StandardContextValve.java:90) [tomcat-embed-core-10.1.40.jar:10.1.40]
	at org.apache.catalina.authenticator.AuthenticatorBase.invoke(AuthenticatorBase.java:483) [tomcat-embed-core-10.1.40.jar:10.1.40]
	at org.apache.catalina.core.StandardHostValve.invoke(StandardHostValve.java:116) [tomcat-embed-core-10.1.40.jar:10.1.40]
	at org.apache.catalina.valves.ErrorReportValve.invoke(ErrorReportValve.java:93) [tomcat-embed-core-10.1.40.jar:10.1.40]
	at org.apache.catalina.core.StandardEngineValve.invoke(StandardEngineValve.java:74) [tomcat-embed-core-10.1.40.jar:10.1.40]
	at org.apache.catalina.connector.CoyoteAdapter.service(CoyoteAdapter.java:344) [tomcat-embed-core-10.1.40.jar:10.1.40]
	at org.apache.coyote.http11.Http11Processor.service(Http11Processor.java:398) [tomcat-embed-core-10.1.40.jar:10.1.40]
	at org.apache.coyote.AbstractProcessorLight.process(AbstractProcessorLight.java:63) [tomcat-embed-core-10.1.40.jar:10.1.40]
	at org.apache.coyote.AbstractProtocol$ConnectionHandler.process(AbstractProtocol.java:903) [tomcat-embed-core-10.1.40.jar:10.1.40]
	at org.apache.tomcat.util.net.NioEndpoint$SocketProcessor.doRun(NioEndpoint.java:1740) [tomcat-embed-core-10.1.40.jar:10.1.40]
	at org.apache.tomcat.util.net.SocketProcessorBase.run(SocketProcessorBase.java:52) [tomcat-embed-core-10.1.40.jar:10.1.40]
	at org.apache.tomcat.util.threads.ThreadPoolExecutor.runWorker(ThreadPoolExecutor.java:1189) [tomcat-embed-core-10.1.40.jar:10.1.40]
	at org.apache.tomcat.util.threads.ThreadPoolExecutor$Worker.run(ThreadPoolExecutor.java:658) [tomcat-embed-core-10.1.40.jar:10.1.40]
	at org.apache.tomcat.util.threads.TaskThread$WrappingRunnable.run(TaskThread.java:63) [tomcat-embed-core-10.1.40.jar:10.1.40]
	at java.base/java.lang.Thread.run(Thread.java:833) [?:?]
Caused by: org.hibernate.exception.SQLGrammarException: JDBC exception executing SQL [select b1_0.book_id,b1_0.author,b1_0.isbn,b1_0.price,b1_0.publish_date,b1_0.title from books b1_0] [(conn=1476) Unknown column 'b1_0.book_id' in 'field list'] [n/a]
	at org.hibernate.exception.internal.SQLExceptionTypeDelegate.convert(SQLExceptionTypeDelegate.java:66) ~[hibernate-core-6.6.13.Final.jar:6.6.13.Final]
	at org.hibernate.exception.internal.StandardSQLExceptionConverter.convert(StandardSQLExceptionConverter.java:58) ~[hibernate-core-6.6.13.Final.jar:6.6.13.Final]
	at org.hibernate.engine.jdbc.spi.SqlExceptionHelper.convert(SqlExceptionHelper.java:108) ~[hibernate-core-6.6.13.Final.jar:6.6.13.Final]
	at org.hibernate.engine.jdbc.spi.SqlExceptionHelper.convert(SqlExceptionHelper.java:94) ~[hibernate-core-6.6.13.Final.jar:6.6.13.Final]
	at org.hibernate.sql.results.jdbc.internal.DeferredResultSetAccess.executeQuery(DeferredResultSetAccess.java:268) ~[hibernate-core-6.6.13.Final.jar:6.6.13.Final]
	at org.hibernate.sql.results.jdbc.internal.DeferredResultSetAccess.getResultSet(DeferredResultSetAccess.java:171) ~[hibernate-core-6.6.13.Final.jar:6.6.13.Final]
	at org.hibernate.sql.results.jdbc.internal.JdbcValuesResultSetImpl.<init>(JdbcValuesResultSetImpl.java:74) ~[hibernate-core-6.6.13.Final.jar:6.6.13.Final]
	at org.hibernate.sql.exec.internal.JdbcSelectExecutorStandardImpl.resolveJdbcValuesSource(JdbcSelectExecutorStandardImpl.java:355) ~[hibernate-core-6.6.13.Final.jar:6.6.13.Final]
	at org.hibernate.sql.exec.internal.JdbcSelectExecutorStandardImpl.doExecuteQuery(JdbcSelectExecutorStandardImpl.java:137) ~[hibernate-core-6.6.13.Final.jar:6.6.13.Final]
	at org.hibernate.sql.exec.internal.JdbcSelectExecutorStandardImpl.executeQuery(JdbcSelectExecutorStandardImpl.java:102) ~[hibernate-core-6.6.13.Final.jar:6.6.13.Final]
	at org.hibernate.sql.exec.spi.JdbcSelectExecutor.executeQuery(JdbcSelectExecutor.java:91) ~[hibernate-core-6.6.13.Final.jar:6.6.13.Final]
	at org.hibernate.sql.exec.spi.JdbcSelectExecutor.list(JdbcSelectExecutor.java:165) ~[hibernate-core-6.6.13.Final.jar:6.6.13.Final]
	at org.hibernate.query.sqm.internal.ConcreteSqmSelectQueryPlan.lambda$new$1(ConcreteSqmSelectQueryPlan.java:152) ~[hibernate-core-6.6.13.Final.jar:6.6.13.Final]
	at org.hibernate.query.sqm.internal.ConcreteSqmSelectQueryPlan.withCacheableSqmInterpretation(ConcreteSqmSelectQueryPlan.java:442) ~[hibernate-core-6.6.13.Final.jar:6.6.13.Final]
	at org.hibernate.query.sqm.internal.ConcreteSqmSelectQueryPlan.performList(ConcreteSqmSelectQueryPlan.java:362) ~[hibernate-core-6.6.13.Final.jar:6.6.13.Final]
	at org.hibernate.query.sqm.internal.QuerySqmImpl.doList(QuerySqmImpl.java:380) ~[hibernate-core-6.6.13.Final.jar:6.6.13.Final]
	at org.hibernate.query.spi.AbstractSelectionQuery.list(AbstractSelectionQuery.java:143) ~[hibernate-core-6.6.13.Final.jar:6.6.13.Final]
	at org.hibernate.query.Query.getResultList(Query.java:120) ~[hibernate-core-6.6.13.Final.jar:6.6.13.Final]
	at org.springframework.data.jpa.repository.support.SimpleJpaRepository.findAll(SimpleJpaRepository.java:395) ~[spring-data-jpa-3.4.5.jar:3.4.5]
	at java.base/jdk.internal.reflect.NativeMethodAccessorImpl.invoke0(Native Method) ~[?:?]
	at java.base/jdk.internal.reflect.NativeMethodAccessorImpl.invoke(NativeMethodAccessorImpl.java:77) ~[?:?]
	at java.base/jdk.internal.reflect.DelegatingMethodAccessorImpl.invoke(DelegatingMethodAccessorImpl.java:43) ~[?:?]
	at java.base/java.lang.reflect.Method.invoke(Method.java:568) ~[?:?]
	at org.springframework.aop.support.AopUtils.invokeJoinpointUsingReflection(AopUtils.java:359) ~[spring-aop-6.2.6.jar:6.2.6]
	at org.springframework.data.repository.core.support.RepositoryMethodInvoker$RepositoryFragmentMethodInvoker.lambda$new$0(RepositoryMethodInvoker.java:277) ~[spring-data-commons-3.4.5.jar:3.4.5]
	at org.springframework.data.repository.core.support.RepositoryMethodInvoker.doInvoke(RepositoryMethodInvoker.java:170) ~[spring-data-commons-3.4.5.jar:3.4.5]
	at org.springframework.data.repository.core.support.RepositoryMethodInvoker.invoke(RepositoryMethodInvoker.java:158) ~[spring-data-commons-3.4.5.jar:3.4.5]
	at org.springframework.data.repository.core.support.RepositoryComposition$RepositoryFragments.invoke(RepositoryComposition.java:515) ~[spring-data-commons-3.4.5.jar:3.4.5]
	at org.springframework.data.repository.core.support.RepositoryComposition.invoke(RepositoryComposition.java:284) ~[spring-data-commons-3.4.5.jar:3.4.5]
	at org.springframework.data.repository.core.support.RepositoryFactorySupport$ImplementationMethodExecutionInterceptor.invoke(RepositoryFactorySupport.java:731) ~[spring-data-commons-3.4.5.jar:3.4.5]
	at org.springframework.aop.framework.ReflectiveMethodInvocation.proceed(ReflectiveMethodInvocation.java:184) ~[spring-aop-6.2.6.jar:6.2.6]
	at org.springframework.data.repository.core.support.QueryExecutorMethodInterceptor.doInvoke(QueryExecutorMethodInterceptor.java:174) ~[spring-data-commons-3.4.5.jar:3.4.5]
	at org.springframework.data.repository.core.support.QueryExecutorMethodInterceptor.invoke(QueryExecutorMethodInterceptor.java:149) ~[spring-data-commons-3.4.5.jar:3.4.5]
	at org.springframework.aop.framework.ReflectiveMethodInvocation.proceed(ReflectiveMethodInvocation.java:184) ~[spring-aop-6.2.6.jar:6.2.6]
	at org.springframework.data.projection.DefaultMethodInvokingMethodInterceptor.invoke(DefaultMethodInvokingMethodInterceptor.java:69) ~[spring-data-commons-3.4.5.jar:3.4.5]
	at org.springframework.aop.framework.ReflectiveMethodInvocation.proceed(ReflectiveMethodInvocation.java:184) ~[spring-aop-6.2.6.jar:6.2.6]
	at org.springframework.transaction.interceptor.TransactionAspectSupport.invokeWithinTransaction(TransactionAspectSupport.java:380) ~[spring-tx-6.2.6.jar:6.2.6]
	at org.springframework.transaction.interceptor.TransactionInterceptor.invoke(TransactionInterceptor.java:119) ~[spring-tx-6.2.6.jar:6.2.6]
	at org.springframework.aop.framework.ReflectiveMethodInvocation.proceed(ReflectiveMethodInvocation.java:184) ~[spring-aop-6.2.6.jar:6.2.6]
	at org.springframework.dao.support.PersistenceExceptionTranslationInterceptor.invoke(PersistenceExceptionTranslationInterceptor.java:138) ~[spring-tx-6.2.6.jar:6.2.6]
	... 73 more
Caused by: java.sql.SQLSyntaxErrorException: (conn=1476) Unknown column 'b1_0.book_id' in 'field list'
	at org.mariadb.jdbc.export.ExceptionFactory.createException(ExceptionFactory.java:289) ~[mariadb-java-client-3.4.2.jar:?]
	at org.mariadb.jdbc.export.ExceptionFactory.create(ExceptionFactory.java:378) ~[mariadb-java-client-3.4.2.jar:?]
	at org.mariadb.jdbc.message.ClientMessage.readPacket(ClientMessage.java:189) ~[mariadb-java-client-3.4.2.jar:?]
	at org.mariadb.jdbc.client.impl.StandardClient.readPacket(StandardClient.java:1235) ~[mariadb-java-client-3.4.2.jar:?]
	at org.mariadb.jdbc.client.impl.StandardClient.readResults(StandardClient.java:1174) ~[mariadb-java-client-3.4.2.jar:?]
	at org.mariadb.jdbc.client.impl.StandardClient.readResponse(StandardClient.java:1093) ~[mariadb-java-client-3.4.2.jar:?]
	at org.mariadb.jdbc.client.impl.StandardClient.execute(StandardClient.java:1017) ~[mariadb-java-client-3.4.2.jar:?]
	at org.mariadb.jdbc.ClientPreparedStatement.executeInternal(ClientPreparedStatement.java:101) ~[mariadb-java-client-3.4.2.jar:?]
	at org.mariadb.jdbc.ClientPreparedStatement.executeQuery(ClientPreparedStatement.java:258) ~[mariadb-java-client-3.4.2.jar:?]
	at com.zaxxer.hikari.pool.ProxyPreparedStatement.executeQuery(ProxyPreparedStatement.java:52) ~[HikariCP-5.1.0.jar:?]
	at com.zaxxer.hikari.pool.HikariProxyPreparedStatement.executeQuery(HikariProxyPreparedStatement.java) ~[HikariCP-5.1.0.jar:?]
	at org.hibernate.sql.results.jdbc.internal.DeferredResultSetAccess.executeQuery(DeferredResultSetAccess.java:250) ~[hibernate-core-6.6.13.Final.jar:6.6.13.Final]
	at org.hibernate.sql.results.jdbc.internal.DeferredResultSetAccess.getResultSet(DeferredResultSetAccess.java:171) ~[hibernate-core-6.6.13.Final.jar:6.6.13.Final]
	at org.hibernate.sql.results.jdbc.internal.JdbcValuesResultSetImpl.<init>(JdbcValuesResultSetImpl.java:74) ~[hibernate-core-6.6.13.Final.jar:6.6.13.Final]
	at org.hibernate.sql.exec.internal.JdbcSelectExecutorStandardImpl.resolveJdbcValuesSource(JdbcSelectExecutorStandardImpl.java:355) ~[hibernate-core-6.6.13.Final.jar:6.6.13.Final]
	at org.hibernate.sql.exec.internal.JdbcSelectExecutorStandardImpl.doExecuteQuery(JdbcSelectExecutorStandardImpl.java:137) ~[hibernate-core-6.6.13.Final.jar:6.6.13.Final]
	at org.hibernate.sql.exec.internal.JdbcSelectExecutorStandardImpl.executeQuery(JdbcSelectExecutorStandardImpl.java:102) ~[hibernate-core-6.6.13.Final.jar:6.6.13.Final]
	at org.hibernate.sql.exec.spi.JdbcSelectExecutor.executeQuery(JdbcSelectExecutor.java:91) ~[hibernate-core-6.6.13.Final.jar:6.6.13.Final]
	at org.hibernate.sql.exec.spi.JdbcSelectExecutor.list(JdbcSelectExecutor.java:165) ~[hibernate-core-6.6.13.Final.jar:6.6.13.Final]
	at org.hibernate.query.sqm.internal.ConcreteSqmSelectQueryPlan.lambda$new$1(ConcreteSqmSelectQueryPlan.java:152) ~[hibernate-core-6.6.13.Final.jar:6.6.13.Final]
	at org.hibernate.query.sqm.internal.ConcreteSqmSelectQueryPlan.withCacheableSqmInterpretation(ConcreteSqmSelectQueryPlan.java:442) ~[hibernate-core-6.6.13.Final.jar:6.6.13.Final]
	at org.hibernate.query.sqm.internal.ConcreteSqmSelectQueryPlan.performList(ConcreteSqmSelectQueryPlan.java:362) ~[hibernate-core-6.6.13.Final.jar:6.6.13.Final]
	at org.hibernate.query.sqm.internal.QuerySqmImpl.doList(QuerySqmImpl.java:380) ~[hibernate-core-6.6.13.Final.jar:6.6.13.Final]
	at org.hibernate.query.spi.AbstractSelectionQuery.list(AbstractSelectionQuery.java:143) ~[hibernate-core-6.6.13.Final.jar:6.6.13.Final]
	at org.hibernate.query.Query.getResultList(Query.java:120) ~[hibernate-core-6.6.13.Final.jar:6.6.13.Final]
	at org.springframework.data.jpa.repository.support.SimpleJpaRepository.findAll(SimpleJpaRepository.java:395) ~[spring-data-jpa-3.4.5.jar:3.4.5]
	at java.base/jdk.internal.reflect.NativeMethodAccessorImpl.invoke0(Native Method) ~[?:?]
	at java.base/jdk.internal.reflect.NativeMethodAccessorImpl.invoke(NativeMethodAccessorImpl.java:77) ~[?:?]
	at java.base/jdk.internal.reflect.DelegatingMethodAccessorImpl.invoke(DelegatingMethodAccessorImpl.java:43) ~[?:?]
	at java.base/java.lang.reflect.Method.invoke(Method.java:568) ~[?:?]
	at org.springframework.aop.support.AopUtils.invokeJoinpointUsingReflection(AopUtils.java:359) ~[spring-aop-6.2.6.jar:6.2.6]
	at org.springframework.data.repository.core.support.RepositoryMethodInvoker$RepositoryFragmentMethodInvoker.lambda$new$0(RepositoryMethodInvoker.java:277) ~[spring-data-commons-3.4.5.jar:3.4.5]
	at org.springframework.data.repository.core.support.RepositoryMethodInvoker.doInvoke(RepositoryMethodInvoker.java:170) ~[spring-data-commons-3.4.5.jar:3.4.5]
	at org.springframework.data.repository.core.support.RepositoryMethodInvoker.invoke(RepositoryMethodInvoker.java:158) ~[spring-data-commons-3.4.5.jar:3.4.5]
	at org.springframework.data.repository.core.support.RepositoryComposition$RepositoryFragments.invoke(RepositoryComposition.java:515) ~[spring-data-commons-3.4.5.jar:3.4.5]
	at org.springframework.data.repository.core.support.RepositoryComposition.invoke(RepositoryComposition.java:284) ~[spring-data-commons-3.4.5.jar:3.4.5]
	at org.springframework.data.repository.core.support.RepositoryFactorySupport$ImplementationMethodExecutionInterceptor.invoke(RepositoryFactorySupport.java:731) ~[spring-data-commons-3.4.5.jar:3.4.5]
	at org.springframework.aop.framework.ReflectiveMethodInvocation.proceed(ReflectiveMethodInvocation.java:184) ~[spring-aop-6.2.6.jar:6.2.6]
	at org.springframework.data.repository.core.support.QueryExecutorMethodInterceptor.doInvoke(QueryExecutorMethodInterceptor.java:174) ~[spring-data-commons-3.4.5.jar:3.4.5]
	at org.springframework.data.repository.core.support.QueryExecutorMethodInterceptor.invoke(QueryExecutorMethodInterceptor.java:149) ~[spring-data-commons-3.4.5.jar:3.4.5]
	at org.springframework.aop.framework.ReflectiveMethodInvocation.proceed(ReflectiveMethodInvocation.java:184) ~[spring-aop-6.2.6.jar:6.2.6]
	at org.springframework.data.projection.DefaultMethodInvokingMethodInterceptor.invoke(DefaultMethodInvokingMethodInterceptor.java:69) ~[spring-data-commons-3.4.5.jar:3.4.5]
	at org.springframework.aop.framework.ReflectiveMethodInvocation.proceed(ReflectiveMethodInvocation.java:184) ~[spring-aop-6.2.6.jar:6.2.6]
	at org.springframework.transaction.interceptor.TransactionAspectSupport.invokeWithinTransaction(TransactionAspectSupport.java:380) ~[spring-tx-6.2.6.jar:6.2.6]
	at org.springframework.transaction.interceptor.TransactionInterceptor.invoke(TransactionInterceptor.java:119) ~[spring-tx-6.2.6.jar:6.2.6]
	at org.springframework.aop.framework.ReflectiveMethodInvocation.proceed(ReflectiveMethodInvocation.java:184) ~[spring-aop-6.2.6.jar:6.2.6]
	at org.springframework.dao.support.PersistenceExceptionTranslationInterceptor.invoke(PersistenceExceptionTranslationInterceptor.java:138) ~[spring-tx-6.2.6.jar:6.2.6]
	... 73 more

2025-05-09T23:37:38.867+09:00  WARN 16884 --- [MySpringbootLab] [http-nio-8080-exec-4] .m.m.a.ExceptionHandlerExceptionResolver : Resolved [org.springframework.dao.InvalidDataAccessResourceUsageException: JDBC exception executing SQL [select b1_0.book_id,b1_0.author,b1_0.isbn,b1_0.price,b1_0.publish_date,b1_0.title from books b1_0] [(conn=1476) Unknown column 'b1_0.book_id' in 'field list'] [n/a]; SQL [n/a]]
2025-05-09T23:40:53.009+09:00  INFO 16884 --- [MySpringbootLab] [SpringApplicationShutdownHook] o.s.b.w.e.t.GracefulShutdown             : Commencing graceful shutdown. Waiting for active requests to complete
2025-05-09T23:40:53.276+09:00  INFO 16884 --- [MySpringbootLab] [tomcat-shutdown] o.s.b.w.e.t.GracefulShutdown             : Graceful shutdown complete
2025-05-09T23:40:53.283+09:00  INFO 16884 --- [MySpringbootLab] [SpringApplicationShutdownHook] j.LocalContainerEntityManagerFactoryBean : Closing JPA EntityManagerFactory for persistence unit 'default'
2025-05-09T23:40:53.286+09:00  INFO 16884 --- [MySpringbootLab] [SpringApplicationShutdownHook] c.z.h.HikariDataSource                   : HikariPool-1 - Shutdown initiated...
2025-05-09T23:40:53.289+09:00  INFO 16884 --- [MySpringbootLab] [SpringApplicationShutdownHook] c.z.h.HikariDataSource                   : HikariPool-1 - Shutdown completed.
2025-05-09T23:40:55.437+09:00  INFO 27476 --- [MySpringbootLab] [restartedMain] c.r.m.MySpringbootLabApplication         : Starting MySpringbootLabApplication using Java 17.0.2 with PID 27476 (C:\mybackend\MySpringbootLab\MySpringbootLab\target\classes started by pshcc in C:\mybackend\MySpringbootLab)
2025-05-09T23:40:55.442+09:00  INFO 27476 --- [MySpringbootLab] [restartedMain] c.r.m.MySpringbootLabApplication         : The following 1 profile is active: "prod"
2025-05-09T23:40:55.482+09:00  INFO 27476 --- [MySpringbootLab] [restartedMain] .e.DevToolsPropertyDefaultsPostProcessor : Devtools property defaults active! Set 'spring.devtools.add-properties' to 'false' to disable
2025-05-09T23:40:55.482+09:00  INFO 27476 --- [MySpringbootLab] [restartedMain] .e.DevToolsPropertyDefaultsPostProcessor : For additional web related logging consider setting the 'logging.level.web' property to 'DEBUG'
2025-05-09T23:40:56.440+09:00  INFO 27476 --- [MySpringbootLab] [restartedMain] .s.d.r.c.RepositoryConfigurationDelegate : Bootstrapping Spring Data JPA repositories in DEFAULT mode.
2025-05-09T23:40:56.503+09:00  INFO 27476 --- [MySpringbootLab] [restartedMain] .s.d.r.c.RepositoryConfigurationDelegate : Finished Spring Data repository scanning in 53 ms. Found 1 JPA repository interface.
2025-05-09T23:40:57.493+09:00  INFO 27476 --- [MySpringbootLab] [restartedMain] o.s.b.w.e.t.TomcatWebServer              : Tomcat initialized with port 8080 (http)
2025-05-09T23:40:57.507+09:00  INFO 27476 --- [MySpringbootLab] [restartedMain] o.a.c.c.StandardService                  : Starting service [Tomcat]
2025-05-09T23:40:57.508+09:00  INFO 27476 --- [MySpringbootLab] [restartedMain] o.a.c.c.StandardEngine                   : Starting Servlet engine: [Apache Tomcat/10.1.40]
2025-05-09T23:40:57.573+09:00  INFO 27476 --- [MySpringbootLab] [restartedMain] o.a.c.c.C.[.[.[/]                        : Initializing Spring embedded WebApplicationContext
2025-05-09T23:40:57.574+09:00  INFO 27476 --- [MySpringbootLab] [restartedMain] w.s.c.ServletWebServerApplicationContext : Root WebApplicationContext: initialization completed in 2090 ms
2025-05-09T23:40:57.892+09:00  INFO 27476 --- [MySpringbootLab] [restartedMain] o.h.j.i.u.LogHelper                      : HHH000204: Processing PersistenceUnitInfo [name: default]
2025-05-09T23:40:57.948+09:00  INFO 27476 --- [MySpringbootLab] [restartedMain] o.h.Version                              : HHH000412: Hibernate ORM core version 6.6.13.Final
2025-05-09T23:40:57.985+09:00  INFO 27476 --- [MySpringbootLab] [restartedMain] o.h.c.i.RegionFactoryInitiator           : HHH000026: Second-level cache disabled
2025-05-09T23:40:58.254+09:00  INFO 27476 --- [MySpringbootLab] [restartedMain] o.s.o.j.p.SpringPersistenceUnitInfo      : No LoadTimeWeaver setup: ignoring JPA class transformer
2025-05-09T23:40:58.289+09:00  INFO 27476 --- [MySpringbootLab] [restartedMain] c.z.h.HikariDataSource                   : HikariPool-1 - Starting...
2025-05-09T23:40:58.368+09:00  INFO 27476 --- [MySpringbootLab] [restartedMain] c.z.h.p.HikariPool                       : HikariPool-1 - Added connection org.mariadb.jdbc.Connection@71c30b3
2025-05-09T23:40:58.370+09:00  INFO 27476 --- [MySpringbootLab] [restartedMain] c.z.h.HikariDataSource                   : HikariPool-1 - Start completed.
2025-05-09T23:40:58.395+09:00  WARN 27476 --- [MySpringbootLab] [restartedMain] o.h.o.deprecation                        : HHH90000025: MariaDBDialect does not need to be specified explicitly using 'hibernate.dialect' (remove the property setting and it will be selected by default)
2025-05-09T23:40:58.415+09:00  INFO 27476 --- [MySpringbootLab] [restartedMain] o.h.o.c.pooling                          : HHH10001005: Database info:
	Database JDBC URL [Connecting through datasource 'HikariDataSource (HikariPool-1)']
	Database driver: undefined/unknown
	Database version: 10.11.5
	Autocommit mode: undefined/unknown
	Isolation level: undefined/unknown
	Minimum pool size: undefined/unknown
	Maximum pool size: undefined/unknown
2025-05-09T23:40:59.142+09:00  INFO 27476 --- [MySpringbootLab] [restartedMain] o.h.e.t.j.p.i.JtaPlatformInitiator       : HHH000489: No JTA platform available (set 'hibernate.transaction.jta.platform' to enable JTA platform integration)
2025-05-09T23:40:59.219+09:00  INFO 27476 --- [MySpringbootLab] [restartedMain] j.LocalContainerEntityManagerFactoryBean : Initialized JPA EntityManagerFactory for persistence unit 'default'
2025-05-09T23:40:59.629+09:00  WARN 27476 --- [MySpringbootLab] [restartedMain] JpaBaseConfiguration$JpaWebConfiguration : spring.jpa.open-in-view is enabled by default. Therefore, database queries may be performed during view rendering. Explicitly configure spring.jpa.open-in-view to disable this warning
2025-05-09T23:40:59.977+09:00  WARN 27476 --- [MySpringbootLab] [restartedMain] ion$DefaultTemplateResolverConfiguration : Cannot find template location: classpath:/templates/ (please add some templates, check your Thymeleaf configuration, or set spring.thymeleaf.check-template-location=false)
2025-05-09T23:41:00.275+09:00  INFO 27476 --- [MySpringbootLab] [restartedMain] o.s.b.a.h.H2ConsoleAutoConfiguration     : H2 console available at '/h2-console'. Database available at 'jdbc:mariadb://127.0.0.1/boot_db?user=boot&password=***'
2025-05-09T23:41:00.352+09:00  INFO 27476 --- [MySpringbootLab] [restartedMain] o.s.b.d.a.OptionalLiveReloadServer       : LiveReload server is running on port 35729
2025-05-09T23:41:00.362+09:00  INFO 27476 --- [MySpringbootLab] [restartedMain] o.s.b.a.e.w.EndpointLinksResolver        : Exposing 1 endpoint beneath base path '/actuator'
2025-05-09T23:41:00.436+09:00  INFO 27476 --- [MySpringbootLab] [restartedMain] o.s.b.w.e.t.TomcatWebServer              : Tomcat started on port 8080 (http) with context path '/'
2025-05-09T23:41:00.450+09:00  INFO 27476 --- [MySpringbootLab] [restartedMain] c.r.m.MySpringbootLabApplication         : Started MySpringbootLabApplication in 5.461 seconds (process running for 6.271)
2025-05-09T23:41:00.481+09:00  INFO 27476 --- [MySpringbootLab] [restartedMain] c.r.m.r.MyPropRunner                     : MyBootProperties getUsername() = springboot
2025-05-09T23:41:00.481+09:00  INFO 27476 --- [MySpringbootLab] [restartedMain] c.r.m.r.MyPropRunner                     : MyBootProperties getPort() = 18
2025-05-09T23:41:00.482+09:00  INFO 27476 --- [MySpringbootLab] [restartedMain] c.r.m.r.MyPropRunner                     : 설정된 Port 번호 = 8080
2025-05-09T23:41:00.482+09:00  INFO 27476 --- [MySpringbootLab] [restartedMain] c.r.m.r.MyPropRunner                     : 현재 활성화된 MyEnvironment Bean = com.rookies3.myspringbootlab.config.MyEnvironment@5bb262f8
2025-05-09T23:46:10.431+09:00  INFO 27476 --- [MySpringbootLab] [http-nio-8080-exec-2] o.a.c.c.C.[.[.[/]                        : Initializing Spring DispatcherServlet 'dispatcherServlet'
2025-05-09T23:46:10.431+09:00  INFO 27476 --- [MySpringbootLab] [http-nio-8080-exec-2] o.s.w.s.DispatcherServlet                : Initializing Servlet 'dispatcherServlet'
2025-05-09T23:46:10.432+09:00  INFO 27476 --- [MySpringbootLab] [http-nio-8080-exec-2] o.s.w.s.DispatcherServlet                : Completed initialization in 1 ms
2025-05-09T23:46:42.708+09:00  WARN 27476 --- [MySpringbootLab] [http-nio-8080-exec-3] .m.m.a.ExceptionHandlerExceptionResolver : Resolved [org.springframework.web.bind.MethodArgumentNotValidException: Validation failed for argument [0] in public org.springframework.http.ResponseEntity<com.rookies3.myspringbootlab.controller.dto.BookDTO$BookResponse> com.rookies3.myspringbootlab.controller.BookDetailController.createBook(com.rookies3.myspringbootlab.controller.dto.BookDTO$BookCreateRequest): [Field error in object 'bookCreateRequest' on field 'price': rejected value [-30000]; codes [Positive.bookCreateRequest.price,Positive.price,Positive.java.lang.Integer,Positive]; arguments [org.springframework.context.support.DefaultMessageSourceResolvable: codes [bookCreateRequest.price,price]; arguments []; default message [price]]; default message [가격은 양수여야 합니다.]] ]
2025-05-09T23:49:41.225+09:00  INFO 27476 --- [MySpringbootLab] [SpringApplicationShutdownHook] o.s.b.w.e.t.GracefulShutdown             : Commencing graceful shutdown. Waiting for active requests to complete
2025-05-09T23:49:41.475+09:00  INFO 27476 --- [MySpringbootLab] [tomcat-shutdown] o.s.b.w.e.t.GracefulShutdown             : Graceful shutdown complete
2025-05-09T23:49:41.480+09:00  INFO 27476 --- [MySpringbootLab] [SpringApplicationShutdownHook] j.LocalContainerEntityManagerFactoryBean : Closing JPA EntityManagerFactory for persistence unit 'default'
2025-05-09T23:49:41.483+09:00  INFO 27476 --- [MySpringbootLab] [SpringApplicationShutdownHook] c.z.h.HikariDataSource                   : HikariPool-1 - Shutdown initiated...
2025-05-09T23:49:41.485+09:00  INFO 27476 --- [MySpringbootLab] [SpringApplicationShutdownHook] c.z.h.HikariDataSource                   : HikariPool-1 - Shutdown completed.
2025-05-12T21:55:36.514+09:00  INFO 24208 --- [MySpringbootLab] [restartedMain] c.r.m.MySpringbootLabApplication         : Starting MySpringbootLabApplication using Java 17.0.2 with PID 24208 (C:\mybackend\MySpringbootLab\MySpringbootLab\target\classes started by pshcc in C:\mybackend\MySpringbootLab)
2025-05-12T21:55:36.519+09:00  INFO 24208 --- [MySpringbootLab] [restartedMain] c.r.m.MySpringbootLabApplication         : The following 1 profile is active: "prod"
2025-05-12T21:55:36.568+09:00  INFO 24208 --- [MySpringbootLab] [restartedMain] .e.DevToolsPropertyDefaultsPostProcessor : Devtools property defaults active! Set 'spring.devtools.add-properties' to 'false' to disable
2025-05-12T21:55:36.568+09:00  INFO 24208 --- [MySpringbootLab] [restartedMain] .e.DevToolsPropertyDefaultsPostProcessor : For additional web related logging consider setting the 'logging.level.web' property to 'DEBUG'
2025-05-12T21:55:37.747+09:00  INFO 24208 --- [MySpringbootLab] [restartedMain] .s.d.r.c.RepositoryConfigurationDelegate : Bootstrapping Spring Data JPA repositories in DEFAULT mode.
2025-05-12T21:55:37.819+09:00  INFO 24208 --- [MySpringbootLab] [restartedMain] .s.d.r.c.RepositoryConfigurationDelegate : Finished Spring Data repository scanning in 62 ms. Found 2 JPA repository interfaces.
2025-05-12T21:55:38.970+09:00  INFO 24208 --- [MySpringbootLab] [restartedMain] o.s.b.w.e.t.TomcatWebServer              : Tomcat initialized with port 8080 (http)
2025-05-12T21:55:38.987+09:00  INFO 24208 --- [MySpringbootLab] [restartedMain] o.a.c.c.StandardService                  : Starting service [Tomcat]
2025-05-12T21:55:38.988+09:00  INFO 24208 --- [MySpringbootLab] [restartedMain] o.a.c.c.StandardEngine                   : Starting Servlet engine: [Apache Tomcat/10.1.40]
2025-05-12T21:55:39.057+09:00  INFO 24208 --- [MySpringbootLab] [restartedMain] o.a.c.c.C.[.[.[/]                        : Initializing Spring embedded WebApplicationContext
2025-05-12T21:55:39.058+09:00  INFO 24208 --- [MySpringbootLab] [restartedMain] w.s.c.ServletWebServerApplicationContext : Root WebApplicationContext: initialization completed in 2488 ms
2025-05-12T21:55:39.388+09:00  INFO 24208 --- [MySpringbootLab] [restartedMain] o.h.j.i.u.LogHelper                      : HHH000204: Processing PersistenceUnitInfo [name: default]
2025-05-12T21:55:39.445+09:00  INFO 24208 --- [MySpringbootLab] [restartedMain] o.h.Version                              : HHH000412: Hibernate ORM core version 6.6.13.Final
2025-05-12T21:55:39.479+09:00  INFO 24208 --- [MySpringbootLab] [restartedMain] o.h.c.i.RegionFactoryInitiator           : HHH000026: Second-level cache disabled
2025-05-12T21:55:39.763+09:00  INFO 24208 --- [MySpringbootLab] [restartedMain] o.s.o.j.p.SpringPersistenceUnitInfo      : No LoadTimeWeaver setup: ignoring JPA class transformer
2025-05-12T21:55:39.795+09:00  INFO 24208 --- [MySpringbootLab] [restartedMain] c.z.h.HikariDataSource                   : HikariPool-1 - Starting...
2025-05-12T21:55:39.878+09:00  INFO 24208 --- [MySpringbootLab] [restartedMain] c.z.h.p.HikariPool                       : HikariPool-1 - Added connection org.mariadb.jdbc.Connection@4c0d2828
2025-05-12T21:55:39.879+09:00  INFO 24208 --- [MySpringbootLab] [restartedMain] c.z.h.HikariDataSource                   : HikariPool-1 - Start completed.
2025-05-12T21:55:39.905+09:00  WARN 24208 --- [MySpringbootLab] [restartedMain] o.h.o.deprecation                        : HHH90000025: MariaDBDialect does not need to be specified explicitly using 'hibernate.dialect' (remove the property setting and it will be selected by default)
2025-05-12T21:55:39.924+09:00  INFO 24208 --- [MySpringbootLab] [restartedMain] o.h.o.c.pooling                          : HHH10001005: Database info:
	Database JDBC URL [Connecting through datasource 'HikariDataSource (HikariPool-1)']
	Database driver: undefined/unknown
	Database version: 10.11.5
	Autocommit mode: undefined/unknown
	Isolation level: undefined/unknown
	Minimum pool size: undefined/unknown
	Maximum pool size: undefined/unknown
2025-05-12T21:55:40.792+09:00  INFO 24208 --- [MySpringbootLab] [restartedMain] o.h.e.t.j.p.i.JtaPlatformInitiator       : HHH000489: No JTA platform available (set 'hibernate.transaction.jta.platform' to enable JTA platform integration)
2025-05-12T21:55:40.944+09:00  INFO 24208 --- [MySpringbootLab] [restartedMain] j.LocalContainerEntityManagerFactoryBean : Initialized JPA EntityManagerFactory for persistence unit 'default'
2025-05-12T21:55:41.252+09:00  INFO 24208 --- [MySpringbootLab] [restartedMain] o.s.d.j.r.q.QueryEnhancerFactory         : Hibernate is in classpath; If applicable, HQL parser will be used.
2025-05-12T21:55:41.756+09:00  WARN 24208 --- [MySpringbootLab] [restartedMain] JpaBaseConfiguration$JpaWebConfiguration : spring.jpa.open-in-view is enabled by default. Therefore, database queries may be performed during view rendering. Explicitly configure spring.jpa.open-in-view to disable this warning
2025-05-12T21:55:42.108+09:00  WARN 24208 --- [MySpringbootLab] [restartedMain] ion$DefaultTemplateResolverConfiguration : Cannot find template location: classpath:/templates/ (please add some templates, check your Thymeleaf configuration, or set spring.thymeleaf.check-template-location=false)
2025-05-12T21:55:42.410+09:00  INFO 24208 --- [MySpringbootLab] [restartedMain] o.s.b.a.h.H2ConsoleAutoConfiguration     : H2 console available at '/h2-console'. Database available at 'jdbc:mariadb://127.0.0.1/boot_db?user=boot&password=***'
2025-05-12T21:55:42.481+09:00  INFO 24208 --- [MySpringbootLab] [restartedMain] o.s.b.d.a.OptionalLiveReloadServer       : LiveReload server is running on port 35729
2025-05-12T21:55:42.491+09:00  INFO 24208 --- [MySpringbootLab] [restartedMain] o.s.b.a.e.w.EndpointLinksResolver        : Exposing 1 endpoint beneath base path '/actuator'
2025-05-12T21:55:42.562+09:00  INFO 24208 --- [MySpringbootLab] [restartedMain] o.s.b.w.e.t.TomcatWebServer              : Tomcat started on port 8080 (http) with context path '/'
2025-05-12T21:55:42.576+09:00  INFO 24208 --- [MySpringbootLab] [restartedMain] c.r.m.MySpringbootLabApplication         : Started MySpringbootLabApplication in 6.562 seconds (process running for 7.456)
2025-05-12T21:55:42.621+09:00  INFO 24208 --- [MySpringbootLab] [restartedMain] c.r.m.r.MyPropRunner                     : MyBootProperties getUsername() = springboot
2025-05-12T21:55:42.621+09:00  INFO 24208 --- [MySpringbootLab] [restartedMain] c.r.m.r.MyPropRunner                     : MyBootProperties getPort() = 24
2025-05-12T21:55:42.621+09:00  INFO 24208 --- [MySpringbootLab] [restartedMain] c.r.m.r.MyPropRunner                     : 설정된 Port 번호 = 8080
2025-05-12T21:55:42.622+09:00  INFO 24208 --- [MySpringbootLab] [restartedMain] c.r.m.r.MyPropRunner                     : 현재 활성화된 MyEnvironment Bean = com.rookies3.myspringbootlab.config.MyEnvironment@63020255
2025-05-12T21:55:46.537+09:00  INFO 24208 --- [MySpringbootLab] [SpringApplicationShutdownHook] o.s.b.w.e.t.GracefulShutdown             : Commencing graceful shutdown. Waiting for active requests to complete
2025-05-12T21:55:46.778+09:00  INFO 24208 --- [MySpringbootLab] [tomcat-shutdown] o.s.b.w.e.t.GracefulShutdown             : Graceful shutdown complete
2025-05-12T21:55:46.784+09:00  INFO 24208 --- [MySpringbootLab] [SpringApplicationShutdownHook] j.LocalContainerEntityManagerFactoryBean : Closing JPA EntityManagerFactory for persistence unit 'default'
2025-05-12T21:55:46.786+09:00  INFO 24208 --- [MySpringbootLab] [SpringApplicationShutdownHook] c.z.h.HikariDataSource                   : HikariPool-1 - Shutdown initiated...
2025-05-12T21:55:46.789+09:00  INFO 24208 --- [MySpringbootLab] [SpringApplicationShutdownHook] c.z.h.HikariDataSource                   : HikariPool-1 - Shutdown completed.
2025-05-20T14:23:03.162+09:00  INFO 41748 --- [MySpringbootLab] [restartedMain] c.r.m.MySpringbootLabApplication         : Starting MySpringbootLabApplication using Java 17.0.2 with PID 41748 (C:\mybackend\MySpringbootLab\MySpringbootLab\target\classes started by pshcc in C:\mybackend\MySpringbootLab)
2025-05-20T14:23:03.167+09:00 DEBUG 41748 --- [MySpringbootLab] [restartedMain] c.r.m.MySpringbootLabApplication         : Running with Spring Boot v3.4.5, Spring v6.2.6
2025-05-20T14:23:03.168+09:00  INFO 41748 --- [MySpringbootLab] [restartedMain] c.r.m.MySpringbootLabApplication         : The following 1 profile is active: "test"
2025-05-20T14:23:03.208+09:00  INFO 41748 --- [MySpringbootLab] [restartedMain] .e.DevToolsPropertyDefaultsPostProcessor : Devtools property defaults active! Set 'spring.devtools.add-properties' to 'false' to disable
2025-05-20T14:23:03.209+09:00  INFO 41748 --- [MySpringbootLab] [restartedMain] .e.DevToolsPropertyDefaultsPostProcessor : For additional web related logging consider setting the 'logging.level.web' property to 'DEBUG'
2025-05-20T14:23:04.314+09:00  INFO 41748 --- [MySpringbootLab] [restartedMain] .s.d.r.c.RepositoryConfigurationDelegate : Bootstrapping Spring Data JPA repositories in DEFAULT mode.
2025-05-20T14:23:04.389+09:00  INFO 41748 --- [MySpringbootLab] [restartedMain] .s.d.r.c.RepositoryConfigurationDelegate : Finished Spring Data repository scanning in 64 ms. Found 2 JPA repository interfaces.
2025-05-20T14:23:05.474+09:00  INFO 41748 --- [MySpringbootLab] [restartedMain] o.s.b.w.e.t.TomcatWebServer              : Tomcat initialized with port 8080 (http)
2025-05-20T14:23:05.492+09:00  INFO 41748 --- [MySpringbootLab] [restartedMain] o.a.c.c.StandardService                  : Starting service [Tomcat]
2025-05-20T14:23:05.494+09:00  INFO 41748 --- [MySpringbootLab] [restartedMain] o.a.c.c.StandardEngine                   : Starting Servlet engine: [Apache Tomcat/10.1.40]
2025-05-20T14:23:05.573+09:00  INFO 41748 --- [MySpringbootLab] [restartedMain] o.a.c.c.C.[.[.[/]                        : Initializing Spring embedded WebApplicationContext
2025-05-20T14:23:05.576+09:00  INFO 41748 --- [MySpringbootLab] [restartedMain] w.s.c.ServletWebServerApplicationContext : Root WebApplicationContext: initialization completed in 2363 ms
2025-05-20T14:23:06.018+09:00  INFO 41748 --- [MySpringbootLab] [restartedMain] o.h.j.i.u.LogHelper                      : HHH000204: Processing PersistenceUnitInfo [name: default]
2025-05-20T14:23:06.097+09:00  INFO 41748 --- [MySpringbootLab] [restartedMain] o.h.Version                              : HHH000412: Hibernate ORM core version 6.6.13.Final
2025-05-20T14:23:06.143+09:00  INFO 41748 --- [MySpringbootLab] [restartedMain] o.h.c.i.RegionFactoryInitiator           : HHH000026: Second-level cache disabled
2025-05-20T14:23:06.460+09:00  INFO 41748 --- [MySpringbootLab] [restartedMain] o.s.o.j.p.SpringPersistenceUnitInfo      : No LoadTimeWeaver setup: ignoring JPA class transformer
2025-05-20T14:23:06.500+09:00  INFO 41748 --- [MySpringbootLab] [restartedMain] c.z.h.HikariDataSource                   : HikariPool-1 - Starting...
2025-05-20T14:23:06.592+09:00  INFO 41748 --- [MySpringbootLab] [restartedMain] c.z.h.p.HikariPool                       : HikariPool-1 - Added connection org.mariadb.jdbc.Connection@2e5061d7
2025-05-20T14:23:06.595+09:00  INFO 41748 --- [MySpringbootLab] [restartedMain] c.z.h.HikariDataSource                   : HikariPool-1 - Start completed.
2025-05-20T14:23:06.624+09:00  WARN 41748 --- [MySpringbootLab] [restartedMain] o.h.o.deprecation                        : HHH90000025: MariaDBDialect does not need to be specified explicitly using 'hibernate.dialect' (remove the property setting and it will be selected by default)
2025-05-20T14:23:06.646+09:00  INFO 41748 --- [MySpringbootLab] [restartedMain] o.h.o.c.pooling                          : HHH10001005: Database info:
	Database JDBC URL [Connecting through datasource 'HikariDataSource (HikariPool-1)']
	Database driver: undefined/unknown
	Database version: 10.11.5
	Autocommit mode: undefined/unknown
	Isolation level: undefined/unknown
	Minimum pool size: undefined/unknown
	Maximum pool size: undefined/unknown
2025-05-20T14:23:07.510+09:00  INFO 41748 --- [MySpringbootLab] [restartedMain] o.h.e.t.j.p.i.JtaPlatformInitiator       : HHH000489: No JTA platform available (set 'hibernate.transaction.jta.platform' to enable JTA platform integration)
2025-05-20T14:23:07.566+09:00  INFO 41748 --- [MySpringbootLab] [restartedMain] j.LocalContainerEntityManagerFactoryBean : Initialized JPA EntityManagerFactory for persistence unit 'default'
2025-05-20T14:23:07.921+09:00  INFO 41748 --- [MySpringbootLab] [restartedMain] o.s.d.j.r.q.QueryEnhancerFactory         : Hibernate is in classpath; If applicable, HQL parser will be used.
2025-05-20T14:23:08.471+09:00  WARN 41748 --- [MySpringbootLab] [restartedMain] JpaBaseConfiguration$JpaWebConfiguration : spring.jpa.open-in-view is enabled by default. Therefore, database queries may be performed during view rendering. Explicitly configure spring.jpa.open-in-view to disable this warning
2025-05-20T14:23:08.598+09:00  WARN 41748 --- [MySpringbootLab] [restartedMain] ConfigServletWebServerApplicationContext : Exception encountered during context initialization - cancelling refresh attempt: org.springframework.beans.factory.BeanCreationException: Error creating bean with name 'requestMappingHandlerMapping' defined in class path resource [org/springframework/boot/autoconfigure/web/servlet/WebMvcAutoConfiguration$EnableWebMvcConfiguration.class]: Ambiguous mapping. Cannot map 'bookController' method 
com.rookies3.myspringbootlab.controller.BookDetailController#updateBookPartial(Long, PatchRequest)
to {PATCH [/api/books/{id}]}: There is already 'bookController' bean method
com.rookies3.myspringbootlab.controller.BookDetailController#updateBook(Long, Request) mapped.
2025-05-20T14:23:08.599+09:00  INFO 41748 --- [MySpringbootLab] [restartedMain] j.LocalContainerEntityManagerFactoryBean : Closing JPA EntityManagerFactory for persistence unit 'default'
2025-05-20T14:23:08.603+09:00  INFO 41748 --- [MySpringbootLab] [restartedMain] c.z.h.HikariDataSource                   : HikariPool-1 - Shutdown initiated...
2025-05-20T14:23:08.606+09:00  INFO 41748 --- [MySpringbootLab] [restartedMain] c.z.h.HikariDataSource                   : HikariPool-1 - Shutdown completed.
2025-05-20T14:23:08.609+09:00  INFO 41748 --- [MySpringbootLab] [restartedMain] o.a.c.c.StandardService                  : Stopping service [Tomcat]
2025-05-20T14:23:08.627+09:00  INFO 41748 --- [MySpringbootLab] [restartedMain] .s.b.a.l.ConditionEvaluationReportLogger : 

Error starting ApplicationContext. To display the condition evaluation report re-run your application with 'debug' enabled.
2025-05-20T14:23:08.650+09:00 ERROR 41748 --- [MySpringbootLab] [restartedMain] o.s.b.SpringApplication                  : Application run failed

org.springframework.beans.factory.BeanCreationException: Error creating bean with name 'requestMappingHandlerMapping' defined in class path resource [org/springframework/boot/autoconfigure/web/servlet/WebMvcAutoConfiguration$EnableWebMvcConfiguration.class]: Ambiguous mapping. Cannot map 'bookController' method 
com.rookies3.myspringbootlab.controller.BookDetailController#updateBookPartial(Long, PatchRequest)
to {PATCH [/api/books/{id}]}: There is already 'bookController' bean method
com.rookies3.myspringbootlab.controller.BookDetailController#updateBook(Long, Request) mapped.
	at org.springframework.beans.factory.support.AbstractAutowireCapableBeanFactory.initializeBean(AbstractAutowireCapableBeanFactory.java:1818) ~[spring-beans-6.2.6.jar:6.2.6]
	at org.springframework.beans.factory.support.AbstractAutowireCapableBeanFactory.doCreateBean(AbstractAutowireCapableBeanFactory.java:607) ~[spring-beans-6.2.6.jar:6.2.6]
	at org.springframework.beans.factory.support.AbstractAutowireCapableBeanFactory.createBean(AbstractAutowireCapableBeanFactory.java:529) ~[spring-beans-6.2.6.jar:6.2.6]
	at org.springframework.beans.factory.support.AbstractBeanFactory.lambda$doGetBean$0(AbstractBeanFactory.java:339) ~[spring-beans-6.2.6.jar:6.2.6]
	at org.springframework.beans.factory.support.DefaultSingletonBeanRegistry.getSingleton(DefaultSingletonBeanRegistry.java:371) ~[spring-beans-6.2.6.jar:6.2.6]
	at org.springframework.beans.factory.support.AbstractBeanFactory.doGetBean(AbstractBeanFactory.java:337) ~[spring-beans-6.2.6.jar:6.2.6]
	at org.springframework.beans.factory.support.AbstractBeanFactory.getBean(AbstractBeanFactory.java:202) ~[spring-beans-6.2.6.jar:6.2.6]
	at org.springframework.beans.factory.support.DefaultListableBeanFactory.instantiateSingleton(DefaultListableBeanFactory.java:1221) ~[spring-beans-6.2.6.jar:6.2.6]
	at org.springframework.beans.factory.support.DefaultListableBeanFactory.preInstantiateSingleton(DefaultListableBeanFactory.java:1187) ~[spring-beans-6.2.6.jar:6.2.6]
	at org.springframework.beans.factory.support.DefaultListableBeanFactory.preInstantiateSingletons(DefaultListableBeanFactory.java:1122) ~[spring-beans-6.2.6.jar:6.2.6]
	at org.springframework.context.support.AbstractApplicationContext.finishBeanFactoryInitialization(AbstractApplicationContext.java:987) ~[spring-context-6.2.6.jar:6.2.6]
	at org.springframework.context.support.AbstractApplicationContext.refresh(AbstractApplicationContext.java:627) ~[spring-context-6.2.6.jar:6.2.6]
	at org.springframework.boot.web.servlet.context.ServletWebServerApplicationContext.refresh(ServletWebServerApplicationContext.java:146) ~[spring-boot-3.4.5.jar:3.4.5]
	at org.springframework.boot.SpringApplication.refresh(SpringApplication.java:753) [spring-boot-3.4.5.jar:3.4.5]
	at org.springframework.boot.SpringApplication.refreshContext(SpringApplication.java:439) [spring-boot-3.4.5.jar:3.4.5]
	at org.springframework.boot.SpringApplication.run(SpringApplication.java:318) [spring-boot-3.4.5.jar:3.4.5]
	at org.springframework.boot.SpringApplication.run(SpringApplication.java:1362) [spring-boot-3.4.5.jar:3.4.5]
	at org.springframework.boot.SpringApplication.run(SpringApplication.java:1351) [spring-boot-3.4.5.jar:3.4.5]
	at com.rookies3.myspringbootlab.MySpringbootLabApplication.main(MySpringbootLabApplication.java:10) [classes/:?]
	at java.base/jdk.internal.reflect.NativeMethodAccessorImpl.invoke0(Native Method) ~[?:?]
	at java.base/jdk.internal.reflect.NativeMethodAccessorImpl.invoke(NativeMethodAccessorImpl.java:77) ~[?:?]
	at java.base/jdk.internal.reflect.DelegatingMethodAccessorImpl.invoke(DelegatingMethodAccessorImpl.java:43) ~[?:?]
	at java.base/java.lang.reflect.Method.invoke(Method.java:568) ~[?:?]
	at org.springframework.boot.devtools.restart.RestartLauncher.run(RestartLauncher.java:50) [spring-boot-devtools-3.4.5.jar:3.4.5]
Caused by: java.lang.IllegalStateException: Ambiguous mapping. Cannot map 'bookController' method 
com.rookies3.myspringbootlab.controller.BookDetailController#updateBookPartial(Long, PatchRequest)
to {PATCH [/api/books/{id}]}: There is already 'bookController' bean method
com.rookies3.myspringbootlab.controller.BookDetailController#updateBook(Long, Request) mapped.
	at org.springframework.web.servlet.handler.AbstractHandlerMethodMapping$MappingRegistry.validateMethodMapping(AbstractHandlerMethodMapping.java:676) ~[spring-webmvc-6.2.6.jar:6.2.6]
	at org.springframework.web.servlet.handler.AbstractHandlerMethodMapping$MappingRegistry.register(AbstractHandlerMethodMapping.java:637) ~[spring-webmvc-6.2.6.jar:6.2.6]
	at org.springframework.web.servlet.handler.AbstractHandlerMethodMapping.registerHandlerMethod(AbstractHandlerMethodMapping.java:331) ~[spring-webmvc-6.2.6.jar:6.2.6]
	at org.springframework.web.servlet.mvc.method.annotation.RequestMappingHandlerMapping.registerHandlerMethod(RequestMappingHandlerMapping.java:507) ~[spring-webmvc-6.2.6.jar:6.2.6]
	at org.springframework.web.servlet.mvc.method.annotation.RequestMappingHandlerMapping.registerHandlerMethod(RequestMappingHandlerMapping.java:84) ~[spring-webmvc-6.2.6.jar:6.2.6]
	at org.springframework.web.servlet.handler.AbstractHandlerMethodMapping.lambda$detectHandlerMethods$2(AbstractHandlerMethodMapping.java:298) ~[spring-webmvc-6.2.6.jar:6.2.6]
	at java.base/java.util.LinkedHashMap.forEach(LinkedHashMap.java:721) ~[?:?]
	at org.springframework.web.servlet.handler.AbstractHandlerMethodMapping.detectHandlerMethods(AbstractHandlerMethodMapping.java:296) ~[spring-webmvc-6.2.6.jar:6.2.6]
	at org.springframework.web.servlet.handler.AbstractHandlerMethodMapping.processCandidateBean(AbstractHandlerMethodMapping.java:265) ~[spring-webmvc-6.2.6.jar:6.2.6]
	at org.springframework.web.servlet.handler.AbstractHandlerMethodMapping.initHandlerMethods(AbstractHandlerMethodMapping.java:224) ~[spring-webmvc-6.2.6.jar:6.2.6]
	at org.springframework.web.servlet.handler.AbstractHandlerMethodMapping.afterPropertiesSet(AbstractHandlerMethodMapping.java:212) ~[spring-webmvc-6.2.6.jar:6.2.6]
	at org.springframework.web.servlet.mvc.method.annotation.RequestMappingHandlerMapping.afterPropertiesSet(RequestMappingHandlerMapping.java:237) ~[spring-webmvc-6.2.6.jar:6.2.6]
	at org.springframework.beans.factory.support.AbstractAutowireCapableBeanFactory.invokeInitMethods(AbstractAutowireCapableBeanFactory.java:1865) ~[spring-beans-6.2.6.jar:6.2.6]
	at org.springframework.beans.factory.support.AbstractAutowireCapableBeanFactory.initializeBean(AbstractAutowireCapableBeanFactory.java:1814) ~[spring-beans-6.2.6.jar:6.2.6]
	... 23 more

2025-05-21T21:48:11.971+09:00  INFO 15620 --- [MySpringbootLab] [restartedMain] c.r.m.MySpringbootLabApplication         : Starting MySpringbootLabApplication using Java 17.0.2 with PID 15620 (C:\mybackend\MySpringbootLab\MySpringbootLab\target\classes started by pshcc in C:\mybackend\MySpringbootLab)
2025-05-21T21:48:11.976+09:00 DEBUG 15620 --- [MySpringbootLab] [restartedMain] c.r.m.MySpringbootLabApplication         : Running with Spring Boot v3.4.5, Spring v6.2.6
2025-05-21T21:48:11.977+09:00  INFO 15620 --- [MySpringbootLab] [restartedMain] c.r.m.MySpringbootLabApplication         : The following 1 profile is active: "test"
2025-05-21T21:48:12.024+09:00  INFO 15620 --- [MySpringbootLab] [restartedMain] .e.DevToolsPropertyDefaultsPostProcessor : Devtools property defaults active! Set 'spring.devtools.add-properties' to 'false' to disable
2025-05-21T21:48:12.025+09:00  INFO 15620 --- [MySpringbootLab] [restartedMain] .e.DevToolsPropertyDefaultsPostProcessor : For additional web related logging consider setting the 'logging.level.web' property to 'DEBUG'
2025-05-21T21:48:13.242+09:00  INFO 15620 --- [MySpringbootLab] [restartedMain] .s.d.r.c.RepositoryConfigurationDelegate : Bootstrapping Spring Data JPA repositories in DEFAULT mode.
2025-05-21T21:48:13.316+09:00  INFO 15620 --- [MySpringbootLab] [restartedMain] .s.d.r.c.RepositoryConfigurationDelegate : Finished Spring Data repository scanning in 64 ms. Found 3 JPA repository interfaces.
2025-05-21T21:48:14.260+09:00  INFO 15620 --- [MySpringbootLab] [restartedMain] o.s.b.w.e.t.TomcatWebServer              : Tomcat initialized with port 8080 (http)
2025-05-21T21:48:14.274+09:00  INFO 15620 --- [MySpringbootLab] [restartedMain] o.a.c.c.StandardService                  : Starting service [Tomcat]
2025-05-21T21:48:14.275+09:00  INFO 15620 --- [MySpringbootLab] [restartedMain] o.a.c.c.StandardEngine                   : Starting Servlet engine: [Apache Tomcat/10.1.40]
2025-05-21T21:48:14.345+09:00  INFO 15620 --- [MySpringbootLab] [restartedMain] o.a.c.c.C.[.[.[/]                        : Initializing Spring embedded WebApplicationContext
2025-05-21T21:48:14.347+09:00  INFO 15620 --- [MySpringbootLab] [restartedMain] w.s.c.ServletWebServerApplicationContext : Root WebApplicationContext: initialization completed in 2319 ms
2025-05-21T21:48:14.675+09:00  INFO 15620 --- [MySpringbootLab] [restartedMain] o.h.j.i.u.LogHelper                      : HHH000204: Processing PersistenceUnitInfo [name: default]
2025-05-21T21:48:14.745+09:00  INFO 15620 --- [MySpringbootLab] [restartedMain] o.h.Version                              : HHH000412: Hibernate ORM core version 6.6.13.Final
2025-05-21T21:48:14.787+09:00  INFO 15620 --- [MySpringbootLab] [restartedMain] o.h.c.i.RegionFactoryInitiator           : HHH000026: Second-level cache disabled
2025-05-21T21:48:15.082+09:00  INFO 15620 --- [MySpringbootLab] [restartedMain] o.s.o.j.p.SpringPersistenceUnitInfo      : No LoadTimeWeaver setup: ignoring JPA class transformer
2025-05-21T21:48:15.119+09:00  INFO 15620 --- [MySpringbootLab] [restartedMain] c.z.h.HikariDataSource                   : HikariPool-1 - Starting...
2025-05-21T21:48:15.208+09:00  INFO 15620 --- [MySpringbootLab] [restartedMain] c.z.h.p.HikariPool                       : HikariPool-1 - Added connection org.mariadb.jdbc.Connection@3902f3a0
2025-05-21T21:48:15.210+09:00  INFO 15620 --- [MySpringbootLab] [restartedMain] c.z.h.HikariDataSource                   : HikariPool-1 - Start completed.
2025-05-21T21:48:15.238+09:00  WARN 15620 --- [MySpringbootLab] [restartedMain] o.h.o.deprecation                        : HHH90000025: MariaDBDialect does not need to be specified explicitly using 'hibernate.dialect' (remove the property setting and it will be selected by default)
2025-05-21T21:48:15.258+09:00  INFO 15620 --- [MySpringbootLab] [restartedMain] o.h.o.c.pooling                          : HHH10001005: Database info:
	Database JDBC URL [Connecting through datasource 'HikariDataSource (HikariPool-1)']
	Database driver: undefined/unknown
	Database version: 10.11.5
	Autocommit mode: undefined/unknown
	Isolation level: undefined/unknown
	Minimum pool size: undefined/unknown
	Maximum pool size: undefined/unknown
2025-05-21T21:48:16.154+09:00  INFO 15620 --- [MySpringbootLab] [restartedMain] o.h.e.t.j.p.i.JtaPlatformInitiator       : HHH000489: No JTA platform available (set 'hibernate.transaction.jta.platform' to enable JTA platform integration)
2025-05-21T21:48:16.283+09:00  INFO 15620 --- [MySpringbootLab] [restartedMain] j.LocalContainerEntityManagerFactoryBean : Initialized JPA EntityManagerFactory for persistence unit 'default'
2025-05-21T21:48:16.594+09:00  INFO 15620 --- [MySpringbootLab] [restartedMain] o.s.d.j.r.q.QueryEnhancerFactory         : Hibernate is in classpath; If applicable, HQL parser will be used.
2025-05-21T21:48:17.250+09:00  WARN 15620 --- [MySpringbootLab] [restartedMain] JpaBaseConfiguration$JpaWebConfiguration : spring.jpa.open-in-view is enabled by default. Therefore, database queries may be performed during view rendering. Explicitly configure spring.jpa.open-in-view to disable this warning
2025-05-21T21:48:17.640+09:00  WARN 15620 --- [MySpringbootLab] [restartedMain] ion$DefaultTemplateResolverConfiguration : Cannot find template location: classpath:/templates/ (please add some templates, check your Thymeleaf configuration, or set spring.thymeleaf.check-template-location=false)
2025-05-21T21:48:17.940+09:00  INFO 15620 --- [MySpringbootLab] [restartedMain] o.s.b.a.h.H2ConsoleAutoConfiguration     : H2 console available at '/h2-console'. Database available at 'jdbc:mariadb://127.0.0.1/boot_db?user=boot&password=***'
2025-05-21T21:48:18.020+09:00  INFO 15620 --- [MySpringbootLab] [restartedMain] o.s.b.d.a.OptionalLiveReloadServer       : LiveReload server is running on port 35729
2025-05-21T21:48:18.029+09:00  INFO 15620 --- [MySpringbootLab] [restartedMain] o.s.b.a.e.w.EndpointLinksResolver        : Exposing 1 endpoint beneath base path '/actuator'
2025-05-21T21:48:18.108+09:00  INFO 15620 --- [MySpringbootLab] [restartedMain] o.s.b.w.e.t.TomcatWebServer              : Tomcat started on port 8080 (http) with context path '/'
2025-05-21T21:48:18.122+09:00  INFO 15620 --- [MySpringbootLab] [restartedMain] c.r.m.MySpringbootLabApplication         : Started MySpringbootLabApplication in 6.629 seconds (process running for 7.609)
2025-05-21T21:48:18.189+09:00  INFO 15620 --- [MySpringbootLab] [restartedMain] c.r.m.r.BookDataInsertRunner             : Starting Book-only data initialization...
2025-05-21T21:48:18.273+09:00  INFO 15620 --- [MySpringbootLab] [restartedMain] c.r.m.r.BookDataInsertRunner             : Creating books with details (no publisher)...
2025-05-21T21:48:18.307+09:00  WARN 15620 --- [MySpringbootLab] [restartedMain] o.m.j.m.s.ErrorPacket                    : Error: 1048-23000: Column 'cover_image_url' cannot be null
2025-05-21T21:48:18.308+09:00  WARN 15620 --- [MySpringbootLab] [restartedMain] o.h.e.j.s.SqlExceptionHelper             : SQL Error: 1048, SQLState: 23000
2025-05-21T21:48:18.308+09:00 ERROR 15620 --- [MySpringbootLab] [restartedMain] o.h.e.j.s.SqlExceptionHelper             : (conn=3572) Column 'cover_image_url' cannot be null
2025-05-21T21:48:18.318+09:00  INFO 15620 --- [MySpringbootLab] [restartedMain] .s.b.a.l.ConditionEvaluationReportLogger : 

Error starting ApplicationContext. To display the condition evaluation report re-run your application with 'debug' enabled.
2025-05-21T21:48:18.339+09:00 ERROR 15620 --- [MySpringbootLab] [restartedMain] o.s.b.SpringApplication                  : Application run failed

org.springframework.dao.DataIntegrityViolationException: could not execute statement [(conn=3572) Column 'cover_image_url' cannot be null] [insert into book_details (book_id,cover_image_url,description,edition,language,page_count,publisher) values (?,?,?,?,?,?,?)]; SQL [insert into book_details (book_id,cover_image_url,description,edition,language,page_count,publisher) values (?,?,?,?,?,?,?)]; constraint [null]
	at org.springframework.orm.jpa.vendor.HibernateJpaDialect.convertHibernateAccessException(HibernateJpaDialect.java:294) ~[spring-orm-6.2.6.jar:6.2.6]
	at org.springframework.orm.jpa.vendor.HibernateJpaDialect.convertHibernateAccessException(HibernateJpaDialect.java:256) ~[spring-orm-6.2.6.jar:6.2.6]
	at org.springframework.orm.jpa.vendor.HibernateJpaDialect.translateExceptionIfPossible(HibernateJpaDialect.java:241) ~[spring-orm-6.2.6.jar:6.2.6]
	at org.springframework.orm.jpa.AbstractEntityManagerFactoryBean.translateExceptionIfPossible(AbstractEntityManagerFactoryBean.java:560) ~[spring-orm-6.2.6.jar:6.2.6]
	at org.springframework.dao.support.ChainedPersistenceExceptionTranslator.translateExceptionIfPossible(ChainedPersistenceExceptionTranslator.java:61) ~[spring-tx-6.2.6.jar:6.2.6]
	at org.springframework.dao.support.DataAccessUtils.translateIfNecessary(DataAccessUtils.java:343) ~[spring-tx-6.2.6.jar:6.2.6]
	at org.springframework.dao.support.PersistenceExceptionTranslationInterceptor.invoke(PersistenceExceptionTranslationInterceptor.java:160) ~[spring-tx-6.2.6.jar:6.2.6]
	at org.springframework.aop.framework.ReflectiveMethodInvocation.proceed(ReflectiveMethodInvocation.java:184) ~[spring-aop-6.2.6.jar:6.2.6]
	at org.springframework.data.jpa.repository.support.CrudMethodMetadataPostProcessor$CrudMethodMetadataPopulatingMethodInterceptor.invoke(CrudMethodMetadataPostProcessor.java:165) ~[spring-data-jpa-3.4.5.jar:3.4.5]
	at org.springframework.aop.framework.ReflectiveMethodInvocation.proceed(ReflectiveMethodInvocation.java:184) ~[spring-aop-6.2.6.jar:6.2.6]
	at org.springframework.aop.framework.JdkDynamicAopProxy.invoke(JdkDynamicAopProxy.java:223) ~[spring-aop-6.2.6.jar:6.2.6]
	at jdk.proxy4/jdk.proxy4.$Proxy167.saveAll(Unknown Source) ~[?:?]
	at com.rookies3.myspringbootlab.runner.BookDataInsertRunner.createBooksWithDetails(BookDataInsertRunner.java:166) ~[classes/:?]
	at com.rookies3.myspringbootlab.runner.BookDataInsertRunner.run(BookDataInsertRunner.java:46) ~[classes/:?]
	at java.base/jdk.internal.reflect.NativeMethodAccessorImpl.invoke0(Native Method) ~[?:?]
	at java.base/jdk.internal.reflect.NativeMethodAccessorImpl.invoke(NativeMethodAccessorImpl.java:77) ~[?:?]
	at java.base/jdk.internal.reflect.DelegatingMethodAccessorImpl.invoke(DelegatingMethodAccessorImpl.java:43) ~[?:?]
	at java.base/java.lang.reflect.Method.invoke(Method.java:568) ~[?:?]
	at org.springframework.aop.support.AopUtils.invokeJoinpointUsingReflection(AopUtils.java:359) ~[spring-aop-6.2.6.jar:6.2.6]
	at org.springframework.aop.framework.ReflectiveMethodInvocation.invokeJoinpoint(ReflectiveMethodInvocation.java:196) ~[spring-aop-6.2.6.jar:6.2.6]
	at org.springframework.aop.framework.ReflectiveMethodInvocation.proceed(ReflectiveMethodInvocation.java:163) ~[spring-aop-6.2.6.jar:6.2.6]
	at org.springframework.transaction.interceptor.TransactionAspectSupport.invokeWithinTransaction(TransactionAspectSupport.java:380) ~[spring-tx-6.2.6.jar:6.2.6]
	at org.springframework.transaction.interceptor.TransactionInterceptor.invoke(TransactionInterceptor.java:119) ~[spring-tx-6.2.6.jar:6.2.6]
	at org.springframework.aop.framework.ReflectiveMethodInvocation.proceed(ReflectiveMethodInvocation.java:184) ~[spring-aop-6.2.6.jar:6.2.6]
	at org.springframework.aop.framework.CglibAopProxy$DynamicAdvisedInterceptor.intercept(CglibAopProxy.java:728) ~[spring-aop-6.2.6.jar:6.2.6]
	at com.rookies3.myspringbootlab.runner.BookDataInsertRunner$$SpringCGLIB$$0.run(<generated>) ~[classes/:?]
	at org.springframework.boot.SpringApplication.lambda$callRunner$5(SpringApplication.java:789) ~[spring-boot-3.4.5.jar:3.4.5]
	at org.springframework.util.function.ThrowingConsumer$1.acceptWithException(ThrowingConsumer.java:82) ~[spring-core-6.2.6.jar:6.2.6]
	at org.springframework.util.function.ThrowingConsumer.accept(ThrowingConsumer.java:60) ~[spring-core-6.2.6.jar:6.2.6]
	at org.springframework.util.function.ThrowingConsumer$1.accept(ThrowingConsumer.java:86) ~[spring-core-6.2.6.jar:6.2.6]
	at org.springframework.boot.SpringApplication.callRunner(SpringApplication.java:797) ~[spring-boot-3.4.5.jar:3.4.5]
	at org.springframework.boot.SpringApplication.callRunner(SpringApplication.java:788) ~[spring-boot-3.4.5.jar:3.4.5]
	at org.springframework.boot.SpringApplication.lambda$callRunners$3(SpringApplication.java:773) [spring-boot-3.4.5.jar:3.4.5]
	at java.base/java.util.stream.ForEachOps$ForEachOp$OfRef.accept(ForEachOps.java:183) ~[?:?]
	at java.base/java.util.stream.SortedOps$SizedRefSortingSink.end(SortedOps.java:357) ~[?:?]
	at java.base/java.util.stream.AbstractPipeline.copyInto(AbstractPipeline.java:510) ~[?:?]
	at java.base/java.util.stream.AbstractPipeline.wrapAndCopyInto(AbstractPipeline.java:499) ~[?:?]
	at java.base/java.util.stream.ForEachOps$ForEachOp.evaluateSequential(ForEachOps.java:150) ~[?:?]
	at java.base/java.util.stream.ForEachOps$ForEachOp$OfRef.evaluateSequential(ForEachOps.java:173) ~[?:?]
	at java.base/java.util.stream.AbstractPipeline.evaluate(AbstractPipeline.java:234) ~[?:?]
	at java.base/java.util.stream.ReferencePipeline.forEach(ReferencePipeline.java:596) ~[?:?]
	at org.springframework.boot.SpringApplication.callRunners(SpringApplication.java:773) [spring-boot-3.4.5.jar:3.4.5]
	at org.springframework.boot.SpringApplication.run(SpringApplication.java:325) [spring-boot-3.4.5.jar:3.4.5]
	at org.springframework.boot.SpringApplication.run(SpringApplication.java:1362) [spring-boot-3.4.5.jar:3.4.5]
	at org.springframework.boot.SpringApplication.run(SpringApplication.java:1351) [spring-boot-3.4.5.jar:3.4.5]
	at com.rookies3.myspringbootlab.MySpringbootLabApplication.main(MySpringbootLabApplication.java:10) [classes/:?]
	at java.base/jdk.internal.reflect.NativeMethodAccessorImpl.invoke0(Native Method) ~[?:?]
	at java.base/jdk.internal.reflect.NativeMethodAccessorImpl.invoke(NativeMethodAccessorImpl.java:77) ~[?:?]
	at java.base/jdk.internal.reflect.DelegatingMethodAccessorImpl.invoke(DelegatingMethodAccessorImpl.java:43) ~[?:?]
	at java.base/java.lang.reflect.Method.invoke(Method.java:568) ~[?:?]
	at org.springframework.boot.devtools.restart.RestartLauncher.run(RestartLauncher.java:50) [spring-boot-devtools-3.4.5.jar:3.4.5]
Caused by: org.hibernate.exception.ConstraintViolationException: could not execute statement [(conn=3572) Column 'cover_image_url' cannot be null] [insert into book_details (book_id,cover_image_url,description,edition,language,page_count,publisher) values (?,?,?,?,?,?,?)]
	at org.hibernate.exception.internal.SQLExceptionTypeDelegate.convert(SQLExceptionTypeDelegate.java:62) ~[hibernate-core-6.6.13.Final.jar:6.6.13.Final]
	at org.hibernate.exception.internal.StandardSQLExceptionConverter.convert(StandardSQLExceptionConverter.java:58) ~[hibernate-core-6.6.13.Final.jar:6.6.13.Final]
	at org.hibernate.engine.jdbc.spi.SqlExceptionHelper.convert(SqlExceptionHelper.java:108) ~[hibernate-core-6.6.13.Final.jar:6.6.13.Final]
	at org.hibernate.engine.jdbc.internal.ResultSetReturnImpl.executeUpdate(ResultSetReturnImpl.java:197) ~[hibernate-core-6.6.13.Final.jar:6.6.13.Final]
	at org.hibernate.id.insert.GetGeneratedKeysDelegate.performMutation(GetGeneratedKeysDelegate.java:116) ~[hibernate-core-6.6.13.Final.jar:6.6.13.Final]
	at org.hibernate.engine.jdbc.mutation.internal.MutationExecutorSingleNonBatched.performNonBatchedOperations(MutationExecutorSingleNonBatched.java:47) ~[hibernate-core-6.6.13.Final.jar:6.6.13.Final]
	at org.hibernate.engine.jdbc.mutation.internal.AbstractMutationExecutor.execute(AbstractMutationExecutor.java:55) ~[hibernate-core-6.6.13.Final.jar:6.6.13.Final]
	at org.hibernate.persister.entity.mutation.InsertCoordinatorStandard.doStaticInserts(InsertCoordinatorStandard.java:194) ~[hibernate-core-6.6.13.Final.jar:6.6.13.Final]
	at org.hibernate.persister.entity.mutation.InsertCoordinatorStandard.coordinateInsert(InsertCoordinatorStandard.java:132) ~[hibernate-core-6.6.13.Final.jar:6.6.13.Final]
	at org.hibernate.persister.entity.mutation.InsertCoordinatorStandard.insert(InsertCoordinatorStandard.java:95) ~[hibernate-core-6.6.13.Final.jar:6.6.13.Final]
	at org.hibernate.action.internal.EntityIdentityInsertAction.execute(EntityIdentityInsertAction.java:85) ~[hibernate-core-6.6.13.Final.jar:6.6.13.Final]
	at org.hibernate.engine.spi.ActionQueue.execute(ActionQueue.java:682) ~[hibernate-core-6.6.13.Final.jar:6.6.13.Final]
	at org.hibernate.engine.spi.ActionQueue.addResolvedEntityInsertAction(ActionQueue.java:293) ~[hibernate-core-6.6.13.Final.jar:6.6.13.Final]
	at org.hibernate.engine.spi.ActionQueue.addInsertAction(ActionQueue.java:274) ~[hibernate-core-6.6.13.Final.jar:6.6.13.Final]
	at org.hibernate.engine.spi.ActionQueue.addAction(ActionQueue.java:324) ~[hibernate-core-6.6.13.Final.jar:6.6.13.Final]
	at org.hibernate.event.internal.AbstractSaveEventListener.addInsertAction(AbstractSaveEventListener.java:393) ~[hibernate-core-6.6.13.Final.jar:6.6.13.Final]
	at org.hibernate.event.internal.AbstractSaveEventListener.performSaveOrReplicate(AbstractSaveEventListener.java:307) ~[hibernate-core-6.6.13.Final.jar:6.6.13.Final]
	at org.hibernate.event.internal.AbstractSaveEventListener.performSave(AbstractSaveEventListener.java:223) ~[hibernate-core-6.6.13.Final.jar:6.6.13.Final]
	at org.hibernate.event.internal.AbstractSaveEventListener.saveWithGeneratedId(AbstractSaveEventListener.java:136) ~[hibernate-core-6.6.13.Final.jar:6.6.13.Final]
	at org.hibernate.event.internal.DefaultPersistEventListener.entityIsTransient(DefaultPersistEventListener.java:177) ~[hibernate-core-6.6.13.Final.jar:6.6.13.Final]
	at org.hibernate.event.internal.DefaultPersistEventListener.persist(DefaultPersistEventListener.java:95) ~[hibernate-core-6.6.13.Final.jar:6.6.13.Final]
	at org.hibernate.event.internal.DefaultPersistEventListener.onPersist(DefaultPersistEventListener.java:79) ~[hibernate-core-6.6.13.Final.jar:6.6.13.Final]
	at org.hibernate.event.service.internal.EventListenerGroupImpl.fireEventOnEachListener(EventListenerGroupImpl.java:138) ~[hibernate-core-6.6.13.Final.jar:6.6.13.Final]
	at org.hibernate.internal.SessionImpl.firePersist(SessionImpl.java:803) ~[hibernate-core-6.6.13.Final.jar:6.6.13.Final]
	at org.hibernate.internal.SessionImpl.persist(SessionImpl.java:751) ~[hibernate-core-6.6.13.Final.jar:6.6.13.Final]
	at org.hibernate.engine.spi.CascadingActions$7.cascade(CascadingActions.java:295) ~[hibernate-core-6.6.13.Final.jar:6.6.13.Final]
	at org.hibernate.engine.spi.CascadingActions$7.cascade(CascadingActions.java:285) ~[hibernate-core-6.6.13.Final.jar:6.6.13.Final]
	at org.hibernate.engine.internal.Cascade.cascadeToOne(Cascade.java:570) ~[hibernate-core-6.6.13.Final.jar:6.6.13.Final]
	at org.hibernate.engine.internal.Cascade.cascadeAssociation(Cascade.java:492) ~[hibernate-core-6.6.13.Final.jar:6.6.13.Final]
	at org.hibernate.engine.internal.Cascade.cascadeProperty(Cascade.java:253) ~[hibernate-core-6.6.13.Final.jar:6.6.13.Final]
	at org.hibernate.engine.internal.Cascade.cascade(Cascade.java:192) ~[hibernate-core-6.6.13.Final.jar:6.6.13.Final]
	at org.hibernate.event.internal.AbstractSaveEventListener.cascadeAfterSave(AbstractSaveEventListener.java:520) ~[hibernate-core-6.6.13.Final.jar:6.6.13.Final]
	at org.hibernate.event.internal.AbstractSaveEventListener.performSaveOrReplicate(AbstractSaveEventListener.java:319) ~[hibernate-core-6.6.13.Final.jar:6.6.13.Final]
	at org.hibernate.event.internal.AbstractSaveEventListener.performSave(AbstractSaveEventListener.java:223) ~[hibernate-core-6.6.13.Final.jar:6.6.13.Final]
	at org.hibernate.event.internal.AbstractSaveEventListener.saveWithGeneratedId(AbstractSaveEventListener.java:136) ~[hibernate-core-6.6.13.Final.jar:6.6.13.Final]
	at org.hibernate.event.internal.DefaultPersistEventListener.entityIsTransient(DefaultPersistEventListener.java:177) ~[hibernate-core-6.6.13.Final.jar:6.6.13.Final]
	at org.hibernate.event.internal.DefaultPersistEventListener.persist(DefaultPersistEventListener.java:95) ~[hibernate-core-6.6.13.Final.jar:6.6.13.Final]
	at org.hibernate.event.internal.DefaultPersistEventListener.onPersist(DefaultPersistEventListener.java:79) ~[hibernate-core-6.6.13.Final.jar:6.6.13.Final]
	at org.hibernate.event.internal.DefaultPersistEventListener.onPersist(DefaultPersistEventListener.java:55) ~[hibernate-core-6.6.13.Final.jar:6.6.13.Final]
	at org.hibernate.event.service.internal.EventListenerGroupImpl.fireEventOnEachListener(EventListenerGroupImpl.java:127) ~[hibernate-core-6.6.13.Final.jar:6.6.13.Final]
	at org.hibernate.internal.SessionImpl.firePersist(SessionImpl.java:761) ~[hibernate-core-6.6.13.Final.jar:6.6.13.Final]
	at org.hibernate.internal.SessionImpl.persist(SessionImpl.java:745) ~[hibernate-core-6.6.13.Final.jar:6.6.13.Final]
	at java.base/jdk.internal.reflect.NativeMethodAccessorImpl.invoke0(Native Method) ~[?:?]
	at java.base/jdk.internal.reflect.NativeMethodAccessorImpl.invoke(NativeMethodAccessorImpl.java:77) ~[?:?]
	at java.base/jdk.internal.reflect.DelegatingMethodAccessorImpl.invoke(DelegatingMethodAccessorImpl.java:43) ~[?:?]
	at java.base/java.lang.reflect.Method.invoke(Method.java:568) ~[?:?]
	at org.springframework.orm.jpa.SharedEntityManagerCreator$SharedEntityManagerInvocationHandler.invoke(SharedEntityManagerCreator.java:320) ~[spring-orm-6.2.6.jar:6.2.6]
	at jdk.proxy4/jdk.proxy4.$Proxy161.persist(Unknown Source) ~[?:?]
	at org.springframework.data.jpa.repository.support.SimpleJpaRepository.save(SimpleJpaRepository.java:636) ~[spring-data-jpa-3.4.5.jar:3.4.5]
	at org.springframework.data.jpa.repository.support.SimpleJpaRepository.saveAll(SimpleJpaRepository.java:662) ~[spring-data-jpa-3.4.5.jar:3.4.5]
	at java.base/jdk.internal.reflect.NativeMethodAccessorImpl.invoke0(Native Method) ~[?:?]
	at java.base/jdk.internal.reflect.NativeMethodAccessorImpl.invoke(NativeMethodAccessorImpl.java:77) ~[?:?]
	at java.base/jdk.internal.reflect.DelegatingMethodAccessorImpl.invoke(DelegatingMethodAccessorImpl.java:43) ~[?:?]
	at java.base/java.lang.reflect.Method.invoke(Method.java:568) ~[?:?]
	at org.springframework.aop.support.AopUtils.invokeJoinpointUsingReflection(AopUtils.java:359) ~[spring-aop-6.2.6.jar:6.2.6]
	at org.springframework.data.repository.core.support.RepositoryMethodInvoker$RepositoryFragmentMethodInvoker.lambda$new$0(RepositoryMethodInvoker.java:277) ~[spring-data-commons-3.4.5.jar:3.4.5]
	at org.springframework.data.repository.core.support.RepositoryMethodInvoker.doInvoke(RepositoryMethodInvoker.java:170) ~[spring-data-commons-3.4.5.jar:3.4.5]
	at org.springframework.data.repository.core.support.RepositoryMethodInvoker.invoke(RepositoryMethodInvoker.java:158) ~[spring-data-commons-3.4.5.jar:3.4.5]
	at org.springframework.data.repository.core.support.RepositoryComposition$RepositoryFragments.invoke(RepositoryComposition.java:515) ~[spring-data-commons-3.4.5.jar:3.4.5]
	at org.springframework.data.repository.core.support.RepositoryComposition.invoke(RepositoryComposition.java:284) ~[spring-data-commons-3.4.5.jar:3.4.5]
	at org.springframework.data.repository.core.support.RepositoryFactorySupport$ImplementationMethodExecutionInterceptor.invoke(RepositoryFactorySupport.java:731) ~[spring-data-commons-3.4.5.jar:3.4.5]
	at org.springframework.aop.framework.ReflectiveMethodInvocation.proceed(ReflectiveMethodInvocation.java:184) ~[spring-aop-6.2.6.jar:6.2.6]
	at org.springframework.data.repository.core.support.QueryExecutorMethodInterceptor.doInvoke(QueryExecutorMethodInterceptor.java:174) ~[spring-data-commons-3.4.5.jar:3.4.5]
	at org.springframework.data.repository.core.support.QueryExecutorMethodInterceptor.invoke(QueryExecutorMethodInterceptor.java:149) ~[spring-data-commons-3.4.5.jar:3.4.5]
	at org.springframework.aop.framework.ReflectiveMethodInvocation.proceed(ReflectiveMethodInvocation.java:184) ~[spring-aop-6.2.6.jar:6.2.6]
	at org.springframework.data.projection.DefaultMethodInvokingMethodInterceptor.invoke(DefaultMethodInvokingMethodInterceptor.java:69) ~[spring-data-commons-3.4.5.jar:3.4.5]
	at org.springframework.aop.framework.ReflectiveMethodInvocation.proceed(ReflectiveMethodInvocation.java:184) ~[spring-aop-6.2.6.jar:6.2.6]
	at org.springframework.transaction.interceptor.TransactionAspectSupport.invokeWithinTransaction(TransactionAspectSupport.java:380) ~[spring-tx-6.2.6.jar:6.2.6]
	at org.springframework.transaction.interceptor.TransactionInterceptor.invoke(TransactionInterceptor.java:119) ~[spring-tx-6.2.6.jar:6.2.6]
	at org.springframework.aop.framework.ReflectiveMethodInvocation.proceed(ReflectiveMethodInvocation.java:184) ~[spring-aop-6.2.6.jar:6.2.6]
	at org.springframework.dao.support.PersistenceExceptionTranslationInterceptor.invoke(PersistenceExceptionTranslationInterceptor.java:138) ~[spring-tx-6.2.6.jar:6.2.6]
	... 44 more
Caused by: java.sql.SQLIntegrityConstraintViolationException: (conn=3572) Column 'cover_image_url' cannot be null
	at org.mariadb.jdbc.export.ExceptionFactory.createException(ExceptionFactory.java:297) ~[mariadb-java-client-3.4.2.jar:?]
	at org.mariadb.jdbc.export.ExceptionFactory.create(ExceptionFactory.java:378) ~[mariadb-java-client-3.4.2.jar:?]
	at org.mariadb.jdbc.message.ClientMessage.readPacket(ClientMessage.java:189) ~[mariadb-java-client-3.4.2.jar:?]
	at org.mariadb.jdbc.client.impl.StandardClient.readPacket(StandardClient.java:1235) ~[mariadb-java-client-3.4.2.jar:?]
	at org.mariadb.jdbc.client.impl.StandardClient.readResults(StandardClient.java:1174) ~[mariadb-java-client-3.4.2.jar:?]
	at org.mariadb.jdbc.client.impl.StandardClient.readResponse(StandardClient.java:1093) ~[mariadb-java-client-3.4.2.jar:?]
	at org.mariadb.jdbc.client.impl.StandardClient.execute(StandardClient.java:1017) ~[mariadb-java-client-3.4.2.jar:?]
	at org.mariadb.jdbc.ClientPreparedStatement.executeInternal(ClientPreparedStatement.java:101) ~[mariadb-java-client-3.4.2.jar:?]
	at org.mariadb.jdbc.ClientPreparedStatement.executeLargeUpdate(ClientPreparedStatement.java:314) ~[mariadb-java-client-3.4.2.jar:?]
	at org.mariadb.jdbc.ClientPreparedStatement.executeUpdate(ClientPreparedStatement.java:291) ~[mariadb-java-client-3.4.2.jar:?]
	at com.zaxxer.hikari.pool.ProxyPreparedStatement.executeUpdate(ProxyPreparedStatement.java:61) ~[HikariCP-5.1.0.jar:?]
	at com.zaxxer.hikari.pool.HikariProxyPreparedStatement.executeUpdate(HikariProxyPreparedStatement.java) ~[HikariCP-5.1.0.jar:?]
	at org.hibernate.engine.jdbc.internal.ResultSetReturnImpl.executeUpdate(ResultSetReturnImpl.java:194) ~[hibernate-core-6.6.13.Final.jar:6.6.13.Final]
	at org.hibernate.id.insert.GetGeneratedKeysDelegate.performMutation(GetGeneratedKeysDelegate.java:116) ~[hibernate-core-6.6.13.Final.jar:6.6.13.Final]
	at org.hibernate.engine.jdbc.mutation.internal.MutationExecutorSingleNonBatched.performNonBatchedOperations(MutationExecutorSingleNonBatched.java:47) ~[hibernate-core-6.6.13.Final.jar:6.6.13.Final]
	at org.hibernate.engine.jdbc.mutation.internal.AbstractMutationExecutor.execute(AbstractMutationExecutor.java:55) ~[hibernate-core-6.6.13.Final.jar:6.6.13.Final]
	at org.hibernate.persister.entity.mutation.InsertCoordinatorStandard.doStaticInserts(InsertCoordinatorStandard.java:194) ~[hibernate-core-6.6.13.Final.jar:6.6.13.Final]
	at org.hibernate.persister.entity.mutation.InsertCoordinatorStandard.coordinateInsert(InsertCoordinatorStandard.java:132) ~[hibernate-core-6.6.13.Final.jar:6.6.13.Final]
	at org.hibernate.persister.entity.mutation.InsertCoordinatorStandard.insert(InsertCoordinatorStandard.java:95) ~[hibernate-core-6.6.13.Final.jar:6.6.13.Final]
	at org.hibernate.action.internal.EntityIdentityInsertAction.execute(EntityIdentityInsertAction.java:85) ~[hibernate-core-6.6.13.Final.jar:6.6.13.Final]
	at org.hibernate.engine.spi.ActionQueue.execute(ActionQueue.java:682) ~[hibernate-core-6.6.13.Final.jar:6.6.13.Final]
	at org.hibernate.engine.spi.ActionQueue.addResolvedEntityInsertAction(ActionQueue.java:293) ~[hibernate-core-6.6.13.Final.jar:6.6.13.Final]
	at org.hibernate.engine.spi.ActionQueue.addInsertAction(ActionQueue.java:274) ~[hibernate-core-6.6.13.Final.jar:6.6.13.Final]
	at org.hibernate.engine.spi.ActionQueue.addAction(ActionQueue.java:324) ~[hibernate-core-6.6.13.Final.jar:6.6.13.Final]
	at org.hibernate.event.internal.AbstractSaveEventListener.addInsertAction(AbstractSaveEventListener.java:393) ~[hibernate-core-6.6.13.Final.jar:6.6.13.Final]
	at org.hibernate.event.internal.AbstractSaveEventListener.performSaveOrReplicate(AbstractSaveEventListener.java:307) ~[hibernate-core-6.6.13.Final.jar:6.6.13.Final]
	at org.hibernate.event.internal.AbstractSaveEventListener.performSave(AbstractSaveEventListener.java:223) ~[hibernate-core-6.6.13.Final.jar:6.6.13.Final]
	at org.hibernate.event.internal.AbstractSaveEventListener.saveWithGeneratedId(AbstractSaveEventListener.java:136) ~[hibernate-core-6.6.13.Final.jar:6.6.13.Final]
	at org.hibernate.event.internal.DefaultPersistEventListener.entityIsTransient(DefaultPersistEventListener.java:177) ~[hibernate-core-6.6.13.Final.jar:6.6.13.Final]
	at org.hibernate.event.internal.DefaultPersistEventListener.persist(DefaultPersistEventListener.java:95) ~[hibernate-core-6.6.13.Final.jar:6.6.13.Final]
	at org.hibernate.event.internal.DefaultPersistEventListener.onPersist(DefaultPersistEventListener.java:79) ~[hibernate-core-6.6.13.Final.jar:6.6.13.Final]
	at org.hibernate.event.service.internal.EventListenerGroupImpl.fireEventOnEachListener(EventListenerGroupImpl.java:138) ~[hibernate-core-6.6.13.Final.jar:6.6.13.Final]
	at org.hibernate.internal.SessionImpl.firePersist(SessionImpl.java:803) ~[hibernate-core-6.6.13.Final.jar:6.6.13.Final]
	at org.hibernate.internal.SessionImpl.persist(SessionImpl.java:751) ~[hibernate-core-6.6.13.Final.jar:6.6.13.Final]
	at org.hibernate.engine.spi.CascadingActions$7.cascade(CascadingActions.java:295) ~[hibernate-core-6.6.13.Final.jar:6.6.13.Final]
	at org.hibernate.engine.spi.CascadingActions$7.cascade(CascadingActions.java:285) ~[hibernate-core-6.6.13.Final.jar:6.6.13.Final]
	at org.hibernate.engine.internal.Cascade.cascadeToOne(Cascade.java:570) ~[hibernate-core-6.6.13.Final.jar:6.6.13.Final]
	at org.hibernate.engine.internal.Cascade.cascadeAssociation(Cascade.java:492) ~[hibernate-core-6.6.13.Final.jar:6.6.13.Final]
	at org.hibernate.engine.internal.Cascade.cascadeProperty(Cascade.java:253) ~[hibernate-core-6.6.13.Final.jar:6.6.13.Final]
	at org.hibernate.engine.internal.Cascade.cascade(Cascade.java:192) ~[hibernate-core-6.6.13.Final.jar:6.6.13.Final]
	at org.hibernate.event.internal.AbstractSaveEventListener.cascadeAfterSave(AbstractSaveEventListener.java:520) ~[hibernate-core-6.6.13.Final.jar:6.6.13.Final]
	at org.hibernate.event.internal.AbstractSaveEventListener.performSaveOrReplicate(AbstractSaveEventListener.java:319) ~[hibernate-core-6.6.13.Final.jar:6.6.13.Final]
	at org.hibernate.event.internal.AbstractSaveEventListener.performSave(AbstractSaveEventListener.java:223) ~[hibernate-core-6.6.13.Final.jar:6.6.13.Final]
	at org.hibernate.event.internal.AbstractSaveEventListener.saveWithGeneratedId(AbstractSaveEventListener.java:136) ~[hibernate-core-6.6.13.Final.jar:6.6.13.Final]
	at org.hibernate.event.internal.DefaultPersistEventListener.entityIsTransient(DefaultPersistEventListener.java:177) ~[hibernate-core-6.6.13.Final.jar:6.6.13.Final]
	at org.hibernate.event.internal.DefaultPersistEventListener.persist(DefaultPersistEventListener.java:95) ~[hibernate-core-6.6.13.Final.jar:6.6.13.Final]
	at org.hibernate.event.internal.DefaultPersistEventListener.onPersist(DefaultPersistEventListener.java:79) ~[hibernate-core-6.6.13.Final.jar:6.6.13.Final]
	at org.hibernate.event.internal.DefaultPersistEventListener.onPersist(DefaultPersistEventListener.java:55) ~[hibernate-core-6.6.13.Final.jar:6.6.13.Final]
	at org.hibernate.event.service.internal.EventListenerGroupImpl.fireEventOnEachListener(EventListenerGroupImpl.java:127) ~[hibernate-core-6.6.13.Final.jar:6.6.13.Final]
	at org.hibernate.internal.SessionImpl.firePersist(SessionImpl.java:761) ~[hibernate-core-6.6.13.Final.jar:6.6.13.Final]
	at org.hibernate.internal.SessionImpl.persist(SessionImpl.java:745) ~[hibernate-core-6.6.13.Final.jar:6.6.13.Final]
	at java.base/jdk.internal.reflect.NativeMethodAccessorImpl.invoke0(Native Method) ~[?:?]
	at java.base/jdk.internal.reflect.NativeMethodAccessorImpl.invoke(NativeMethodAccessorImpl.java:77) ~[?:?]
	at java.base/jdk.internal.reflect.DelegatingMethodAccessorImpl.invoke(DelegatingMethodAccessorImpl.java:43) ~[?:?]
	at java.base/java.lang.reflect.Method.invoke(Method.java:568) ~[?:?]
	at org.springframework.orm.jpa.SharedEntityManagerCreator$SharedEntityManagerInvocationHandler.invoke(SharedEntityManagerCreator.java:320) ~[spring-orm-6.2.6.jar:6.2.6]
	at jdk.proxy4/jdk.proxy4.$Proxy161.persist(Unknown Source) ~[?:?]
	at org.springframework.data.jpa.repository.support.SimpleJpaRepository.save(SimpleJpaRepository.java:636) ~[spring-data-jpa-3.4.5.jar:3.4.5]
	at org.springframework.data.jpa.repository.support.SimpleJpaRepository.saveAll(SimpleJpaRepository.java:662) ~[spring-data-jpa-3.4.5.jar:3.4.5]
	at java.base/jdk.internal.reflect.NativeMethodAccessorImpl.invoke0(Native Method) ~[?:?]
	at java.base/jdk.internal.reflect.NativeMethodAccessorImpl.invoke(NativeMethodAccessorImpl.java:77) ~[?:?]
	at java.base/jdk.internal.reflect.DelegatingMethodAccessorImpl.invoke(DelegatingMethodAccessorImpl.java:43) ~[?:?]
	at java.base/java.lang.reflect.Method.invoke(Method.java:568) ~[?:?]
	at org.springframework.aop.support.AopUtils.invokeJoinpointUsingReflection(AopUtils.java:359) ~[spring-aop-6.2.6.jar:6.2.6]
	at org.springframework.data.repository.core.support.RepositoryMethodInvoker$RepositoryFragmentMethodInvoker.lambda$new$0(RepositoryMethodInvoker.java:277) ~[spring-data-commons-3.4.5.jar:3.4.5]
	at org.springframework.data.repository.core.support.RepositoryMethodInvoker.doInvoke(RepositoryMethodInvoker.java:170) ~[spring-data-commons-3.4.5.jar:3.4.5]
	at org.springframework.data.repository.core.support.RepositoryMethodInvoker.invoke(RepositoryMethodInvoker.java:158) ~[spring-data-commons-3.4.5.jar:3.4.5]
	at org.springframework.data.repository.core.support.RepositoryComposition$RepositoryFragments.invoke(RepositoryComposition.java:515) ~[spring-data-commons-3.4.5.jar:3.4.5]
	at org.springframework.data.repository.core.support.RepositoryComposition.invoke(RepositoryComposition.java:284) ~[spring-data-commons-3.4.5.jar:3.4.5]
	at org.springframework.data.repository.core.support.RepositoryFactorySupport$ImplementationMethodExecutionInterceptor.invoke(RepositoryFactorySupport.java:731) ~[spring-data-commons-3.4.5.jar:3.4.5]
	at org.springframework.aop.framework.ReflectiveMethodInvocation.proceed(ReflectiveMethodInvocation.java:184) ~[spring-aop-6.2.6.jar:6.2.6]
	at org.springframework.data.repository.core.support.QueryExecutorMethodInterceptor.doInvoke(QueryExecutorMethodInterceptor.java:174) ~[spring-data-commons-3.4.5.jar:3.4.5]
	at org.springframework.data.repository.core.support.QueryExecutorMethodInterceptor.invoke(QueryExecutorMethodInterceptor.java:149) ~[spring-data-commons-3.4.5.jar:3.4.5]
	at org.springframework.aop.framework.ReflectiveMethodInvocation.proceed(ReflectiveMethodInvocation.java:184) ~[spring-aop-6.2.6.jar:6.2.6]
	at org.springframework.data.projection.DefaultMethodInvokingMethodInterceptor.invoke(DefaultMethodInvokingMethodInterceptor.java:69) ~[spring-data-commons-3.4.5.jar:3.4.5]
	at org.springframework.aop.framework.ReflectiveMethodInvocation.proceed(ReflectiveMethodInvocation.java:184) ~[spring-aop-6.2.6.jar:6.2.6]
	at org.springframework.transaction.interceptor.TransactionAspectSupport.invokeWithinTransaction(TransactionAspectSupport.java:380) ~[spring-tx-6.2.6.jar:6.2.6]
	at org.springframework.transaction.interceptor.TransactionInterceptor.invoke(TransactionInterceptor.java:119) ~[spring-tx-6.2.6.jar:6.2.6]
	at org.springframework.aop.framework.ReflectiveMethodInvocation.proceed(ReflectiveMethodInvocation.java:184) ~[spring-aop-6.2.6.jar:6.2.6]
	at org.springframework.dao.support.PersistenceExceptionTranslationInterceptor.invoke(PersistenceExceptionTranslationInterceptor.java:138) ~[spring-tx-6.2.6.jar:6.2.6]
	... 44 more

2025-05-21T21:48:18.352+09:00  INFO 15620 --- [MySpringbootLab] [restartedMain] o.s.b.w.e.t.GracefulShutdown             : Commencing graceful shutdown. Waiting for active requests to complete
2025-05-21T21:48:18.581+09:00  INFO 15620 --- [MySpringbootLab] [tomcat-shutdown] o.s.b.w.e.t.GracefulShutdown             : Graceful shutdown complete
2025-05-21T21:48:18.586+09:00  INFO 15620 --- [MySpringbootLab] [restartedMain] j.LocalContainerEntityManagerFactoryBean : Closing JPA EntityManagerFactory for persistence unit 'default'
2025-05-21T21:48:18.590+09:00  INFO 15620 --- [MySpringbootLab] [restartedMain] c.z.h.HikariDataSource                   : HikariPool-1 - Shutdown initiated...
2025-05-21T21:48:18.593+09:00  INFO 15620 --- [MySpringbootLab] [restartedMain] c.z.h.HikariDataSource                   : HikariPool-1 - Shutdown completed.
2025-05-21T21:49:50.625+09:00  INFO 46448 --- [MySpringbootLab] [restartedMain] c.r.m.MySpringbootLabApplication         : Starting MySpringbootLabApplication using Java 17.0.2 with PID 46448 (C:\mybackend\MySpringbootLab\MySpringbootLab\target\classes started by pshcc in C:\mybackend\MySpringbootLab)
2025-05-21T21:49:50.629+09:00 DEBUG 46448 --- [MySpringbootLab] [restartedMain] c.r.m.MySpringbootLabApplication         : Running with Spring Boot v3.4.5, Spring v6.2.6
2025-05-21T21:49:50.630+09:00  INFO 46448 --- [MySpringbootLab] [restartedMain] c.r.m.MySpringbootLabApplication         : The following 1 profile is active: "test"
2025-05-21T21:49:50.672+09:00  INFO 46448 --- [MySpringbootLab] [restartedMain] .e.DevToolsPropertyDefaultsPostProcessor : Devtools property defaults active! Set 'spring.devtools.add-properties' to 'false' to disable
2025-05-21T21:49:50.672+09:00  INFO 46448 --- [MySpringbootLab] [restartedMain] .e.DevToolsPropertyDefaultsPostProcessor : For additional web related logging consider setting the 'logging.level.web' property to 'DEBUG'
2025-05-21T21:49:51.689+09:00  INFO 46448 --- [MySpringbootLab] [restartedMain] .s.d.r.c.RepositoryConfigurationDelegate : Bootstrapping Spring Data JPA repositories in DEFAULT mode.
2025-05-21T21:49:51.755+09:00  INFO 46448 --- [MySpringbootLab] [restartedMain] .s.d.r.c.RepositoryConfigurationDelegate : Finished Spring Data repository scanning in 57 ms. Found 3 JPA repository interfaces.
2025-05-21T21:49:52.696+09:00  INFO 46448 --- [MySpringbootLab] [restartedMain] o.s.b.w.e.t.TomcatWebServer              : Tomcat initialized with port 8080 (http)
2025-05-21T21:49:52.711+09:00  INFO 46448 --- [MySpringbootLab] [restartedMain] o.a.c.c.StandardService                  : Starting service [Tomcat]
2025-05-21T21:49:52.712+09:00  INFO 46448 --- [MySpringbootLab] [restartedMain] o.a.c.c.StandardEngine                   : Starting Servlet engine: [Apache Tomcat/10.1.40]
2025-05-21T21:49:52.783+09:00  INFO 46448 --- [MySpringbootLab] [restartedMain] o.a.c.c.C.[.[.[/]                        : Initializing Spring embedded WebApplicationContext
2025-05-21T21:49:52.785+09:00  INFO 46448 --- [MySpringbootLab] [restartedMain] w.s.c.ServletWebServerApplicationContext : Root WebApplicationContext: initialization completed in 2110 ms
2025-05-21T21:49:53.105+09:00  INFO 46448 --- [MySpringbootLab] [restartedMain] o.h.j.i.u.LogHelper                      : HHH000204: Processing PersistenceUnitInfo [name: default]
2025-05-21T21:49:53.157+09:00  INFO 46448 --- [MySpringbootLab] [restartedMain] o.h.Version                              : HHH000412: Hibernate ORM core version 6.6.13.Final
2025-05-21T21:49:53.194+09:00  INFO 46448 --- [MySpringbootLab] [restartedMain] o.h.c.i.RegionFactoryInitiator           : HHH000026: Second-level cache disabled
2025-05-21T21:49:53.449+09:00  INFO 46448 --- [MySpringbootLab] [restartedMain] o.s.o.j.p.SpringPersistenceUnitInfo      : No LoadTimeWeaver setup: ignoring JPA class transformer
2025-05-21T21:49:53.486+09:00  INFO 46448 --- [MySpringbootLab] [restartedMain] c.z.h.HikariDataSource                   : HikariPool-1 - Starting...
2025-05-21T21:49:53.558+09:00  INFO 46448 --- [MySpringbootLab] [restartedMain] c.z.h.p.HikariPool                       : HikariPool-1 - Added connection org.mariadb.jdbc.Connection@3d8d54de
2025-05-21T21:49:53.560+09:00  INFO 46448 --- [MySpringbootLab] [restartedMain] c.z.h.HikariDataSource                   : HikariPool-1 - Start completed.
2025-05-21T21:49:53.584+09:00  WARN 46448 --- [MySpringbootLab] [restartedMain] o.h.o.deprecation                        : HHH90000025: MariaDBDialect does not need to be specified explicitly using 'hibernate.dialect' (remove the property setting and it will be selected by default)
2025-05-21T21:49:53.601+09:00  INFO 46448 --- [MySpringbootLab] [restartedMain] o.h.o.c.pooling                          : HHH10001005: Database info:
	Database JDBC URL [Connecting through datasource 'HikariDataSource (HikariPool-1)']
	Database driver: undefined/unknown
	Database version: 10.11.5
	Autocommit mode: undefined/unknown
	Isolation level: undefined/unknown
	Minimum pool size: undefined/unknown
	Maximum pool size: undefined/unknown
2025-05-21T21:49:54.458+09:00  INFO 46448 --- [MySpringbootLab] [restartedMain] o.h.e.t.j.p.i.JtaPlatformInitiator       : HHH000489: No JTA platform available (set 'hibernate.transaction.jta.platform' to enable JTA platform integration)
2025-05-21T21:49:54.663+09:00  INFO 46448 --- [MySpringbootLab] [restartedMain] j.LocalContainerEntityManagerFactoryBean : Initialized JPA EntityManagerFactory for persistence unit 'default'
2025-05-21T21:49:54.959+09:00  INFO 46448 --- [MySpringbootLab] [restartedMain] o.s.d.j.r.q.QueryEnhancerFactory         : Hibernate is in classpath; If applicable, HQL parser will be used.
2025-05-21T21:49:55.586+09:00  WARN 46448 --- [MySpringbootLab] [restartedMain] JpaBaseConfiguration$JpaWebConfiguration : spring.jpa.open-in-view is enabled by default. Therefore, database queries may be performed during view rendering. Explicitly configure spring.jpa.open-in-view to disable this warning
2025-05-21T21:49:55.961+09:00  WARN 46448 --- [MySpringbootLab] [restartedMain] ion$DefaultTemplateResolverConfiguration : Cannot find template location: classpath:/templates/ (please add some templates, check your Thymeleaf configuration, or set spring.thymeleaf.check-template-location=false)
2025-05-21T21:49:56.251+09:00  INFO 46448 --- [MySpringbootLab] [restartedMain] o.s.b.a.h.H2ConsoleAutoConfiguration     : H2 console available at '/h2-console'. Database available at 'jdbc:mariadb://127.0.0.1/boot_db?user=boot&password=***'
2025-05-21T21:49:56.330+09:00  INFO 46448 --- [MySpringbootLab] [restartedMain] o.s.b.d.a.OptionalLiveReloadServer       : LiveReload server is running on port 35729
2025-05-21T21:49:56.339+09:00  INFO 46448 --- [MySpringbootLab] [restartedMain] o.s.b.a.e.w.EndpointLinksResolver        : Exposing 1 endpoint beneath base path '/actuator'
2025-05-21T21:49:56.415+09:00  INFO 46448 --- [MySpringbootLab] [restartedMain] o.s.b.w.e.t.TomcatWebServer              : Tomcat started on port 8080 (http) with context path '/'
2025-05-21T21:49:56.428+09:00  INFO 46448 --- [MySpringbootLab] [restartedMain] c.r.m.MySpringbootLabApplication         : Started MySpringbootLabApplication in 6.275 seconds (process running for 7.095)
2025-05-21T21:49:56.469+09:00  INFO 46448 --- [MySpringbootLab] [restartedMain] c.r.m.r.BookDataInsertRunner             : Starting Book-only data initialization...
2025-05-21T21:49:56.584+09:00  INFO 46448 --- [MySpringbootLab] [restartedMain] c.r.m.r.BookDataInsertRunner             : Creating books with details (no publisher)...
2025-05-21T21:49:56.617+09:00  WARN 46448 --- [MySpringbootLab] [restartedMain] o.m.j.m.s.ErrorPacket                    : Error: 1048-23000: Column 'cover_image_url' cannot be null
2025-05-21T21:49:56.618+09:00  WARN 46448 --- [MySpringbootLab] [restartedMain] o.h.e.j.s.SqlExceptionHelper             : SQL Error: 1048, SQLState: 23000
2025-05-21T21:49:56.618+09:00 ERROR 46448 --- [MySpringbootLab] [restartedMain] o.h.e.j.s.SqlExceptionHelper             : (conn=3583) Column 'cover_image_url' cannot be null
2025-05-21T21:49:56.628+09:00  INFO 46448 --- [MySpringbootLab] [restartedMain] .s.b.a.l.ConditionEvaluationReportLogger : 

Error starting ApplicationContext. To display the condition evaluation report re-run your application with 'debug' enabled.
2025-05-21T21:49:56.646+09:00 ERROR 46448 --- [MySpringbootLab] [restartedMain] o.s.b.SpringApplication                  : Application run failed

org.springframework.dao.DataIntegrityViolationException: could not execute statement [(conn=3583) Column 'cover_image_url' cannot be null] [insert into book_details (book_id,cover_image_url,description,edition,language,page_count,publisher) values (?,?,?,?,?,?,?)]; SQL [insert into book_details (book_id,cover_image_url,description,edition,language,page_count,publisher) values (?,?,?,?,?,?,?)]; constraint [null]
	at org.springframework.orm.jpa.vendor.HibernateJpaDialect.convertHibernateAccessException(HibernateJpaDialect.java:294) ~[spring-orm-6.2.6.jar:6.2.6]
	at org.springframework.orm.jpa.vendor.HibernateJpaDialect.convertHibernateAccessException(HibernateJpaDialect.java:256) ~[spring-orm-6.2.6.jar:6.2.6]
	at org.springframework.orm.jpa.vendor.HibernateJpaDialect.translateExceptionIfPossible(HibernateJpaDialect.java:241) ~[spring-orm-6.2.6.jar:6.2.6]
	at org.springframework.orm.jpa.AbstractEntityManagerFactoryBean.translateExceptionIfPossible(AbstractEntityManagerFactoryBean.java:560) ~[spring-orm-6.2.6.jar:6.2.6]
	at org.springframework.dao.support.ChainedPersistenceExceptionTranslator.translateExceptionIfPossible(ChainedPersistenceExceptionTranslator.java:61) ~[spring-tx-6.2.6.jar:6.2.6]
	at org.springframework.dao.support.DataAccessUtils.translateIfNecessary(DataAccessUtils.java:343) ~[spring-tx-6.2.6.jar:6.2.6]
	at org.springframework.dao.support.PersistenceExceptionTranslationInterceptor.invoke(PersistenceExceptionTranslationInterceptor.java:160) ~[spring-tx-6.2.6.jar:6.2.6]
	at org.springframework.aop.framework.ReflectiveMethodInvocation.proceed(ReflectiveMethodInvocation.java:184) ~[spring-aop-6.2.6.jar:6.2.6]
	at org.springframework.data.jpa.repository.support.CrudMethodMetadataPostProcessor$CrudMethodMetadataPopulatingMethodInterceptor.invoke(CrudMethodMetadataPostProcessor.java:165) ~[spring-data-jpa-3.4.5.jar:3.4.5]
	at org.springframework.aop.framework.ReflectiveMethodInvocation.proceed(ReflectiveMethodInvocation.java:184) ~[spring-aop-6.2.6.jar:6.2.6]
	at org.springframework.aop.framework.JdkDynamicAopProxy.invoke(JdkDynamicAopProxy.java:223) ~[spring-aop-6.2.6.jar:6.2.6]
	at jdk.proxy4/jdk.proxy4.$Proxy167.saveAll(Unknown Source) ~[?:?]
	at com.rookies3.myspringbootlab.runner.BookDataInsertRunner.createBooksWithDetails(BookDataInsertRunner.java:166) ~[classes/:?]
	at com.rookies3.myspringbootlab.runner.BookDataInsertRunner.run(BookDataInsertRunner.java:46) ~[classes/:?]
	at java.base/jdk.internal.reflect.NativeMethodAccessorImpl.invoke0(Native Method) ~[?:?]
	at java.base/jdk.internal.reflect.NativeMethodAccessorImpl.invoke(NativeMethodAccessorImpl.java:77) ~[?:?]
	at java.base/jdk.internal.reflect.DelegatingMethodAccessorImpl.invoke(DelegatingMethodAccessorImpl.java:43) ~[?:?]
	at java.base/java.lang.reflect.Method.invoke(Method.java:568) ~[?:?]
	at org.springframework.aop.support.AopUtils.invokeJoinpointUsingReflection(AopUtils.java:359) ~[spring-aop-6.2.6.jar:6.2.6]
	at org.springframework.aop.framework.ReflectiveMethodInvocation.invokeJoinpoint(ReflectiveMethodInvocation.java:196) ~[spring-aop-6.2.6.jar:6.2.6]
	at org.springframework.aop.framework.ReflectiveMethodInvocation.proceed(ReflectiveMethodInvocation.java:163) ~[spring-aop-6.2.6.jar:6.2.6]
	at org.springframework.transaction.interceptor.TransactionAspectSupport.invokeWithinTransaction(TransactionAspectSupport.java:380) ~[spring-tx-6.2.6.jar:6.2.6]
	at org.springframework.transaction.interceptor.TransactionInterceptor.invoke(TransactionInterceptor.java:119) ~[spring-tx-6.2.6.jar:6.2.6]
	at org.springframework.aop.framework.ReflectiveMethodInvocation.proceed(ReflectiveMethodInvocation.java:184) ~[spring-aop-6.2.6.jar:6.2.6]
	at org.springframework.aop.framework.CglibAopProxy$DynamicAdvisedInterceptor.intercept(CglibAopProxy.java:728) ~[spring-aop-6.2.6.jar:6.2.6]
	at com.rookies3.myspringbootlab.runner.BookDataInsertRunner$$SpringCGLIB$$0.run(<generated>) ~[classes/:?]
	at org.springframework.boot.SpringApplication.lambda$callRunner$5(SpringApplication.java:789) ~[spring-boot-3.4.5.jar:3.4.5]
	at org.springframework.util.function.ThrowingConsumer$1.acceptWithException(ThrowingConsumer.java:82) ~[spring-core-6.2.6.jar:6.2.6]
	at org.springframework.util.function.ThrowingConsumer.accept(ThrowingConsumer.java:60) ~[spring-core-6.2.6.jar:6.2.6]
	at org.springframework.util.function.ThrowingConsumer$1.accept(ThrowingConsumer.java:86) ~[spring-core-6.2.6.jar:6.2.6]
	at org.springframework.boot.SpringApplication.callRunner(SpringApplication.java:797) ~[spring-boot-3.4.5.jar:3.4.5]
	at org.springframework.boot.SpringApplication.callRunner(SpringApplication.java:788) ~[spring-boot-3.4.5.jar:3.4.5]
	at org.springframework.boot.SpringApplication.lambda$callRunners$3(SpringApplication.java:773) [spring-boot-3.4.5.jar:3.4.5]
	at java.base/java.util.stream.ForEachOps$ForEachOp$OfRef.accept(ForEachOps.java:183) ~[?:?]
	at java.base/java.util.stream.SortedOps$SizedRefSortingSink.end(SortedOps.java:357) ~[?:?]
	at java.base/java.util.stream.AbstractPipeline.copyInto(AbstractPipeline.java:510) ~[?:?]
	at java.base/java.util.stream.AbstractPipeline.wrapAndCopyInto(AbstractPipeline.java:499) ~[?:?]
	at java.base/java.util.stream.ForEachOps$ForEachOp.evaluateSequential(ForEachOps.java:150) ~[?:?]
	at java.base/java.util.stream.ForEachOps$ForEachOp$OfRef.evaluateSequential(ForEachOps.java:173) ~[?:?]
	at java.base/java.util.stream.AbstractPipeline.evaluate(AbstractPipeline.java:234) ~[?:?]
	at java.base/java.util.stream.ReferencePipeline.forEach(ReferencePipeline.java:596) ~[?:?]
	at org.springframework.boot.SpringApplication.callRunners(SpringApplication.java:773) [spring-boot-3.4.5.jar:3.4.5]
	at org.springframework.boot.SpringApplication.run(SpringApplication.java:325) [spring-boot-3.4.5.jar:3.4.5]
	at org.springframework.boot.SpringApplication.run(SpringApplication.java:1362) [spring-boot-3.4.5.jar:3.4.5]
	at org.springframework.boot.SpringApplication.run(SpringApplication.java:1351) [spring-boot-3.4.5.jar:3.4.5]
	at com.rookies3.myspringbootlab.MySpringbootLabApplication.main(MySpringbootLabApplication.java:10) [classes/:?]
	at java.base/jdk.internal.reflect.NativeMethodAccessorImpl.invoke0(Native Method) ~[?:?]
	at java.base/jdk.internal.reflect.NativeMethodAccessorImpl.invoke(NativeMethodAccessorImpl.java:77) ~[?:?]
	at java.base/jdk.internal.reflect.DelegatingMethodAccessorImpl.invoke(DelegatingMethodAccessorImpl.java:43) ~[?:?]
	at java.base/java.lang.reflect.Method.invoke(Method.java:568) ~[?:?]
	at org.springframework.boot.devtools.restart.RestartLauncher.run(RestartLauncher.java:50) [spring-boot-devtools-3.4.5.jar:3.4.5]
Caused by: org.hibernate.exception.ConstraintViolationException: could not execute statement [(conn=3583) Column 'cover_image_url' cannot be null] [insert into book_details (book_id,cover_image_url,description,edition,language,page_count,publisher) values (?,?,?,?,?,?,?)]
	at org.hibernate.exception.internal.SQLExceptionTypeDelegate.convert(SQLExceptionTypeDelegate.java:62) ~[hibernate-core-6.6.13.Final.jar:6.6.13.Final]
	at org.hibernate.exception.internal.StandardSQLExceptionConverter.convert(StandardSQLExceptionConverter.java:58) ~[hibernate-core-6.6.13.Final.jar:6.6.13.Final]
	at org.hibernate.engine.jdbc.spi.SqlExceptionHelper.convert(SqlExceptionHelper.java:108) ~[hibernate-core-6.6.13.Final.jar:6.6.13.Final]
	at org.hibernate.engine.jdbc.internal.ResultSetReturnImpl.executeUpdate(ResultSetReturnImpl.java:197) ~[hibernate-core-6.6.13.Final.jar:6.6.13.Final]
	at org.hibernate.id.insert.GetGeneratedKeysDelegate.performMutation(GetGeneratedKeysDelegate.java:116) ~[hibernate-core-6.6.13.Final.jar:6.6.13.Final]
	at org.hibernate.engine.jdbc.mutation.internal.MutationExecutorSingleNonBatched.performNonBatchedOperations(MutationExecutorSingleNonBatched.java:47) ~[hibernate-core-6.6.13.Final.jar:6.6.13.Final]
	at org.hibernate.engine.jdbc.mutation.internal.AbstractMutationExecutor.execute(AbstractMutationExecutor.java:55) ~[hibernate-core-6.6.13.Final.jar:6.6.13.Final]
	at org.hibernate.persister.entity.mutation.InsertCoordinatorStandard.doStaticInserts(InsertCoordinatorStandard.java:194) ~[hibernate-core-6.6.13.Final.jar:6.6.13.Final]
	at org.hibernate.persister.entity.mutation.InsertCoordinatorStandard.coordinateInsert(InsertCoordinatorStandard.java:132) ~[hibernate-core-6.6.13.Final.jar:6.6.13.Final]
	at org.hibernate.persister.entity.mutation.InsertCoordinatorStandard.insert(InsertCoordinatorStandard.java:95) ~[hibernate-core-6.6.13.Final.jar:6.6.13.Final]
	at org.hibernate.action.internal.EntityIdentityInsertAction.execute(EntityIdentityInsertAction.java:85) ~[hibernate-core-6.6.13.Final.jar:6.6.13.Final]
	at org.hibernate.engine.spi.ActionQueue.execute(ActionQueue.java:682) ~[hibernate-core-6.6.13.Final.jar:6.6.13.Final]
	at org.hibernate.engine.spi.ActionQueue.addResolvedEntityInsertAction(ActionQueue.java:293) ~[hibernate-core-6.6.13.Final.jar:6.6.13.Final]
	at org.hibernate.engine.spi.ActionQueue.addInsertAction(ActionQueue.java:274) ~[hibernate-core-6.6.13.Final.jar:6.6.13.Final]
	at org.hibernate.engine.spi.ActionQueue.addAction(ActionQueue.java:324) ~[hibernate-core-6.6.13.Final.jar:6.6.13.Final]
	at org.hibernate.event.internal.AbstractSaveEventListener.addInsertAction(AbstractSaveEventListener.java:393) ~[hibernate-core-6.6.13.Final.jar:6.6.13.Final]
	at org.hibernate.event.internal.AbstractSaveEventListener.performSaveOrReplicate(AbstractSaveEventListener.java:307) ~[hibernate-core-6.6.13.Final.jar:6.6.13.Final]
	at org.hibernate.event.internal.AbstractSaveEventListener.performSave(AbstractSaveEventListener.java:223) ~[hibernate-core-6.6.13.Final.jar:6.6.13.Final]
	at org.hibernate.event.internal.AbstractSaveEventListener.saveWithGeneratedId(AbstractSaveEventListener.java:136) ~[hibernate-core-6.6.13.Final.jar:6.6.13.Final]
	at org.hibernate.event.internal.DefaultPersistEventListener.entityIsTransient(DefaultPersistEventListener.java:177) ~[hibernate-core-6.6.13.Final.jar:6.6.13.Final]
	at org.hibernate.event.internal.DefaultPersistEventListener.persist(DefaultPersistEventListener.java:95) ~[hibernate-core-6.6.13.Final.jar:6.6.13.Final]
	at org.hibernate.event.internal.DefaultPersistEventListener.onPersist(DefaultPersistEventListener.java:79) ~[hibernate-core-6.6.13.Final.jar:6.6.13.Final]
	at org.hibernate.event.service.internal.EventListenerGroupImpl.fireEventOnEachListener(EventListenerGroupImpl.java:138) ~[hibernate-core-6.6.13.Final.jar:6.6.13.Final]
	at org.hibernate.internal.SessionImpl.firePersist(SessionImpl.java:803) ~[hibernate-core-6.6.13.Final.jar:6.6.13.Final]
	at org.hibernate.internal.SessionImpl.persist(SessionImpl.java:751) ~[hibernate-core-6.6.13.Final.jar:6.6.13.Final]
	at org.hibernate.engine.spi.CascadingActions$7.cascade(CascadingActions.java:295) ~[hibernate-core-6.6.13.Final.jar:6.6.13.Final]
	at org.hibernate.engine.spi.CascadingActions$7.cascade(CascadingActions.java:285) ~[hibernate-core-6.6.13.Final.jar:6.6.13.Final]
	at org.hibernate.engine.internal.Cascade.cascadeToOne(Cascade.java:570) ~[hibernate-core-6.6.13.Final.jar:6.6.13.Final]
	at org.hibernate.engine.internal.Cascade.cascadeAssociation(Cascade.java:492) ~[hibernate-core-6.6.13.Final.jar:6.6.13.Final]
	at org.hibernate.engine.internal.Cascade.cascadeProperty(Cascade.java:253) ~[hibernate-core-6.6.13.Final.jar:6.6.13.Final]
	at org.hibernate.engine.internal.Cascade.cascade(Cascade.java:192) ~[hibernate-core-6.6.13.Final.jar:6.6.13.Final]
	at org.hibernate.event.internal.AbstractSaveEventListener.cascadeAfterSave(AbstractSaveEventListener.java:520) ~[hibernate-core-6.6.13.Final.jar:6.6.13.Final]
	at org.hibernate.event.internal.AbstractSaveEventListener.performSaveOrReplicate(AbstractSaveEventListener.java:319) ~[hibernate-core-6.6.13.Final.jar:6.6.13.Final]
	at org.hibernate.event.internal.AbstractSaveEventListener.performSave(AbstractSaveEventListener.java:223) ~[hibernate-core-6.6.13.Final.jar:6.6.13.Final]
	at org.hibernate.event.internal.AbstractSaveEventListener.saveWithGeneratedId(AbstractSaveEventListener.java:136) ~[hibernate-core-6.6.13.Final.jar:6.6.13.Final]
	at org.hibernate.event.internal.DefaultPersistEventListener.entityIsTransient(DefaultPersistEventListener.java:177) ~[hibernate-core-6.6.13.Final.jar:6.6.13.Final]
	at org.hibernate.event.internal.DefaultPersistEventListener.persist(DefaultPersistEventListener.java:95) ~[hibernate-core-6.6.13.Final.jar:6.6.13.Final]
	at org.hibernate.event.internal.DefaultPersistEventListener.onPersist(DefaultPersistEventListener.java:79) ~[hibernate-core-6.6.13.Final.jar:6.6.13.Final]
	at org.hibernate.event.internal.DefaultPersistEventListener.onPersist(DefaultPersistEventListener.java:55) ~[hibernate-core-6.6.13.Final.jar:6.6.13.Final]
	at org.hibernate.event.service.internal.EventListenerGroupImpl.fireEventOnEachListener(EventListenerGroupImpl.java:127) ~[hibernate-core-6.6.13.Final.jar:6.6.13.Final]
	at org.hibernate.internal.SessionImpl.firePersist(SessionImpl.java:761) ~[hibernate-core-6.6.13.Final.jar:6.6.13.Final]
	at org.hibernate.internal.SessionImpl.persist(SessionImpl.java:745) ~[hibernate-core-6.6.13.Final.jar:6.6.13.Final]
	at java.base/jdk.internal.reflect.NativeMethodAccessorImpl.invoke0(Native Method) ~[?:?]
	at java.base/jdk.internal.reflect.NativeMethodAccessorImpl.invoke(NativeMethodAccessorImpl.java:77) ~[?:?]
	at java.base/jdk.internal.reflect.DelegatingMethodAccessorImpl.invoke(DelegatingMethodAccessorImpl.java:43) ~[?:?]
	at java.base/java.lang.reflect.Method.invoke(Method.java:568) ~[?:?]
	at org.springframework.orm.jpa.SharedEntityManagerCreator$SharedEntityManagerInvocationHandler.invoke(SharedEntityManagerCreator.java:320) ~[spring-orm-6.2.6.jar:6.2.6]
	at jdk.proxy4/jdk.proxy4.$Proxy161.persist(Unknown Source) ~[?:?]
	at org.springframework.data.jpa.repository.support.SimpleJpaRepository.save(SimpleJpaRepository.java:636) ~[spring-data-jpa-3.4.5.jar:3.4.5]
	at org.springframework.data.jpa.repository.support.SimpleJpaRepository.saveAll(SimpleJpaRepository.java:662) ~[spring-data-jpa-3.4.5.jar:3.4.5]
	at java.base/jdk.internal.reflect.NativeMethodAccessorImpl.invoke0(Native Method) ~[?:?]
	at java.base/jdk.internal.reflect.NativeMethodAccessorImpl.invoke(NativeMethodAccessorImpl.java:77) ~[?:?]
	at java.base/jdk.internal.reflect.DelegatingMethodAccessorImpl.invoke(DelegatingMethodAccessorImpl.java:43) ~[?:?]
	at java.base/java.lang.reflect.Method.invoke(Method.java:568) ~[?:?]
	at org.springframework.aop.support.AopUtils.invokeJoinpointUsingReflection(AopUtils.java:359) ~[spring-aop-6.2.6.jar:6.2.6]
	at org.springframework.data.repository.core.support.RepositoryMethodInvoker$RepositoryFragmentMethodInvoker.lambda$new$0(RepositoryMethodInvoker.java:277) ~[spring-data-commons-3.4.5.jar:3.4.5]
	at org.springframework.data.repository.core.support.RepositoryMethodInvoker.doInvoke(RepositoryMethodInvoker.java:170) ~[spring-data-commons-3.4.5.jar:3.4.5]
	at org.springframework.data.repository.core.support.RepositoryMethodInvoker.invoke(RepositoryMethodInvoker.java:158) ~[spring-data-commons-3.4.5.jar:3.4.5]
	at org.springframework.data.repository.core.support.RepositoryComposition$RepositoryFragments.invoke(RepositoryComposition.java:515) ~[spring-data-commons-3.4.5.jar:3.4.5]
	at org.springframework.data.repository.core.support.RepositoryComposition.invoke(RepositoryComposition.java:284) ~[spring-data-commons-3.4.5.jar:3.4.5]
	at org.springframework.data.repository.core.support.RepositoryFactorySupport$ImplementationMethodExecutionInterceptor.invoke(RepositoryFactorySupport.java:731) ~[spring-data-commons-3.4.5.jar:3.4.5]
	at org.springframework.aop.framework.ReflectiveMethodInvocation.proceed(ReflectiveMethodInvocation.java:184) ~[spring-aop-6.2.6.jar:6.2.6]
	at org.springframework.data.repository.core.support.QueryExecutorMethodInterceptor.doInvoke(QueryExecutorMethodInterceptor.java:174) ~[spring-data-commons-3.4.5.jar:3.4.5]
	at org.springframework.data.repository.core.support.QueryExecutorMethodInterceptor.invoke(QueryExecutorMethodInterceptor.java:149) ~[spring-data-commons-3.4.5.jar:3.4.5]
	at org.springframework.aop.framework.ReflectiveMethodInvocation.proceed(ReflectiveMethodInvocation.java:184) ~[spring-aop-6.2.6.jar:6.2.6]
	at org.springframework.data.projection.DefaultMethodInvokingMethodInterceptor.invoke(DefaultMethodInvokingMethodInterceptor.java:69) ~[spring-data-commons-3.4.5.jar:3.4.5]
	at org.springframework.aop.framework.ReflectiveMethodInvocation.proceed(ReflectiveMethodInvocation.java:184) ~[spring-aop-6.2.6.jar:6.2.6]
	at org.springframework.transaction.interceptor.TransactionAspectSupport.invokeWithinTransaction(TransactionAspectSupport.java:380) ~[spring-tx-6.2.6.jar:6.2.6]
	at org.springframework.transaction.interceptor.TransactionInterceptor.invoke(TransactionInterceptor.java:119) ~[spring-tx-6.2.6.jar:6.2.6]
	at org.springframework.aop.framework.ReflectiveMethodInvocation.proceed(ReflectiveMethodInvocation.java:184) ~[spring-aop-6.2.6.jar:6.2.6]
	at org.springframework.dao.support.PersistenceExceptionTranslationInterceptor.invoke(PersistenceExceptionTranslationInterceptor.java:138) ~[spring-tx-6.2.6.jar:6.2.6]
	... 44 more
Caused by: java.sql.SQLIntegrityConstraintViolationException: (conn=3583) Column 'cover_image_url' cannot be null
	at org.mariadb.jdbc.export.ExceptionFactory.createException(ExceptionFactory.java:297) ~[mariadb-java-client-3.4.2.jar:?]
	at org.mariadb.jdbc.export.ExceptionFactory.create(ExceptionFactory.java:378) ~[mariadb-java-client-3.4.2.jar:?]
	at org.mariadb.jdbc.message.ClientMessage.readPacket(ClientMessage.java:189) ~[mariadb-java-client-3.4.2.jar:?]
	at org.mariadb.jdbc.client.impl.StandardClient.readPacket(StandardClient.java:1235) ~[mariadb-java-client-3.4.2.jar:?]
	at org.mariadb.jdbc.client.impl.StandardClient.readResults(StandardClient.java:1174) ~[mariadb-java-client-3.4.2.jar:?]
	at org.mariadb.jdbc.client.impl.StandardClient.readResponse(StandardClient.java:1093) ~[mariadb-java-client-3.4.2.jar:?]
	at org.mariadb.jdbc.client.impl.StandardClient.execute(StandardClient.java:1017) ~[mariadb-java-client-3.4.2.jar:?]
	at org.mariadb.jdbc.ClientPreparedStatement.executeInternal(ClientPreparedStatement.java:101) ~[mariadb-java-client-3.4.2.jar:?]
	at org.mariadb.jdbc.ClientPreparedStatement.executeLargeUpdate(ClientPreparedStatement.java:314) ~[mariadb-java-client-3.4.2.jar:?]
	at org.mariadb.jdbc.ClientPreparedStatement.executeUpdate(ClientPreparedStatement.java:291) ~[mariadb-java-client-3.4.2.jar:?]
	at com.zaxxer.hikari.pool.ProxyPreparedStatement.executeUpdate(ProxyPreparedStatement.java:61) ~[HikariCP-5.1.0.jar:?]
	at com.zaxxer.hikari.pool.HikariProxyPreparedStatement.executeUpdate(HikariProxyPreparedStatement.java) ~[HikariCP-5.1.0.jar:?]
	at org.hibernate.engine.jdbc.internal.ResultSetReturnImpl.executeUpdate(ResultSetReturnImpl.java:194) ~[hibernate-core-6.6.13.Final.jar:6.6.13.Final]
	at org.hibernate.id.insert.GetGeneratedKeysDelegate.performMutation(GetGeneratedKeysDelegate.java:116) ~[hibernate-core-6.6.13.Final.jar:6.6.13.Final]
	at org.hibernate.engine.jdbc.mutation.internal.MutationExecutorSingleNonBatched.performNonBatchedOperations(MutationExecutorSingleNonBatched.java:47) ~[hibernate-core-6.6.13.Final.jar:6.6.13.Final]
	at org.hibernate.engine.jdbc.mutation.internal.AbstractMutationExecutor.execute(AbstractMutationExecutor.java:55) ~[hibernate-core-6.6.13.Final.jar:6.6.13.Final]
	at org.hibernate.persister.entity.mutation.InsertCoordinatorStandard.doStaticInserts(InsertCoordinatorStandard.java:194) ~[hibernate-core-6.6.13.Final.jar:6.6.13.Final]
	at org.hibernate.persister.entity.mutation.InsertCoordinatorStandard.coordinateInsert(InsertCoordinatorStandard.java:132) ~[hibernate-core-6.6.13.Final.jar:6.6.13.Final]
	at org.hibernate.persister.entity.mutation.InsertCoordinatorStandard.insert(InsertCoordinatorStandard.java:95) ~[hibernate-core-6.6.13.Final.jar:6.6.13.Final]
	at org.hibernate.action.internal.EntityIdentityInsertAction.execute(EntityIdentityInsertAction.java:85) ~[hibernate-core-6.6.13.Final.jar:6.6.13.Final]
	at org.hibernate.engine.spi.ActionQueue.execute(ActionQueue.java:682) ~[hibernate-core-6.6.13.Final.jar:6.6.13.Final]
	at org.hibernate.engine.spi.ActionQueue.addResolvedEntityInsertAction(ActionQueue.java:293) ~[hibernate-core-6.6.13.Final.jar:6.6.13.Final]
	at org.hibernate.engine.spi.ActionQueue.addInsertAction(ActionQueue.java:274) ~[hibernate-core-6.6.13.Final.jar:6.6.13.Final]
	at org.hibernate.engine.spi.ActionQueue.addAction(ActionQueue.java:324) ~[hibernate-core-6.6.13.Final.jar:6.6.13.Final]
	at org.hibernate.event.internal.AbstractSaveEventListener.addInsertAction(AbstractSaveEventListener.java:393) ~[hibernate-core-6.6.13.Final.jar:6.6.13.Final]
	at org.hibernate.event.internal.AbstractSaveEventListener.performSaveOrReplicate(AbstractSaveEventListener.java:307) ~[hibernate-core-6.6.13.Final.jar:6.6.13.Final]
	at org.hibernate.event.internal.AbstractSaveEventListener.performSave(AbstractSaveEventListener.java:223) ~[hibernate-core-6.6.13.Final.jar:6.6.13.Final]
	at org.hibernate.event.internal.AbstractSaveEventListener.saveWithGeneratedId(AbstractSaveEventListener.java:136) ~[hibernate-core-6.6.13.Final.jar:6.6.13.Final]
	at org.hibernate.event.internal.DefaultPersistEventListener.entityIsTransient(DefaultPersistEventListener.java:177) ~[hibernate-core-6.6.13.Final.jar:6.6.13.Final]
	at org.hibernate.event.internal.DefaultPersistEventListener.persist(DefaultPersistEventListener.java:95) ~[hibernate-core-6.6.13.Final.jar:6.6.13.Final]
	at org.hibernate.event.internal.DefaultPersistEventListener.onPersist(DefaultPersistEventListener.java:79) ~[hibernate-core-6.6.13.Final.jar:6.6.13.Final]
	at org.hibernate.event.service.internal.EventListenerGroupImpl.fireEventOnEachListener(EventListenerGroupImpl.java:138) ~[hibernate-core-6.6.13.Final.jar:6.6.13.Final]
	at org.hibernate.internal.SessionImpl.firePersist(SessionImpl.java:803) ~[hibernate-core-6.6.13.Final.jar:6.6.13.Final]
	at org.hibernate.internal.SessionImpl.persist(SessionImpl.java:751) ~[hibernate-core-6.6.13.Final.jar:6.6.13.Final]
	at org.hibernate.engine.spi.CascadingActions$7.cascade(CascadingActions.java:295) ~[hibernate-core-6.6.13.Final.jar:6.6.13.Final]
	at org.hibernate.engine.spi.CascadingActions$7.cascade(CascadingActions.java:285) ~[hibernate-core-6.6.13.Final.jar:6.6.13.Final]
	at org.hibernate.engine.internal.Cascade.cascadeToOne(Cascade.java:570) ~[hibernate-core-6.6.13.Final.jar:6.6.13.Final]
	at org.hibernate.engine.internal.Cascade.cascadeAssociation(Cascade.java:492) ~[hibernate-core-6.6.13.Final.jar:6.6.13.Final]
	at org.hibernate.engine.internal.Cascade.cascadeProperty(Cascade.java:253) ~[hibernate-core-6.6.13.Final.jar:6.6.13.Final]
	at org.hibernate.engine.internal.Cascade.cascade(Cascade.java:192) ~[hibernate-core-6.6.13.Final.jar:6.6.13.Final]
	at org.hibernate.event.internal.AbstractSaveEventListener.cascadeAfterSave(AbstractSaveEventListener.java:520) ~[hibernate-core-6.6.13.Final.jar:6.6.13.Final]
	at org.hibernate.event.internal.AbstractSaveEventListener.performSaveOrReplicate(AbstractSaveEventListener.java:319) ~[hibernate-core-6.6.13.Final.jar:6.6.13.Final]
	at org.hibernate.event.internal.AbstractSaveEventListener.performSave(AbstractSaveEventListener.java:223) ~[hibernate-core-6.6.13.Final.jar:6.6.13.Final]
	at org.hibernate.event.internal.AbstractSaveEventListener.saveWithGeneratedId(AbstractSaveEventListener.java:136) ~[hibernate-core-6.6.13.Final.jar:6.6.13.Final]
	at org.hibernate.event.internal.DefaultPersistEventListener.entityIsTransient(DefaultPersistEventListener.java:177) ~[hibernate-core-6.6.13.Final.jar:6.6.13.Final]
	at org.hibernate.event.internal.DefaultPersistEventListener.persist(DefaultPersistEventListener.java:95) ~[hibernate-core-6.6.13.Final.jar:6.6.13.Final]
	at org.hibernate.event.internal.DefaultPersistEventListener.onPersist(DefaultPersistEventListener.java:79) ~[hibernate-core-6.6.13.Final.jar:6.6.13.Final]
	at org.hibernate.event.internal.DefaultPersistEventListener.onPersist(DefaultPersistEventListener.java:55) ~[hibernate-core-6.6.13.Final.jar:6.6.13.Final]
	at org.hibernate.event.service.internal.EventListenerGroupImpl.fireEventOnEachListener(EventListenerGroupImpl.java:127) ~[hibernate-core-6.6.13.Final.jar:6.6.13.Final]
	at org.hibernate.internal.SessionImpl.firePersist(SessionImpl.java:761) ~[hibernate-core-6.6.13.Final.jar:6.6.13.Final]
	at org.hibernate.internal.SessionImpl.persist(SessionImpl.java:745) ~[hibernate-core-6.6.13.Final.jar:6.6.13.Final]
	at java.base/jdk.internal.reflect.NativeMethodAccessorImpl.invoke0(Native Method) ~[?:?]
	at java.base/jdk.internal.reflect.NativeMethodAccessorImpl.invoke(NativeMethodAccessorImpl.java:77) ~[?:?]
	at java.base/jdk.internal.reflect.DelegatingMethodAccessorImpl.invoke(DelegatingMethodAccessorImpl.java:43) ~[?:?]
	at java.base/java.lang.reflect.Method.invoke(Method.java:568) ~[?:?]
	at org.springframework.orm.jpa.SharedEntityManagerCreator$SharedEntityManagerInvocationHandler.invoke(SharedEntityManagerCreator.java:320) ~[spring-orm-6.2.6.jar:6.2.6]
	at jdk.proxy4/jdk.proxy4.$Proxy161.persist(Unknown Source) ~[?:?]
	at org.springframework.data.jpa.repository.support.SimpleJpaRepository.save(SimpleJpaRepository.java:636) ~[spring-data-jpa-3.4.5.jar:3.4.5]
	at org.springframework.data.jpa.repository.support.SimpleJpaRepository.saveAll(SimpleJpaRepository.java:662) ~[spring-data-jpa-3.4.5.jar:3.4.5]
	at java.base/jdk.internal.reflect.NativeMethodAccessorImpl.invoke0(Native Method) ~[?:?]
	at java.base/jdk.internal.reflect.NativeMethodAccessorImpl.invoke(NativeMethodAccessorImpl.java:77) ~[?:?]
	at java.base/jdk.internal.reflect.DelegatingMethodAccessorImpl.invoke(DelegatingMethodAccessorImpl.java:43) ~[?:?]
	at java.base/java.lang.reflect.Method.invoke(Method.java:568) ~[?:?]
	at org.springframework.aop.support.AopUtils.invokeJoinpointUsingReflection(AopUtils.java:359) ~[spring-aop-6.2.6.jar:6.2.6]
	at org.springframework.data.repository.core.support.RepositoryMethodInvoker$RepositoryFragmentMethodInvoker.lambda$new$0(RepositoryMethodInvoker.java:277) ~[spring-data-commons-3.4.5.jar:3.4.5]
	at org.springframework.data.repository.core.support.RepositoryMethodInvoker.doInvoke(RepositoryMethodInvoker.java:170) ~[spring-data-commons-3.4.5.jar:3.4.5]
	at org.springframework.data.repository.core.support.RepositoryMethodInvoker.invoke(RepositoryMethodInvoker.java:158) ~[spring-data-commons-3.4.5.jar:3.4.5]
	at org.springframework.data.repository.core.support.RepositoryComposition$RepositoryFragments.invoke(RepositoryComposition.java:515) ~[spring-data-commons-3.4.5.jar:3.4.5]
	at org.springframework.data.repository.core.support.RepositoryComposition.invoke(RepositoryComposition.java:284) ~[spring-data-commons-3.4.5.jar:3.4.5]
	at org.springframework.data.repository.core.support.RepositoryFactorySupport$ImplementationMethodExecutionInterceptor.invoke(RepositoryFactorySupport.java:731) ~[spring-data-commons-3.4.5.jar:3.4.5]
	at org.springframework.aop.framework.ReflectiveMethodInvocation.proceed(ReflectiveMethodInvocation.java:184) ~[spring-aop-6.2.6.jar:6.2.6]
	at org.springframework.data.repository.core.support.QueryExecutorMethodInterceptor.doInvoke(QueryExecutorMethodInterceptor.java:174) ~[spring-data-commons-3.4.5.jar:3.4.5]
	at org.springframework.data.repository.core.support.QueryExecutorMethodInterceptor.invoke(QueryExecutorMethodInterceptor.java:149) ~[spring-data-commons-3.4.5.jar:3.4.5]
	at org.springframework.aop.framework.ReflectiveMethodInvocation.proceed(ReflectiveMethodInvocation.java:184) ~[spring-aop-6.2.6.jar:6.2.6]
	at org.springframework.data.projection.DefaultMethodInvokingMethodInterceptor.invoke(DefaultMethodInvokingMethodInterceptor.java:69) ~[spring-data-commons-3.4.5.jar:3.4.5]
	at org.springframework.aop.framework.ReflectiveMethodInvocation.proceed(ReflectiveMethodInvocation.java:184) ~[spring-aop-6.2.6.jar:6.2.6]
	at org.springframework.transaction.interceptor.TransactionAspectSupport.invokeWithinTransaction(TransactionAspectSupport.java:380) ~[spring-tx-6.2.6.jar:6.2.6]
	at org.springframework.transaction.interceptor.TransactionInterceptor.invoke(TransactionInterceptor.java:119) ~[spring-tx-6.2.6.jar:6.2.6]
	at org.springframework.aop.framework.ReflectiveMethodInvocation.proceed(ReflectiveMethodInvocation.java:184) ~[spring-aop-6.2.6.jar:6.2.6]
	at org.springframework.dao.support.PersistenceExceptionTranslationInterceptor.invoke(PersistenceExceptionTranslationInterceptor.java:138) ~[spring-tx-6.2.6.jar:6.2.6]
	... 44 more

2025-05-21T21:49:56.657+09:00  INFO 46448 --- [MySpringbootLab] [restartedMain] o.s.b.w.e.t.GracefulShutdown             : Commencing graceful shutdown. Waiting for active requests to complete
2025-05-21T21:49:56.871+09:00  INFO 46448 --- [MySpringbootLab] [tomcat-shutdown] o.s.b.w.e.t.GracefulShutdown             : Graceful shutdown complete
2025-05-21T21:49:56.877+09:00  INFO 46448 --- [MySpringbootLab] [restartedMain] j.LocalContainerEntityManagerFactoryBean : Closing JPA EntityManagerFactory for persistence unit 'default'
2025-05-21T21:49:56.879+09:00  INFO 46448 --- [MySpringbootLab] [restartedMain] c.z.h.HikariDataSource                   : HikariPool-1 - Shutdown initiated...
2025-05-21T21:49:56.882+09:00  INFO 46448 --- [MySpringbootLab] [restartedMain] c.z.h.HikariDataSource                   : HikariPool-1 - Shutdown completed.
2025-05-21T21:53:13.870+09:00  INFO 45408 --- [MySpringbootLab] [restartedMain] c.r.m.MySpringbootLabApplication         : Starting MySpringbootLabApplication using Java 17.0.2 with PID 45408 (C:\mybackend\MySpringbootLab\MySpringbootLab\target\classes started by pshcc in C:\mybackend\MySpringbootLab)
2025-05-21T21:53:13.875+09:00 DEBUG 45408 --- [MySpringbootLab] [restartedMain] c.r.m.MySpringbootLabApplication         : Running with Spring Boot v3.4.5, Spring v6.2.6
2025-05-21T21:53:13.876+09:00  INFO 45408 --- [MySpringbootLab] [restartedMain] c.r.m.MySpringbootLabApplication         : The following 1 profile is active: "test"
2025-05-21T21:53:13.917+09:00  INFO 45408 --- [MySpringbootLab] [restartedMain] .e.DevToolsPropertyDefaultsPostProcessor : Devtools property defaults active! Set 'spring.devtools.add-properties' to 'false' to disable
2025-05-21T21:53:13.917+09:00  INFO 45408 --- [MySpringbootLab] [restartedMain] .e.DevToolsPropertyDefaultsPostProcessor : For additional web related logging consider setting the 'logging.level.web' property to 'DEBUG'
2025-05-21T21:53:14.904+09:00  INFO 45408 --- [MySpringbootLab] [restartedMain] .s.d.r.c.RepositoryConfigurationDelegate : Bootstrapping Spring Data JPA repositories in DEFAULT mode.
2025-05-21T21:53:14.968+09:00  INFO 45408 --- [MySpringbootLab] [restartedMain] .s.d.r.c.RepositoryConfigurationDelegate : Finished Spring Data repository scanning in 55 ms. Found 3 JPA repository interfaces.
2025-05-21T21:53:15.869+09:00  INFO 45408 --- [MySpringbootLab] [restartedMain] o.s.b.w.e.t.TomcatWebServer              : Tomcat initialized with port 8080 (http)
2025-05-21T21:53:15.883+09:00  INFO 45408 --- [MySpringbootLab] [restartedMain] o.a.c.c.StandardService                  : Starting service [Tomcat]
2025-05-21T21:53:15.884+09:00  INFO 45408 --- [MySpringbootLab] [restartedMain] o.a.c.c.StandardEngine                   : Starting Servlet engine: [Apache Tomcat/10.1.40]
2025-05-21T21:53:15.949+09:00  INFO 45408 --- [MySpringbootLab] [restartedMain] o.a.c.c.C.[.[.[/]                        : Initializing Spring embedded WebApplicationContext
2025-05-21T21:53:15.951+09:00  INFO 45408 --- [MySpringbootLab] [restartedMain] w.s.c.ServletWebServerApplicationContext : Root WebApplicationContext: initialization completed in 2032 ms
2025-05-21T21:53:16.265+09:00  INFO 45408 --- [MySpringbootLab] [restartedMain] o.h.j.i.u.LogHelper                      : HHH000204: Processing PersistenceUnitInfo [name: default]
2025-05-21T21:53:16.320+09:00  INFO 45408 --- [MySpringbootLab] [restartedMain] o.h.Version                              : HHH000412: Hibernate ORM core version 6.6.13.Final
2025-05-21T21:53:16.354+09:00  INFO 45408 --- [MySpringbootLab] [restartedMain] o.h.c.i.RegionFactoryInitiator           : HHH000026: Second-level cache disabled
2025-05-21T21:53:16.614+09:00  INFO 45408 --- [MySpringbootLab] [restartedMain] o.s.o.j.p.SpringPersistenceUnitInfo      : No LoadTimeWeaver setup: ignoring JPA class transformer
2025-05-21T21:53:16.646+09:00  INFO 45408 --- [MySpringbootLab] [restartedMain] c.z.h.HikariDataSource                   : HikariPool-1 - Starting...
2025-05-21T21:53:16.721+09:00  INFO 45408 --- [MySpringbootLab] [restartedMain] c.z.h.p.HikariPool                       : HikariPool-1 - Added connection org.mariadb.jdbc.Connection@3a71eaa0
2025-05-21T21:53:16.723+09:00  INFO 45408 --- [MySpringbootLab] [restartedMain] c.z.h.HikariDataSource                   : HikariPool-1 - Start completed.
2025-05-21T21:53:16.748+09:00  WARN 45408 --- [MySpringbootLab] [restartedMain] o.h.o.deprecation                        : HHH90000025: MariaDBDialect does not need to be specified explicitly using 'hibernate.dialect' (remove the property setting and it will be selected by default)
2025-05-21T21:53:16.767+09:00  INFO 45408 --- [MySpringbootLab] [restartedMain] o.h.o.c.pooling                          : HHH10001005: Database info:
	Database JDBC URL [Connecting through datasource 'HikariDataSource (HikariPool-1)']
	Database driver: undefined/unknown
	Database version: 10.11.5
	Autocommit mode: undefined/unknown
	Isolation level: undefined/unknown
	Minimum pool size: undefined/unknown
	Maximum pool size: undefined/unknown
2025-05-21T21:53:17.622+09:00  INFO 45408 --- [MySpringbootLab] [restartedMain] o.h.e.t.j.p.i.JtaPlatformInitiator       : HHH000489: No JTA platform available (set 'hibernate.transaction.jta.platform' to enable JTA platform integration)
2025-05-21T21:53:17.837+09:00  INFO 45408 --- [MySpringbootLab] [restartedMain] j.LocalContainerEntityManagerFactoryBean : Initialized JPA EntityManagerFactory for persistence unit 'default'
2025-05-21T21:53:18.168+09:00  INFO 45408 --- [MySpringbootLab] [restartedMain] o.s.d.j.r.q.QueryEnhancerFactory         : Hibernate is in classpath; If applicable, HQL parser will be used.
2025-05-21T21:53:18.702+09:00  WARN 45408 --- [MySpringbootLab] [restartedMain] JpaBaseConfiguration$JpaWebConfiguration : spring.jpa.open-in-view is enabled by default. Therefore, database queries may be performed during view rendering. Explicitly configure spring.jpa.open-in-view to disable this warning
2025-05-21T21:53:19.038+09:00  WARN 45408 --- [MySpringbootLab] [restartedMain] ion$DefaultTemplateResolverConfiguration : Cannot find template location: classpath:/templates/ (please add some templates, check your Thymeleaf configuration, or set spring.thymeleaf.check-template-location=false)
2025-05-21T21:53:19.315+09:00  INFO 45408 --- [MySpringbootLab] [restartedMain] o.s.b.a.h.H2ConsoleAutoConfiguration     : H2 console available at '/h2-console'. Database available at 'jdbc:mariadb://127.0.0.1/boot_db?user=boot&password=***'
2025-05-21T21:53:19.393+09:00  INFO 45408 --- [MySpringbootLab] [restartedMain] o.s.b.d.a.OptionalLiveReloadServer       : LiveReload server is running on port 35729
2025-05-21T21:53:19.401+09:00  INFO 45408 --- [MySpringbootLab] [restartedMain] o.s.b.a.e.w.EndpointLinksResolver        : Exposing 1 endpoint beneath base path '/actuator'
2025-05-21T21:53:19.470+09:00  INFO 45408 --- [MySpringbootLab] [restartedMain] o.s.b.w.e.t.TomcatWebServer              : Tomcat started on port 8080 (http) with context path '/'
2025-05-21T21:53:19.483+09:00  INFO 45408 --- [MySpringbootLab] [restartedMain] c.r.m.MySpringbootLabApplication         : Started MySpringbootLabApplication in 6.091 seconds (process running for 6.898)
2025-05-21T21:53:19.521+09:00  INFO 45408 --- [MySpringbootLab] [restartedMain] c.r.m.r.BookDataInsertRunner             : Starting Book-only data initialization...
2025-05-21T21:53:19.616+09:00  INFO 45408 --- [MySpringbootLab] [restartedMain] c.r.m.r.BookDataInsertRunner             : Creating books with details (no publisher)...
2025-05-21T21:53:19.665+09:00  INFO 45408 --- [MySpringbootLab] [restartedMain] c.r.m.r.BookDataInsertRunner             : Created 14 books with/without details
2025-05-21T21:53:19.666+09:00  INFO 45408 --- [MySpringbootLab] [restartedMain] c.r.m.r.BookDataInsertRunner             : Book-only data initialization completed successfully
2025-05-21T21:53:19.675+09:00 DEBUG 45408 --- [MySpringbootLab] [restartedMain] c.r.m.r.MyPropRunner                     : ${myprop.username} = springboot
2025-05-21T21:53:19.675+09:00 DEBUG 45408 --- [MySpringbootLab] [restartedMain] c.r.m.r.MyPropRunner                     : ${myprop.port} = 69
2025-05-21T21:53:19.675+09:00 DEBUG 45408 --- [MySpringbootLab] [restartedMain] c.r.m.r.MyPropRunner                     : ${myprop.username} = springboot
2025-05-21T21:53:19.675+09:00  INFO 45408 --- [MySpringbootLab] [restartedMain] c.r.m.r.MyPropRunner                     : MyBootProperties getUsername() = springboot
2025-05-21T21:53:19.675+09:00  INFO 45408 --- [MySpringbootLab] [restartedMain] c.r.m.r.MyPropRunner                     : MyBootProperties getPort() = 97
2025-05-21T21:53:19.676+09:00  INFO 45408 --- [MySpringbootLab] [restartedMain] c.r.m.r.MyPropRunner                     : 설정된 Port 번호 = 8080
2025-05-21T21:53:19.676+09:00  INFO 45408 --- [MySpringbootLab] [restartedMain] c.r.m.r.MyPropRunner                     : 현재 활성화된 MyEnvironment Bean = com.rookies3.myspringbootlab.config.MyEnvironment@5887fb38
2025-05-21T21:53:19.676+09:00 DEBUG 45408 --- [MySpringbootLab] [restartedMain] c.r.m.r.MyPropRunner                     : VM 아규먼트 foo : false
2025-05-21T21:53:19.676+09:00 DEBUG 45408 --- [MySpringbootLab] [restartedMain] c.r.m.r.MyPropRunner                     : Program 아규먼트 bar : false
2025-05-21T21:59:46.184+09:00  INFO 45408 --- [MySpringbootLab] [SpringApplicationShutdownHook] o.s.b.w.e.t.GracefulShutdown             : Commencing graceful shutdown. Waiting for active requests to complete
2025-05-21T21:59:46.394+09:00  INFO 45408 --- [MySpringbootLab] [tomcat-shutdown] o.s.b.w.e.t.GracefulShutdown             : Graceful shutdown complete
2025-05-21T21:59:46.403+09:00  INFO 45408 --- [MySpringbootLab] [SpringApplicationShutdownHook] j.LocalContainerEntityManagerFactoryBean : Closing JPA EntityManagerFactory for persistence unit 'default'
2025-05-21T21:59:46.406+09:00  INFO 45408 --- [MySpringbootLab] [SpringApplicationShutdownHook] c.z.h.HikariDataSource                   : HikariPool-1 - Shutdown initiated...
2025-05-21T21:59:46.410+09:00  INFO 45408 --- [MySpringbootLab] [SpringApplicationShutdownHook] c.z.h.HikariDataSource                   : HikariPool-1 - Shutdown completed.
2025-05-21T22:00:54.436+09:00  INFO 41184 --- [MySpringbootLab] [restartedMain] c.r.m.MySpringbootLabApplication         : Starting MySpringbootLabApplication using Java 17.0.2 with PID 41184 (C:\mybackend\MySpringbootLab\MySpringbootLab\target\classes started by pshcc in C:\mybackend\MySpringbootLab)
2025-05-21T22:00:54.440+09:00 DEBUG 41184 --- [MySpringbootLab] [restartedMain] c.r.m.MySpringbootLabApplication         : Running with Spring Boot v3.4.5, Spring v6.2.6
2025-05-21T22:00:54.441+09:00  INFO 41184 --- [MySpringbootLab] [restartedMain] c.r.m.MySpringbootLabApplication         : The following 1 profile is active: "test"
2025-05-21T22:00:54.480+09:00  INFO 41184 --- [MySpringbootLab] [restartedMain] .e.DevToolsPropertyDefaultsPostProcessor : Devtools property defaults active! Set 'spring.devtools.add-properties' to 'false' to disable
2025-05-21T22:00:54.480+09:00  INFO 41184 --- [MySpringbootLab] [restartedMain] .e.DevToolsPropertyDefaultsPostProcessor : For additional web related logging consider setting the 'logging.level.web' property to 'DEBUG'
2025-05-21T22:00:55.478+09:00  INFO 41184 --- [MySpringbootLab] [restartedMain] .s.d.r.c.RepositoryConfigurationDelegate : Bootstrapping Spring Data JPA repositories in DEFAULT mode.
2025-05-21T22:00:55.547+09:00  INFO 41184 --- [MySpringbootLab] [restartedMain] .s.d.r.c.RepositoryConfigurationDelegate : Finished Spring Data repository scanning in 59 ms. Found 3 JPA repository interfaces.
2025-05-21T22:00:56.461+09:00  INFO 41184 --- [MySpringbootLab] [restartedMain] o.s.b.w.e.t.TomcatWebServer              : Tomcat initialized with port 8080 (http)
2025-05-21T22:00:56.475+09:00  INFO 41184 --- [MySpringbootLab] [restartedMain] o.a.c.c.StandardService                  : Starting service [Tomcat]
2025-05-21T22:00:56.476+09:00  INFO 41184 --- [MySpringbootLab] [restartedMain] o.a.c.c.StandardEngine                   : Starting Servlet engine: [Apache Tomcat/10.1.40]
2025-05-21T22:00:56.542+09:00  INFO 41184 --- [MySpringbootLab] [restartedMain] o.a.c.c.C.[.[.[/]                        : Initializing Spring embedded WebApplicationContext
2025-05-21T22:00:56.544+09:00  INFO 41184 --- [MySpringbootLab] [restartedMain] w.s.c.ServletWebServerApplicationContext : Root WebApplicationContext: initialization completed in 2061 ms
2025-05-21T22:00:56.881+09:00  INFO 41184 --- [MySpringbootLab] [restartedMain] o.h.j.i.u.LogHelper                      : HHH000204: Processing PersistenceUnitInfo [name: default]
2025-05-21T22:00:56.937+09:00  INFO 41184 --- [MySpringbootLab] [restartedMain] o.h.Version                              : HHH000412: Hibernate ORM core version 6.6.13.Final
2025-05-21T22:00:56.972+09:00  INFO 41184 --- [MySpringbootLab] [restartedMain] o.h.c.i.RegionFactoryInitiator           : HHH000026: Second-level cache disabled
2025-05-21T22:00:57.241+09:00  INFO 41184 --- [MySpringbootLab] [restartedMain] o.s.o.j.p.SpringPersistenceUnitInfo      : No LoadTimeWeaver setup: ignoring JPA class transformer
2025-05-21T22:00:57.277+09:00  INFO 41184 --- [MySpringbootLab] [restartedMain] c.z.h.HikariDataSource                   : HikariPool-1 - Starting...
2025-05-21T22:00:57.357+09:00  INFO 41184 --- [MySpringbootLab] [restartedMain] c.z.h.p.HikariPool                       : HikariPool-1 - Added connection org.mariadb.jdbc.Connection@13f6e898
2025-05-21T22:00:57.358+09:00  INFO 41184 --- [MySpringbootLab] [restartedMain] c.z.h.HikariDataSource                   : HikariPool-1 - Start completed.
2025-05-21T22:00:57.385+09:00  WARN 41184 --- [MySpringbootLab] [restartedMain] o.h.o.deprecation                        : HHH90000025: MariaDBDialect does not need to be specified explicitly using 'hibernate.dialect' (remove the property setting and it will be selected by default)
2025-05-21T22:00:57.403+09:00  INFO 41184 --- [MySpringbootLab] [restartedMain] o.h.o.c.pooling                          : HHH10001005: Database info:
	Database JDBC URL [Connecting through datasource 'HikariDataSource (HikariPool-1)']
	Database driver: undefined/unknown
	Database version: 10.11.5
	Autocommit mode: undefined/unknown
	Isolation level: undefined/unknown
	Minimum pool size: undefined/unknown
	Maximum pool size: undefined/unknown
2025-05-21T22:00:58.282+09:00  INFO 41184 --- [MySpringbootLab] [restartedMain] o.h.e.t.j.p.i.JtaPlatformInitiator       : HHH000489: No JTA platform available (set 'hibernate.transaction.jta.platform' to enable JTA platform integration)
2025-05-21T22:00:58.496+09:00  INFO 41184 --- [MySpringbootLab] [restartedMain] j.LocalContainerEntityManagerFactoryBean : Initialized JPA EntityManagerFactory for persistence unit 'default'
2025-05-21T22:00:58.824+09:00  INFO 41184 --- [MySpringbootLab] [restartedMain] o.s.d.j.r.q.QueryEnhancerFactory         : Hibernate is in classpath; If applicable, HQL parser will be used.
2025-05-21T22:00:59.393+09:00  WARN 41184 --- [MySpringbootLab] [restartedMain] JpaBaseConfiguration$JpaWebConfiguration : spring.jpa.open-in-view is enabled by default. Therefore, database queries may be performed during view rendering. Explicitly configure spring.jpa.open-in-view to disable this warning
2025-05-21T22:00:59.763+09:00  WARN 41184 --- [MySpringbootLab] [restartedMain] ion$DefaultTemplateResolverConfiguration : Cannot find template location: classpath:/templates/ (please add some templates, check your Thymeleaf configuration, or set spring.thymeleaf.check-template-location=false)
2025-05-21T22:01:00.065+09:00  INFO 41184 --- [MySpringbootLab] [restartedMain] o.s.b.a.h.H2ConsoleAutoConfiguration     : H2 console available at '/h2-console'. Database available at 'jdbc:mariadb://127.0.0.1/boot_db?user=boot&password=***'
2025-05-21T22:01:00.147+09:00  INFO 41184 --- [MySpringbootLab] [restartedMain] o.s.b.d.a.OptionalLiveReloadServer       : LiveReload server is running on port 35729
2025-05-21T22:01:00.157+09:00  INFO 41184 --- [MySpringbootLab] [restartedMain] o.s.b.a.e.w.EndpointLinksResolver        : Exposing 1 endpoint beneath base path '/actuator'
2025-05-21T22:01:00.233+09:00  INFO 41184 --- [MySpringbootLab] [restartedMain] o.s.b.w.e.t.TomcatWebServer              : Tomcat started on port 8080 (http) with context path '/'
2025-05-21T22:01:00.246+09:00  INFO 41184 --- [MySpringbootLab] [restartedMain] c.r.m.MySpringbootLabApplication         : Started MySpringbootLabApplication in 6.266 seconds (process running for 7.044)
2025-05-21T22:01:00.288+09:00  INFO 41184 --- [MySpringbootLab] [restartedMain] c.r.m.r.BookDataInsertRunner             : Starting Book-only data initialization...
2025-05-21T22:01:00.371+09:00  INFO 41184 --- [MySpringbootLab] [restartedMain] c.r.m.r.BookDataInsertRunner             : Creating books with details (no publisher)...
2025-05-21T22:01:00.421+09:00  INFO 41184 --- [MySpringbootLab] [restartedMain] c.r.m.r.BookDataInsertRunner             : Created 14 books with/without details
2025-05-21T22:01:00.421+09:00  INFO 41184 --- [MySpringbootLab] [restartedMain] c.r.m.r.BookDataInsertRunner             : Book-only data initialization completed successfully
2025-05-21T22:01:00.432+09:00  INFO 41184 --- [MySpringbootLab] [restartedMain] c.r.m.r.BookDataInitRunner               : Starting book data initialization...
2025-05-21T22:01:00.434+09:00  INFO 41184 --- [MySpringbootLab] [restartedMain] c.r.m.r.BookDataInitRunner               : Creating publishers...
2025-05-21T22:01:00.442+09:00  WARN 41184 --- [MySpringbootLab] [restartedMain] o.m.j.m.s.ErrorPacket                    : Error: 1048-23000: Column 'author' cannot be null
2025-05-21T22:01:00.443+09:00  WARN 41184 --- [MySpringbootLab] [restartedMain] o.h.e.j.s.SqlExceptionHelper             : SQL Error: 1048, SQLState: 23000
2025-05-21T22:01:00.443+09:00 ERROR 41184 --- [MySpringbootLab] [restartedMain] o.h.e.j.s.SqlExceptionHelper             : (conn=3603) Column 'author' cannot be null
2025-05-21T22:01:00.451+09:00  INFO 41184 --- [MySpringbootLab] [restartedMain] .s.b.a.l.ConditionEvaluationReportLogger : 

Error starting ApplicationContext. To display the condition evaluation report re-run your application with 'debug' enabled.
2025-05-21T22:01:00.471+09:00 ERROR 41184 --- [MySpringbootLab] [restartedMain] o.s.b.SpringApplication                  : Application run failed

org.springframework.dao.DataIntegrityViolationException: could not execute statement [(conn=3603) Column 'author' cannot be null] [insert into publishers (address,author,established_date,name) values (?,?,?,?)]; SQL [insert into publishers (address,author,established_date,name) values (?,?,?,?)]; constraint [null]
	at org.springframework.orm.jpa.vendor.HibernateJpaDialect.convertHibernateAccessException(HibernateJpaDialect.java:294) ~[spring-orm-6.2.6.jar:6.2.6]
	at org.springframework.orm.jpa.vendor.HibernateJpaDialect.convertHibernateAccessException(HibernateJpaDialect.java:256) ~[spring-orm-6.2.6.jar:6.2.6]
	at org.springframework.orm.jpa.vendor.HibernateJpaDialect.translateExceptionIfPossible(HibernateJpaDialect.java:241) ~[spring-orm-6.2.6.jar:6.2.6]
	at org.springframework.orm.jpa.AbstractEntityManagerFactoryBean.translateExceptionIfPossible(AbstractEntityManagerFactoryBean.java:560) ~[spring-orm-6.2.6.jar:6.2.6]
	at org.springframework.dao.support.ChainedPersistenceExceptionTranslator.translateExceptionIfPossible(ChainedPersistenceExceptionTranslator.java:61) ~[spring-tx-6.2.6.jar:6.2.6]
	at org.springframework.dao.support.DataAccessUtils.translateIfNecessary(DataAccessUtils.java:343) ~[spring-tx-6.2.6.jar:6.2.6]
	at org.springframework.dao.support.PersistenceExceptionTranslationInterceptor.invoke(PersistenceExceptionTranslationInterceptor.java:160) ~[spring-tx-6.2.6.jar:6.2.6]
	at org.springframework.aop.framework.ReflectiveMethodInvocation.proceed(ReflectiveMethodInvocation.java:184) ~[spring-aop-6.2.6.jar:6.2.6]
	at org.springframework.data.jpa.repository.support.CrudMethodMetadataPostProcessor$CrudMethodMetadataPopulatingMethodInterceptor.invoke(CrudMethodMetadataPostProcessor.java:165) ~[spring-data-jpa-3.4.5.jar:3.4.5]
	at org.springframework.aop.framework.ReflectiveMethodInvocation.proceed(ReflectiveMethodInvocation.java:184) ~[spring-aop-6.2.6.jar:6.2.6]
	at org.springframework.aop.framework.JdkDynamicAopProxy.invoke(JdkDynamicAopProxy.java:223) ~[spring-aop-6.2.6.jar:6.2.6]
	at jdk.proxy4/jdk.proxy4.$Proxy169.saveAll(Unknown Source) ~[?:?]
	at com.rookies3.myspringbootlab.runner.BookDataInitRunner.createPublishers(BookDataInitRunner.java:74) ~[classes/:?]
	at com.rookies3.myspringbootlab.runner.BookDataInitRunner.run(BookDataInitRunner.java:39) ~[classes/:?]
	at java.base/jdk.internal.reflect.NativeMethodAccessorImpl.invoke0(Native Method) ~[?:?]
	at java.base/jdk.internal.reflect.NativeMethodAccessorImpl.invoke(NativeMethodAccessorImpl.java:77) ~[?:?]
	at java.base/jdk.internal.reflect.DelegatingMethodAccessorImpl.invoke(DelegatingMethodAccessorImpl.java:43) ~[?:?]
	at java.base/java.lang.reflect.Method.invoke(Method.java:568) ~[?:?]
	at org.springframework.aop.support.AopUtils.invokeJoinpointUsingReflection(AopUtils.java:359) ~[spring-aop-6.2.6.jar:6.2.6]
	at org.springframework.aop.framework.ReflectiveMethodInvocation.invokeJoinpoint(ReflectiveMethodInvocation.java:196) ~[spring-aop-6.2.6.jar:6.2.6]
	at org.springframework.aop.framework.ReflectiveMethodInvocation.proceed(ReflectiveMethodInvocation.java:163) ~[spring-aop-6.2.6.jar:6.2.6]
	at org.springframework.transaction.interceptor.TransactionAspectSupport.invokeWithinTransaction(TransactionAspectSupport.java:380) ~[spring-tx-6.2.6.jar:6.2.6]
	at org.springframework.transaction.interceptor.TransactionInterceptor.invoke(TransactionInterceptor.java:119) ~[spring-tx-6.2.6.jar:6.2.6]
	at org.springframework.aop.framework.ReflectiveMethodInvocation.proceed(ReflectiveMethodInvocation.java:184) ~[spring-aop-6.2.6.jar:6.2.6]
	at org.springframework.aop.framework.CglibAopProxy$DynamicAdvisedInterceptor.intercept(CglibAopProxy.java:728) ~[spring-aop-6.2.6.jar:6.2.6]
	at com.rookies3.myspringbootlab.runner.BookDataInitRunner$$SpringCGLIB$$0.run(<generated>) ~[classes/:?]
	at org.springframework.boot.SpringApplication.lambda$callRunner$5(SpringApplication.java:789) ~[spring-boot-3.4.5.jar:3.4.5]
	at org.springframework.util.function.ThrowingConsumer$1.acceptWithException(ThrowingConsumer.java:82) ~[spring-core-6.2.6.jar:6.2.6]
	at org.springframework.util.function.ThrowingConsumer.accept(ThrowingConsumer.java:60) ~[spring-core-6.2.6.jar:6.2.6]
	at org.springframework.util.function.ThrowingConsumer$1.accept(ThrowingConsumer.java:86) ~[spring-core-6.2.6.jar:6.2.6]
	at org.springframework.boot.SpringApplication.callRunner(SpringApplication.java:797) ~[spring-boot-3.4.5.jar:3.4.5]
	at org.springframework.boot.SpringApplication.callRunner(SpringApplication.java:788) ~[spring-boot-3.4.5.jar:3.4.5]
	at org.springframework.boot.SpringApplication.lambda$callRunners$3(SpringApplication.java:773) [spring-boot-3.4.5.jar:3.4.5]
	at java.base/java.util.stream.ForEachOps$ForEachOp$OfRef.accept(ForEachOps.java:183) ~[?:?]
	at java.base/java.util.stream.SortedOps$SizedRefSortingSink.end(SortedOps.java:357) ~[?:?]
	at java.base/java.util.stream.AbstractPipeline.copyInto(AbstractPipeline.java:510) ~[?:?]
	at java.base/java.util.stream.AbstractPipeline.wrapAndCopyInto(AbstractPipeline.java:499) ~[?:?]
	at java.base/java.util.stream.ForEachOps$ForEachOp.evaluateSequential(ForEachOps.java:150) ~[?:?]
	at java.base/java.util.stream.ForEachOps$ForEachOp$OfRef.evaluateSequential(ForEachOps.java:173) ~[?:?]
	at java.base/java.util.stream.AbstractPipeline.evaluate(AbstractPipeline.java:234) ~[?:?]
	at java.base/java.util.stream.ReferencePipeline.forEach(ReferencePipeline.java:596) ~[?:?]
	at org.springframework.boot.SpringApplication.callRunners(SpringApplication.java:773) [spring-boot-3.4.5.jar:3.4.5]
	at org.springframework.boot.SpringApplication.run(SpringApplication.java:325) [spring-boot-3.4.5.jar:3.4.5]
	at org.springframework.boot.SpringApplication.run(SpringApplication.java:1362) [spring-boot-3.4.5.jar:3.4.5]
	at org.springframework.boot.SpringApplication.run(SpringApplication.java:1351) [spring-boot-3.4.5.jar:3.4.5]
	at com.rookies3.myspringbootlab.MySpringbootLabApplication.main(MySpringbootLabApplication.java:10) [classes/:?]
	at java.base/jdk.internal.reflect.NativeMethodAccessorImpl.invoke0(Native Method) ~[?:?]
	at java.base/jdk.internal.reflect.NativeMethodAccessorImpl.invoke(NativeMethodAccessorImpl.java:77) ~[?:?]
	at java.base/jdk.internal.reflect.DelegatingMethodAccessorImpl.invoke(DelegatingMethodAccessorImpl.java:43) ~[?:?]
	at java.base/java.lang.reflect.Method.invoke(Method.java:568) ~[?:?]
	at org.springframework.boot.devtools.restart.RestartLauncher.run(RestartLauncher.java:50) [spring-boot-devtools-3.4.5.jar:3.4.5]
Caused by: org.hibernate.exception.ConstraintViolationException: could not execute statement [(conn=3603) Column 'author' cannot be null] [insert into publishers (address,author,established_date,name) values (?,?,?,?)]
	at org.hibernate.exception.internal.SQLExceptionTypeDelegate.convert(SQLExceptionTypeDelegate.java:62) ~[hibernate-core-6.6.13.Final.jar:6.6.13.Final]
	at org.hibernate.exception.internal.StandardSQLExceptionConverter.convert(StandardSQLExceptionConverter.java:58) ~[hibernate-core-6.6.13.Final.jar:6.6.13.Final]
	at org.hibernate.engine.jdbc.spi.SqlExceptionHelper.convert(SqlExceptionHelper.java:108) ~[hibernate-core-6.6.13.Final.jar:6.6.13.Final]
	at org.hibernate.engine.jdbc.internal.ResultSetReturnImpl.executeUpdate(ResultSetReturnImpl.java:197) ~[hibernate-core-6.6.13.Final.jar:6.6.13.Final]
	at org.hibernate.id.insert.GetGeneratedKeysDelegate.performMutation(GetGeneratedKeysDelegate.java:116) ~[hibernate-core-6.6.13.Final.jar:6.6.13.Final]
	at org.hibernate.engine.jdbc.mutation.internal.MutationExecutorSingleNonBatched.performNonBatchedOperations(MutationExecutorSingleNonBatched.java:47) ~[hibernate-core-6.6.13.Final.jar:6.6.13.Final]
	at org.hibernate.engine.jdbc.mutation.internal.AbstractMutationExecutor.execute(AbstractMutationExecutor.java:55) ~[hibernate-core-6.6.13.Final.jar:6.6.13.Final]
	at org.hibernate.persister.entity.mutation.InsertCoordinatorStandard.doStaticInserts(InsertCoordinatorStandard.java:194) ~[hibernate-core-6.6.13.Final.jar:6.6.13.Final]
	at org.hibernate.persister.entity.mutation.InsertCoordinatorStandard.coordinateInsert(InsertCoordinatorStandard.java:132) ~[hibernate-core-6.6.13.Final.jar:6.6.13.Final]
	at org.hibernate.persister.entity.mutation.InsertCoordinatorStandard.insert(InsertCoordinatorStandard.java:95) ~[hibernate-core-6.6.13.Final.jar:6.6.13.Final]
	at org.hibernate.action.internal.EntityIdentityInsertAction.execute(EntityIdentityInsertAction.java:85) ~[hibernate-core-6.6.13.Final.jar:6.6.13.Final]
	at org.hibernate.engine.spi.ActionQueue.execute(ActionQueue.java:682) ~[hibernate-core-6.6.13.Final.jar:6.6.13.Final]
	at org.hibernate.engine.spi.ActionQueue.addResolvedEntityInsertAction(ActionQueue.java:293) ~[hibernate-core-6.6.13.Final.jar:6.6.13.Final]
	at org.hibernate.engine.spi.ActionQueue.addInsertAction(ActionQueue.java:274) ~[hibernate-core-6.6.13.Final.jar:6.6.13.Final]
	at org.hibernate.engine.spi.ActionQueue.addAction(ActionQueue.java:324) ~[hibernate-core-6.6.13.Final.jar:6.6.13.Final]
	at org.hibernate.event.internal.AbstractSaveEventListener.addInsertAction(AbstractSaveEventListener.java:393) ~[hibernate-core-6.6.13.Final.jar:6.6.13.Final]
	at org.hibernate.event.internal.AbstractSaveEventListener.performSaveOrReplicate(AbstractSaveEventListener.java:307) ~[hibernate-core-6.6.13.Final.jar:6.6.13.Final]
	at org.hibernate.event.internal.AbstractSaveEventListener.performSave(AbstractSaveEventListener.java:223) ~[hibernate-core-6.6.13.Final.jar:6.6.13.Final]
	at org.hibernate.event.internal.AbstractSaveEventListener.saveWithGeneratedId(AbstractSaveEventListener.java:136) ~[hibernate-core-6.6.13.Final.jar:6.6.13.Final]
	at org.hibernate.event.internal.DefaultPersistEventListener.entityIsTransient(DefaultPersistEventListener.java:177) ~[hibernate-core-6.6.13.Final.jar:6.6.13.Final]
	at org.hibernate.event.internal.DefaultPersistEventListener.persist(DefaultPersistEventListener.java:95) ~[hibernate-core-6.6.13.Final.jar:6.6.13.Final]
	at org.hibernate.event.internal.DefaultPersistEventListener.onPersist(DefaultPersistEventListener.java:79) ~[hibernate-core-6.6.13.Final.jar:6.6.13.Final]
	at org.hibernate.event.internal.DefaultPersistEventListener.onPersist(DefaultPersistEventListener.java:55) ~[hibernate-core-6.6.13.Final.jar:6.6.13.Final]
	at org.hibernate.event.service.internal.EventListenerGroupImpl.fireEventOnEachListener(EventListenerGroupImpl.java:127) ~[hibernate-core-6.6.13.Final.jar:6.6.13.Final]
	at org.hibernate.internal.SessionImpl.firePersist(SessionImpl.java:761) ~[hibernate-core-6.6.13.Final.jar:6.6.13.Final]
	at org.hibernate.internal.SessionImpl.persist(SessionImpl.java:745) ~[hibernate-core-6.6.13.Final.jar:6.6.13.Final]
	at java.base/jdk.internal.reflect.NativeMethodAccessorImpl.invoke0(Native Method) ~[?:?]
	at java.base/jdk.internal.reflect.NativeMethodAccessorImpl.invoke(NativeMethodAccessorImpl.java:77) ~[?:?]
	at java.base/jdk.internal.reflect.DelegatingMethodAccessorImpl.invoke(DelegatingMethodAccessorImpl.java:43) ~[?:?]
	at java.base/java.lang.reflect.Method.invoke(Method.java:568) ~[?:?]
	at org.springframework.orm.jpa.SharedEntityManagerCreator$SharedEntityManagerInvocationHandler.invoke(SharedEntityManagerCreator.java:320) ~[spring-orm-6.2.6.jar:6.2.6]
	at jdk.proxy4/jdk.proxy4.$Proxy161.persist(Unknown Source) ~[?:?]
	at org.springframework.data.jpa.repository.support.SimpleJpaRepository.save(SimpleJpaRepository.java:636) ~[spring-data-jpa-3.4.5.jar:3.4.5]
	at org.springframework.data.jpa.repository.support.SimpleJpaRepository.saveAll(SimpleJpaRepository.java:662) ~[spring-data-jpa-3.4.5.jar:3.4.5]
	at java.base/jdk.internal.reflect.NativeMethodAccessorImpl.invoke0(Native Method) ~[?:?]
	at java.base/jdk.internal.reflect.NativeMethodAccessorImpl.invoke(NativeMethodAccessorImpl.java:77) ~[?:?]
	at java.base/jdk.internal.reflect.DelegatingMethodAccessorImpl.invoke(DelegatingMethodAccessorImpl.java:43) ~[?:?]
	at java.base/java.lang.reflect.Method.invoke(Method.java:568) ~[?:?]
	at org.springframework.aop.support.AopUtils.invokeJoinpointUsingReflection(AopUtils.java:359) ~[spring-aop-6.2.6.jar:6.2.6]
	at org.springframework.data.repository.core.support.RepositoryMethodInvoker$RepositoryFragmentMethodInvoker.lambda$new$0(RepositoryMethodInvoker.java:277) ~[spring-data-commons-3.4.5.jar:3.4.5]
	at org.springframework.data.repository.core.support.RepositoryMethodInvoker.doInvoke(RepositoryMethodInvoker.java:170) ~[spring-data-commons-3.4.5.jar:3.4.5]
	at org.springframework.data.repository.core.support.RepositoryMethodInvoker.invoke(RepositoryMethodInvoker.java:158) ~[spring-data-commons-3.4.5.jar:3.4.5]
	at org.springframework.data.repository.core.support.RepositoryComposition$RepositoryFragments.invoke(RepositoryComposition.java:515) ~[spring-data-commons-3.4.5.jar:3.4.5]
	at org.springframework.data.repository.core.support.RepositoryComposition.invoke(RepositoryComposition.java:284) ~[spring-data-commons-3.4.5.jar:3.4.5]
	at org.springframework.data.repository.core.support.RepositoryFactorySupport$ImplementationMethodExecutionInterceptor.invoke(RepositoryFactorySupport.java:731) ~[spring-data-commons-3.4.5.jar:3.4.5]
	at org.springframework.aop.framework.ReflectiveMethodInvocation.proceed(ReflectiveMethodInvocation.java:184) ~[spring-aop-6.2.6.jar:6.2.6]
	at org.springframework.data.repository.core.support.QueryExecutorMethodInterceptor.doInvoke(QueryExecutorMethodInterceptor.java:174) ~[spring-data-commons-3.4.5.jar:3.4.5]
	at org.springframework.data.repository.core.support.QueryExecutorMethodInterceptor.invoke(QueryExecutorMethodInterceptor.java:149) ~[spring-data-commons-3.4.5.jar:3.4.5]
	at org.springframework.aop.framework.ReflectiveMethodInvocation.proceed(ReflectiveMethodInvocation.java:184) ~[spring-aop-6.2.6.jar:6.2.6]
	at org.springframework.data.projection.DefaultMethodInvokingMethodInterceptor.invoke(DefaultMethodInvokingMethodInterceptor.java:69) ~[spring-data-commons-3.4.5.jar:3.4.5]
	at org.springframework.aop.framework.ReflectiveMethodInvocation.proceed(ReflectiveMethodInvocation.java:184) ~[spring-aop-6.2.6.jar:6.2.6]
	at org.springframework.transaction.interceptor.TransactionAspectSupport.invokeWithinTransaction(TransactionAspectSupport.java:380) ~[spring-tx-6.2.6.jar:6.2.6]
	at org.springframework.transaction.interceptor.TransactionInterceptor.invoke(TransactionInterceptor.java:119) ~[spring-tx-6.2.6.jar:6.2.6]
	at org.springframework.aop.framework.ReflectiveMethodInvocation.proceed(ReflectiveMethodInvocation.java:184) ~[spring-aop-6.2.6.jar:6.2.6]
	at org.springframework.dao.support.PersistenceExceptionTranslationInterceptor.invoke(PersistenceExceptionTranslationInterceptor.java:138) ~[spring-tx-6.2.6.jar:6.2.6]
	... 44 more
Caused by: java.sql.SQLIntegrityConstraintViolationException: (conn=3603) Column 'author' cannot be null
	at org.mariadb.jdbc.export.ExceptionFactory.createException(ExceptionFactory.java:297) ~[mariadb-java-client-3.4.2.jar:?]
	at org.mariadb.jdbc.export.ExceptionFactory.create(ExceptionFactory.java:378) ~[mariadb-java-client-3.4.2.jar:?]
	at org.mariadb.jdbc.message.ClientMessage.readPacket(ClientMessage.java:189) ~[mariadb-java-client-3.4.2.jar:?]
	at org.mariadb.jdbc.client.impl.StandardClient.readPacket(StandardClient.java:1235) ~[mariadb-java-client-3.4.2.jar:?]
	at org.mariadb.jdbc.client.impl.StandardClient.readResults(StandardClient.java:1174) ~[mariadb-java-client-3.4.2.jar:?]
	at org.mariadb.jdbc.client.impl.StandardClient.readResponse(StandardClient.java:1093) ~[mariadb-java-client-3.4.2.jar:?]
	at org.mariadb.jdbc.client.impl.StandardClient.execute(StandardClient.java:1017) ~[mariadb-java-client-3.4.2.jar:?]
	at org.mariadb.jdbc.ClientPreparedStatement.executeInternal(ClientPreparedStatement.java:101) ~[mariadb-java-client-3.4.2.jar:?]
	at org.mariadb.jdbc.ClientPreparedStatement.executeLargeUpdate(ClientPreparedStatement.java:314) ~[mariadb-java-client-3.4.2.jar:?]
	at org.mariadb.jdbc.ClientPreparedStatement.executeUpdate(ClientPreparedStatement.java:291) ~[mariadb-java-client-3.4.2.jar:?]
	at com.zaxxer.hikari.pool.ProxyPreparedStatement.executeUpdate(ProxyPreparedStatement.java:61) ~[HikariCP-5.1.0.jar:?]
	at com.zaxxer.hikari.pool.HikariProxyPreparedStatement.executeUpdate(HikariProxyPreparedStatement.java) ~[HikariCP-5.1.0.jar:?]
	at org.hibernate.engine.jdbc.internal.ResultSetReturnImpl.executeUpdate(ResultSetReturnImpl.java:194) ~[hibernate-core-6.6.13.Final.jar:6.6.13.Final]
	at org.hibernate.id.insert.GetGeneratedKeysDelegate.performMutation(GetGeneratedKeysDelegate.java:116) ~[hibernate-core-6.6.13.Final.jar:6.6.13.Final]
	at org.hibernate.engine.jdbc.mutation.internal.MutationExecutorSingleNonBatched.performNonBatchedOperations(MutationExecutorSingleNonBatched.java:47) ~[hibernate-core-6.6.13.Final.jar:6.6.13.Final]
	at org.hibernate.engine.jdbc.mutation.internal.AbstractMutationExecutor.execute(AbstractMutationExecutor.java:55) ~[hibernate-core-6.6.13.Final.jar:6.6.13.Final]
	at org.hibernate.persister.entity.mutation.InsertCoordinatorStandard.doStaticInserts(InsertCoordinatorStandard.java:194) ~[hibernate-core-6.6.13.Final.jar:6.6.13.Final]
	at org.hibernate.persister.entity.mutation.InsertCoordinatorStandard.coordinateInsert(InsertCoordinatorStandard.java:132) ~[hibernate-core-6.6.13.Final.jar:6.6.13.Final]
	at org.hibernate.persister.entity.mutation.InsertCoordinatorStandard.insert(InsertCoordinatorStandard.java:95) ~[hibernate-core-6.6.13.Final.jar:6.6.13.Final]
	at org.hibernate.action.internal.EntityIdentityInsertAction.execute(EntityIdentityInsertAction.java:85) ~[hibernate-core-6.6.13.Final.jar:6.6.13.Final]
	at org.hibernate.engine.spi.ActionQueue.execute(ActionQueue.java:682) ~[hibernate-core-6.6.13.Final.jar:6.6.13.Final]
	at org.hibernate.engine.spi.ActionQueue.addResolvedEntityInsertAction(ActionQueue.java:293) ~[hibernate-core-6.6.13.Final.jar:6.6.13.Final]
	at org.hibernate.engine.spi.ActionQueue.addInsertAction(ActionQueue.java:274) ~[hibernate-core-6.6.13.Final.jar:6.6.13.Final]
	at org.hibernate.engine.spi.ActionQueue.addAction(ActionQueue.java:324) ~[hibernate-core-6.6.13.Final.jar:6.6.13.Final]
	at org.hibernate.event.internal.AbstractSaveEventListener.addInsertAction(AbstractSaveEventListener.java:393) ~[hibernate-core-6.6.13.Final.jar:6.6.13.Final]
	at org.hibernate.event.internal.AbstractSaveEventListener.performSaveOrReplicate(AbstractSaveEventListener.java:307) ~[hibernate-core-6.6.13.Final.jar:6.6.13.Final]
	at org.hibernate.event.internal.AbstractSaveEventListener.performSave(AbstractSaveEventListener.java:223) ~[hibernate-core-6.6.13.Final.jar:6.6.13.Final]
	at org.hibernate.event.internal.AbstractSaveEventListener.saveWithGeneratedId(AbstractSaveEventListener.java:136) ~[hibernate-core-6.6.13.Final.jar:6.6.13.Final]
	at org.hibernate.event.internal.DefaultPersistEventListener.entityIsTransient(DefaultPersistEventListener.java:177) ~[hibernate-core-6.6.13.Final.jar:6.6.13.Final]
	at org.hibernate.event.internal.DefaultPersistEventListener.persist(DefaultPersistEventListener.java:95) ~[hibernate-core-6.6.13.Final.jar:6.6.13.Final]
	at org.hibernate.event.internal.DefaultPersistEventListener.onPersist(DefaultPersistEventListener.java:79) ~[hibernate-core-6.6.13.Final.jar:6.6.13.Final]
	at org.hibernate.event.internal.DefaultPersistEventListener.onPersist(DefaultPersistEventListener.java:55) ~[hibernate-core-6.6.13.Final.jar:6.6.13.Final]
	at org.hibernate.event.service.internal.EventListenerGroupImpl.fireEventOnEachListener(EventListenerGroupImpl.java:127) ~[hibernate-core-6.6.13.Final.jar:6.6.13.Final]
	at org.hibernate.internal.SessionImpl.firePersist(SessionImpl.java:761) ~[hibernate-core-6.6.13.Final.jar:6.6.13.Final]
	at org.hibernate.internal.SessionImpl.persist(SessionImpl.java:745) ~[hibernate-core-6.6.13.Final.jar:6.6.13.Final]
	at java.base/jdk.internal.reflect.NativeMethodAccessorImpl.invoke0(Native Method) ~[?:?]
	at java.base/jdk.internal.reflect.NativeMethodAccessorImpl.invoke(NativeMethodAccessorImpl.java:77) ~[?:?]
	at java.base/jdk.internal.reflect.DelegatingMethodAccessorImpl.invoke(DelegatingMethodAccessorImpl.java:43) ~[?:?]
	at java.base/java.lang.reflect.Method.invoke(Method.java:568) ~[?:?]
	at org.springframework.orm.jpa.SharedEntityManagerCreator$SharedEntityManagerInvocationHandler.invoke(SharedEntityManagerCreator.java:320) ~[spring-orm-6.2.6.jar:6.2.6]
	at jdk.proxy4/jdk.proxy4.$Proxy161.persist(Unknown Source) ~[?:?]
	at org.springframework.data.jpa.repository.support.SimpleJpaRepository.save(SimpleJpaRepository.java:636) ~[spring-data-jpa-3.4.5.jar:3.4.5]
	at org.springframework.data.jpa.repository.support.SimpleJpaRepository.saveAll(SimpleJpaRepository.java:662) ~[spring-data-jpa-3.4.5.jar:3.4.5]
	at java.base/jdk.internal.reflect.NativeMethodAccessorImpl.invoke0(Native Method) ~[?:?]
	at java.base/jdk.internal.reflect.NativeMethodAccessorImpl.invoke(NativeMethodAccessorImpl.java:77) ~[?:?]
	at java.base/jdk.internal.reflect.DelegatingMethodAccessorImpl.invoke(DelegatingMethodAccessorImpl.java:43) ~[?:?]
	at java.base/java.lang.reflect.Method.invoke(Method.java:568) ~[?:?]
	at org.springframework.aop.support.AopUtils.invokeJoinpointUsingReflection(AopUtils.java:359) ~[spring-aop-6.2.6.jar:6.2.6]
	at org.springframework.data.repository.core.support.RepositoryMethodInvoker$RepositoryFragmentMethodInvoker.lambda$new$0(RepositoryMethodInvoker.java:277) ~[spring-data-commons-3.4.5.jar:3.4.5]
	at org.springframework.data.repository.core.support.RepositoryMethodInvoker.doInvoke(RepositoryMethodInvoker.java:170) ~[spring-data-commons-3.4.5.jar:3.4.5]
	at org.springframework.data.repository.core.support.RepositoryMethodInvoker.invoke(RepositoryMethodInvoker.java:158) ~[spring-data-commons-3.4.5.jar:3.4.5]
	at org.springframework.data.repository.core.support.RepositoryComposition$RepositoryFragments.invoke(RepositoryComposition.java:515) ~[spring-data-commons-3.4.5.jar:3.4.5]
	at org.springframework.data.repository.core.support.RepositoryComposition.invoke(RepositoryComposition.java:284) ~[spring-data-commons-3.4.5.jar:3.4.5]
	at org.springframework.data.repository.core.support.RepositoryFactorySupport$ImplementationMethodExecutionInterceptor.invoke(RepositoryFactorySupport.java:731) ~[spring-data-commons-3.4.5.jar:3.4.5]
	at org.springframework.aop.framework.ReflectiveMethodInvocation.proceed(ReflectiveMethodInvocation.java:184) ~[spring-aop-6.2.6.jar:6.2.6]
	at org.springframework.data.repository.core.support.QueryExecutorMethodInterceptor.doInvoke(QueryExecutorMethodInterceptor.java:174) ~[spring-data-commons-3.4.5.jar:3.4.5]
	at org.springframework.data.repository.core.support.QueryExecutorMethodInterceptor.invoke(QueryExecutorMethodInterceptor.java:149) ~[spring-data-commons-3.4.5.jar:3.4.5]
	at org.springframework.aop.framework.ReflectiveMethodInvocation.proceed(ReflectiveMethodInvocation.java:184) ~[spring-aop-6.2.6.jar:6.2.6]
	at org.springframework.data.projection.DefaultMethodInvokingMethodInterceptor.invoke(DefaultMethodInvokingMethodInterceptor.java:69) ~[spring-data-commons-3.4.5.jar:3.4.5]
	at org.springframework.aop.framework.ReflectiveMethodInvocation.proceed(ReflectiveMethodInvocation.java:184) ~[spring-aop-6.2.6.jar:6.2.6]
	at org.springframework.transaction.interceptor.TransactionAspectSupport.invokeWithinTransaction(TransactionAspectSupport.java:380) ~[spring-tx-6.2.6.jar:6.2.6]
	at org.springframework.transaction.interceptor.TransactionInterceptor.invoke(TransactionInterceptor.java:119) ~[spring-tx-6.2.6.jar:6.2.6]
	at org.springframework.aop.framework.ReflectiveMethodInvocation.proceed(ReflectiveMethodInvocation.java:184) ~[spring-aop-6.2.6.jar:6.2.6]
	at org.springframework.dao.support.PersistenceExceptionTranslationInterceptor.invoke(PersistenceExceptionTranslationInterceptor.java:138) ~[spring-tx-6.2.6.jar:6.2.6]
	... 44 more

2025-05-21T22:01:00.483+09:00  INFO 41184 --- [MySpringbootLab] [restartedMain] o.s.b.w.e.t.GracefulShutdown             : Commencing graceful shutdown. Waiting for active requests to complete
2025-05-21T22:01:00.700+09:00  INFO 41184 --- [MySpringbootLab] [tomcat-shutdown] o.s.b.w.e.t.GracefulShutdown             : Graceful shutdown complete
2025-05-21T22:01:00.706+09:00  INFO 41184 --- [MySpringbootLab] [restartedMain] j.LocalContainerEntityManagerFactoryBean : Closing JPA EntityManagerFactory for persistence unit 'default'
2025-05-21T22:01:00.708+09:00  INFO 41184 --- [MySpringbootLab] [restartedMain] c.z.h.HikariDataSource                   : HikariPool-1 - Shutdown initiated...
2025-05-21T22:01:00.711+09:00  INFO 41184 --- [MySpringbootLab] [restartedMain] c.z.h.HikariDataSource                   : HikariPool-1 - Shutdown completed.
2025-05-21T22:03:39.375+09:00  INFO 40340 --- [MySpringbootLab] [restartedMain] c.r.m.MySpringbootLabApplication         : Starting MySpringbootLabApplication using Java 17.0.2 with PID 40340 (C:\mybackend\MySpringbootLab\MySpringbootLab\target\classes started by pshcc in C:\mybackend\MySpringbootLab)
2025-05-21T22:03:39.380+09:00 DEBUG 40340 --- [MySpringbootLab] [restartedMain] c.r.m.MySpringbootLabApplication         : Running with Spring Boot v3.4.5, Spring v6.2.6
2025-05-21T22:03:39.381+09:00  INFO 40340 --- [MySpringbootLab] [restartedMain] c.r.m.MySpringbootLabApplication         : The following 1 profile is active: "test"
2025-05-21T22:03:39.429+09:00  INFO 40340 --- [MySpringbootLab] [restartedMain] .e.DevToolsPropertyDefaultsPostProcessor : Devtools property defaults active! Set 'spring.devtools.add-properties' to 'false' to disable
2025-05-21T22:03:39.429+09:00  INFO 40340 --- [MySpringbootLab] [restartedMain] .e.DevToolsPropertyDefaultsPostProcessor : For additional web related logging consider setting the 'logging.level.web' property to 'DEBUG'
2025-05-21T22:03:40.420+09:00  INFO 40340 --- [MySpringbootLab] [restartedMain] .s.d.r.c.RepositoryConfigurationDelegate : Bootstrapping Spring Data JPA repositories in DEFAULT mode.
2025-05-21T22:03:40.489+09:00  INFO 40340 --- [MySpringbootLab] [restartedMain] .s.d.r.c.RepositoryConfigurationDelegate : Finished Spring Data repository scanning in 59 ms. Found 3 JPA repository interfaces.
2025-05-21T22:03:41.418+09:00  INFO 40340 --- [MySpringbootLab] [restartedMain] o.s.b.w.e.t.TomcatWebServer              : Tomcat initialized with port 8080 (http)
2025-05-21T22:03:41.433+09:00  INFO 40340 --- [MySpringbootLab] [restartedMain] o.a.c.c.StandardService                  : Starting service [Tomcat]
2025-05-21T22:03:41.434+09:00  INFO 40340 --- [MySpringbootLab] [restartedMain] o.a.c.c.StandardEngine                   : Starting Servlet engine: [Apache Tomcat/10.1.40]
2025-05-21T22:03:41.498+09:00  INFO 40340 --- [MySpringbootLab] [restartedMain] o.a.c.c.C.[.[.[/]                        : Initializing Spring embedded WebApplicationContext
2025-05-21T22:03:41.499+09:00  INFO 40340 --- [MySpringbootLab] [restartedMain] w.s.c.ServletWebServerApplicationContext : Root WebApplicationContext: initialization completed in 2068 ms
2025-05-21T22:03:41.826+09:00  INFO 40340 --- [MySpringbootLab] [restartedMain] o.h.j.i.u.LogHelper                      : HHH000204: Processing PersistenceUnitInfo [name: default]
2025-05-21T22:03:41.885+09:00  INFO 40340 --- [MySpringbootLab] [restartedMain] o.h.Version                              : HHH000412: Hibernate ORM core version 6.6.13.Final
2025-05-21T22:03:41.923+09:00  INFO 40340 --- [MySpringbootLab] [restartedMain] o.h.c.i.RegionFactoryInitiator           : HHH000026: Second-level cache disabled
2025-05-21T22:03:42.206+09:00  INFO 40340 --- [MySpringbootLab] [restartedMain] o.s.o.j.p.SpringPersistenceUnitInfo      : No LoadTimeWeaver setup: ignoring JPA class transformer
2025-05-21T22:03:42.243+09:00  INFO 40340 --- [MySpringbootLab] [restartedMain] c.z.h.HikariDataSource                   : HikariPool-1 - Starting...
2025-05-21T22:03:42.336+09:00  INFO 40340 --- [MySpringbootLab] [restartedMain] c.z.h.p.HikariPool                       : HikariPool-1 - Added connection org.mariadb.jdbc.Connection@21f10c27
2025-05-21T22:03:42.338+09:00  INFO 40340 --- [MySpringbootLab] [restartedMain] c.z.h.HikariDataSource                   : HikariPool-1 - Start completed.
2025-05-21T22:03:42.368+09:00  WARN 40340 --- [MySpringbootLab] [restartedMain] o.h.o.deprecation                        : HHH90000025: MariaDBDialect does not need to be specified explicitly using 'hibernate.dialect' (remove the property setting and it will be selected by default)
2025-05-21T22:03:42.391+09:00  INFO 40340 --- [MySpringbootLab] [restartedMain] o.h.o.c.pooling                          : HHH10001005: Database info:
	Database JDBC URL [Connecting through datasource 'HikariDataSource (HikariPool-1)']
	Database driver: undefined/unknown
	Database version: 10.11.5
	Autocommit mode: undefined/unknown
	Isolation level: undefined/unknown
	Minimum pool size: undefined/unknown
	Maximum pool size: undefined/unknown
2025-05-21T22:03:43.290+09:00  INFO 40340 --- [MySpringbootLab] [restartedMain] o.h.e.t.j.p.i.JtaPlatformInitiator       : HHH000489: No JTA platform available (set 'hibernate.transaction.jta.platform' to enable JTA platform integration)
2025-05-21T22:03:43.544+09:00  INFO 40340 --- [MySpringbootLab] [restartedMain] j.LocalContainerEntityManagerFactoryBean : Initialized JPA EntityManagerFactory for persistence unit 'default'
2025-05-21T22:03:43.825+09:00  INFO 40340 --- [MySpringbootLab] [restartedMain] o.s.d.j.r.q.QueryEnhancerFactory         : Hibernate is in classpath; If applicable, HQL parser will be used.
2025-05-21T22:03:44.462+09:00  WARN 40340 --- [MySpringbootLab] [restartedMain] JpaBaseConfiguration$JpaWebConfiguration : spring.jpa.open-in-view is enabled by default. Therefore, database queries may be performed during view rendering. Explicitly configure spring.jpa.open-in-view to disable this warning
2025-05-21T22:03:44.823+09:00  WARN 40340 --- [MySpringbootLab] [restartedMain] ion$DefaultTemplateResolverConfiguration : Cannot find template location: classpath:/templates/ (please add some templates, check your Thymeleaf configuration, or set spring.thymeleaf.check-template-location=false)
2025-05-21T22:03:45.119+09:00  INFO 40340 --- [MySpringbootLab] [restartedMain] o.s.b.a.h.H2ConsoleAutoConfiguration     : H2 console available at '/h2-console'. Database available at 'jdbc:mariadb://127.0.0.1/boot_db?user=boot&password=***'
2025-05-21T22:03:45.204+09:00  INFO 40340 --- [MySpringbootLab] [restartedMain] o.s.b.d.a.OptionalLiveReloadServer       : LiveReload server is running on port 35729
2025-05-21T22:03:45.215+09:00  INFO 40340 --- [MySpringbootLab] [restartedMain] o.s.b.a.e.w.EndpointLinksResolver        : Exposing 1 endpoint beneath base path '/actuator'
2025-05-21T22:03:45.293+09:00  INFO 40340 --- [MySpringbootLab] [restartedMain] o.s.b.w.e.t.TomcatWebServer              : Tomcat started on port 8080 (http) with context path '/'
2025-05-21T22:03:45.306+09:00  INFO 40340 --- [MySpringbootLab] [restartedMain] c.r.m.MySpringbootLabApplication         : Started MySpringbootLabApplication in 6.39 seconds (process running for 7.186)
2025-05-21T22:03:45.346+09:00  INFO 40340 --- [MySpringbootLab] [restartedMain] c.r.m.r.BookDataInitRunner               : Starting book data initialization...
2025-05-21T22:03:45.425+09:00  INFO 40340 --- [MySpringbootLab] [restartedMain] c.r.m.r.BookDataInitRunner               : Creating publishers...
2025-05-21T22:03:45.452+09:00  WARN 40340 --- [MySpringbootLab] [restartedMain] o.m.j.m.s.ErrorPacket                    : Error: 1048-23000: Column 'author' cannot be null
2025-05-21T22:03:45.453+09:00  WARN 40340 --- [MySpringbootLab] [restartedMain] o.h.e.j.s.SqlExceptionHelper             : SQL Error: 1048, SQLState: 23000
2025-05-21T22:03:45.453+09:00 ERROR 40340 --- [MySpringbootLab] [restartedMain] o.h.e.j.s.SqlExceptionHelper             : (conn=3613) Column 'author' cannot be null
2025-05-21T22:03:45.462+09:00  INFO 40340 --- [MySpringbootLab] [restartedMain] .s.b.a.l.ConditionEvaluationReportLogger : 

Error starting ApplicationContext. To display the condition evaluation report re-run your application with 'debug' enabled.
2025-05-21T22:03:45.479+09:00 ERROR 40340 --- [MySpringbootLab] [restartedMain] o.s.b.SpringApplication                  : Application run failed

org.springframework.dao.DataIntegrityViolationException: could not execute statement [(conn=3613) Column 'author' cannot be null] [insert into publishers (address,author,established_date,name) values (?,?,?,?)]; SQL [insert into publishers (address,author,established_date,name) values (?,?,?,?)]; constraint [null]
	at org.springframework.orm.jpa.vendor.HibernateJpaDialect.convertHibernateAccessException(HibernateJpaDialect.java:294) ~[spring-orm-6.2.6.jar:6.2.6]
	at org.springframework.orm.jpa.vendor.HibernateJpaDialect.convertHibernateAccessException(HibernateJpaDialect.java:256) ~[spring-orm-6.2.6.jar:6.2.6]
	at org.springframework.orm.jpa.vendor.HibernateJpaDialect.translateExceptionIfPossible(HibernateJpaDialect.java:241) ~[spring-orm-6.2.6.jar:6.2.6]
	at org.springframework.orm.jpa.AbstractEntityManagerFactoryBean.translateExceptionIfPossible(AbstractEntityManagerFactoryBean.java:560) ~[spring-orm-6.2.6.jar:6.2.6]
	at org.springframework.dao.support.ChainedPersistenceExceptionTranslator.translateExceptionIfPossible(ChainedPersistenceExceptionTranslator.java:61) ~[spring-tx-6.2.6.jar:6.2.6]
	at org.springframework.dao.support.DataAccessUtils.translateIfNecessary(DataAccessUtils.java:343) ~[spring-tx-6.2.6.jar:6.2.6]
	at org.springframework.dao.support.PersistenceExceptionTranslationInterceptor.invoke(PersistenceExceptionTranslationInterceptor.java:160) ~[spring-tx-6.2.6.jar:6.2.6]
	at org.springframework.aop.framework.ReflectiveMethodInvocation.proceed(ReflectiveMethodInvocation.java:184) ~[spring-aop-6.2.6.jar:6.2.6]
	at org.springframework.data.jpa.repository.support.CrudMethodMetadataPostProcessor$CrudMethodMetadataPopulatingMethodInterceptor.invoke(CrudMethodMetadataPostProcessor.java:165) ~[spring-data-jpa-3.4.5.jar:3.4.5]
	at org.springframework.aop.framework.ReflectiveMethodInvocation.proceed(ReflectiveMethodInvocation.java:184) ~[spring-aop-6.2.6.jar:6.2.6]
	at org.springframework.aop.framework.JdkDynamicAopProxy.invoke(JdkDynamicAopProxy.java:223) ~[spring-aop-6.2.6.jar:6.2.6]
	at jdk.proxy4/jdk.proxy4.$Proxy169.saveAll(Unknown Source) ~[?:?]
	at com.rookies3.myspringbootlab.runner.BookDataInitRunner.createPublishers(BookDataInitRunner.java:74) ~[classes/:?]
	at com.rookies3.myspringbootlab.runner.BookDataInitRunner.run(BookDataInitRunner.java:39) ~[classes/:?]
	at java.base/jdk.internal.reflect.NativeMethodAccessorImpl.invoke0(Native Method) ~[?:?]
	at java.base/jdk.internal.reflect.NativeMethodAccessorImpl.invoke(NativeMethodAccessorImpl.java:77) ~[?:?]
	at java.base/jdk.internal.reflect.DelegatingMethodAccessorImpl.invoke(DelegatingMethodAccessorImpl.java:43) ~[?:?]
	at java.base/java.lang.reflect.Method.invoke(Method.java:568) ~[?:?]
	at org.springframework.aop.support.AopUtils.invokeJoinpointUsingReflection(AopUtils.java:359) ~[spring-aop-6.2.6.jar:6.2.6]
	at org.springframework.aop.framework.ReflectiveMethodInvocation.invokeJoinpoint(ReflectiveMethodInvocation.java:196) ~[spring-aop-6.2.6.jar:6.2.6]
	at org.springframework.aop.framework.ReflectiveMethodInvocation.proceed(ReflectiveMethodInvocation.java:163) ~[spring-aop-6.2.6.jar:6.2.6]
	at org.springframework.transaction.interceptor.TransactionAspectSupport.invokeWithinTransaction(TransactionAspectSupport.java:380) ~[spring-tx-6.2.6.jar:6.2.6]
	at org.springframework.transaction.interceptor.TransactionInterceptor.invoke(TransactionInterceptor.java:119) ~[spring-tx-6.2.6.jar:6.2.6]
	at org.springframework.aop.framework.ReflectiveMethodInvocation.proceed(ReflectiveMethodInvocation.java:184) ~[spring-aop-6.2.6.jar:6.2.6]
	at org.springframework.aop.framework.CglibAopProxy$DynamicAdvisedInterceptor.intercept(CglibAopProxy.java:728) ~[spring-aop-6.2.6.jar:6.2.6]
	at com.rookies3.myspringbootlab.runner.BookDataInitRunner$$SpringCGLIB$$0.run(<generated>) ~[classes/:?]
	at org.springframework.boot.SpringApplication.lambda$callRunner$5(SpringApplication.java:789) ~[spring-boot-3.4.5.jar:3.4.5]
	at org.springframework.util.function.ThrowingConsumer$1.acceptWithException(ThrowingConsumer.java:82) ~[spring-core-6.2.6.jar:6.2.6]
	at org.springframework.util.function.ThrowingConsumer.accept(ThrowingConsumer.java:60) ~[spring-core-6.2.6.jar:6.2.6]
	at org.springframework.util.function.ThrowingConsumer$1.accept(ThrowingConsumer.java:86) ~[spring-core-6.2.6.jar:6.2.6]
	at org.springframework.boot.SpringApplication.callRunner(SpringApplication.java:797) ~[spring-boot-3.4.5.jar:3.4.5]
	at org.springframework.boot.SpringApplication.callRunner(SpringApplication.java:788) ~[spring-boot-3.4.5.jar:3.4.5]
	at org.springframework.boot.SpringApplication.lambda$callRunners$3(SpringApplication.java:773) [spring-boot-3.4.5.jar:3.4.5]
	at java.base/java.util.stream.ForEachOps$ForEachOp$OfRef.accept(ForEachOps.java:183) ~[?:?]
	at java.base/java.util.stream.SortedOps$SizedRefSortingSink.end(SortedOps.java:357) ~[?:?]
	at java.base/java.util.stream.AbstractPipeline.copyInto(AbstractPipeline.java:510) ~[?:?]
	at java.base/java.util.stream.AbstractPipeline.wrapAndCopyInto(AbstractPipeline.java:499) ~[?:?]
	at java.base/java.util.stream.ForEachOps$ForEachOp.evaluateSequential(ForEachOps.java:150) ~[?:?]
	at java.base/java.util.stream.ForEachOps$ForEachOp$OfRef.evaluateSequential(ForEachOps.java:173) ~[?:?]
	at java.base/java.util.stream.AbstractPipeline.evaluate(AbstractPipeline.java:234) ~[?:?]
	at java.base/java.util.stream.ReferencePipeline.forEach(ReferencePipeline.java:596) ~[?:?]
	at org.springframework.boot.SpringApplication.callRunners(SpringApplication.java:773) [spring-boot-3.4.5.jar:3.4.5]
	at org.springframework.boot.SpringApplication.run(SpringApplication.java:325) [spring-boot-3.4.5.jar:3.4.5]
	at org.springframework.boot.SpringApplication.run(SpringApplication.java:1362) [spring-boot-3.4.5.jar:3.4.5]
	at org.springframework.boot.SpringApplication.run(SpringApplication.java:1351) [spring-boot-3.4.5.jar:3.4.5]
	at com.rookies3.myspringbootlab.MySpringbootLabApplication.main(MySpringbootLabApplication.java:10) [classes/:?]
	at java.base/jdk.internal.reflect.NativeMethodAccessorImpl.invoke0(Native Method) ~[?:?]
	at java.base/jdk.internal.reflect.NativeMethodAccessorImpl.invoke(NativeMethodAccessorImpl.java:77) ~[?:?]
	at java.base/jdk.internal.reflect.DelegatingMethodAccessorImpl.invoke(DelegatingMethodAccessorImpl.java:43) ~[?:?]
	at java.base/java.lang.reflect.Method.invoke(Method.java:568) ~[?:?]
	at org.springframework.boot.devtools.restart.RestartLauncher.run(RestartLauncher.java:50) [spring-boot-devtools-3.4.5.jar:3.4.5]
Caused by: org.hibernate.exception.ConstraintViolationException: could not execute statement [(conn=3613) Column 'author' cannot be null] [insert into publishers (address,author,established_date,name) values (?,?,?,?)]
	at org.hibernate.exception.internal.SQLExceptionTypeDelegate.convert(SQLExceptionTypeDelegate.java:62) ~[hibernate-core-6.6.13.Final.jar:6.6.13.Final]
	at org.hibernate.exception.internal.StandardSQLExceptionConverter.convert(StandardSQLExceptionConverter.java:58) ~[hibernate-core-6.6.13.Final.jar:6.6.13.Final]
	at org.hibernate.engine.jdbc.spi.SqlExceptionHelper.convert(SqlExceptionHelper.java:108) ~[hibernate-core-6.6.13.Final.jar:6.6.13.Final]
	at org.hibernate.engine.jdbc.internal.ResultSetReturnImpl.executeUpdate(ResultSetReturnImpl.java:197) ~[hibernate-core-6.6.13.Final.jar:6.6.13.Final]
	at org.hibernate.id.insert.GetGeneratedKeysDelegate.performMutation(GetGeneratedKeysDelegate.java:116) ~[hibernate-core-6.6.13.Final.jar:6.6.13.Final]
	at org.hibernate.engine.jdbc.mutation.internal.MutationExecutorSingleNonBatched.performNonBatchedOperations(MutationExecutorSingleNonBatched.java:47) ~[hibernate-core-6.6.13.Final.jar:6.6.13.Final]
	at org.hibernate.engine.jdbc.mutation.internal.AbstractMutationExecutor.execute(AbstractMutationExecutor.java:55) ~[hibernate-core-6.6.13.Final.jar:6.6.13.Final]
	at org.hibernate.persister.entity.mutation.InsertCoordinatorStandard.doStaticInserts(InsertCoordinatorStandard.java:194) ~[hibernate-core-6.6.13.Final.jar:6.6.13.Final]
	at org.hibernate.persister.entity.mutation.InsertCoordinatorStandard.coordinateInsert(InsertCoordinatorStandard.java:132) ~[hibernate-core-6.6.13.Final.jar:6.6.13.Final]
	at org.hibernate.persister.entity.mutation.InsertCoordinatorStandard.insert(InsertCoordinatorStandard.java:95) ~[hibernate-core-6.6.13.Final.jar:6.6.13.Final]
	at org.hibernate.action.internal.EntityIdentityInsertAction.execute(EntityIdentityInsertAction.java:85) ~[hibernate-core-6.6.13.Final.jar:6.6.13.Final]
	at org.hibernate.engine.spi.ActionQueue.execute(ActionQueue.java:682) ~[hibernate-core-6.6.13.Final.jar:6.6.13.Final]
	at org.hibernate.engine.spi.ActionQueue.addResolvedEntityInsertAction(ActionQueue.java:293) ~[hibernate-core-6.6.13.Final.jar:6.6.13.Final]
	at org.hibernate.engine.spi.ActionQueue.addInsertAction(ActionQueue.java:274) ~[hibernate-core-6.6.13.Final.jar:6.6.13.Final]
	at org.hibernate.engine.spi.ActionQueue.addAction(ActionQueue.java:324) ~[hibernate-core-6.6.13.Final.jar:6.6.13.Final]
	at org.hibernate.event.internal.AbstractSaveEventListener.addInsertAction(AbstractSaveEventListener.java:393) ~[hibernate-core-6.6.13.Final.jar:6.6.13.Final]
	at org.hibernate.event.internal.AbstractSaveEventListener.performSaveOrReplicate(AbstractSaveEventListener.java:307) ~[hibernate-core-6.6.13.Final.jar:6.6.13.Final]
	at org.hibernate.event.internal.AbstractSaveEventListener.performSave(AbstractSaveEventListener.java:223) ~[hibernate-core-6.6.13.Final.jar:6.6.13.Final]
	at org.hibernate.event.internal.AbstractSaveEventListener.saveWithGeneratedId(AbstractSaveEventListener.java:136) ~[hibernate-core-6.6.13.Final.jar:6.6.13.Final]
	at org.hibernate.event.internal.DefaultPersistEventListener.entityIsTransient(DefaultPersistEventListener.java:177) ~[hibernate-core-6.6.13.Final.jar:6.6.13.Final]
	at org.hibernate.event.internal.DefaultPersistEventListener.persist(DefaultPersistEventListener.java:95) ~[hibernate-core-6.6.13.Final.jar:6.6.13.Final]
	at org.hibernate.event.internal.DefaultPersistEventListener.onPersist(DefaultPersistEventListener.java:79) ~[hibernate-core-6.6.13.Final.jar:6.6.13.Final]
	at org.hibernate.event.internal.DefaultPersistEventListener.onPersist(DefaultPersistEventListener.java:55) ~[hibernate-core-6.6.13.Final.jar:6.6.13.Final]
	at org.hibernate.event.service.internal.EventListenerGroupImpl.fireEventOnEachListener(EventListenerGroupImpl.java:127) ~[hibernate-core-6.6.13.Final.jar:6.6.13.Final]
	at org.hibernate.internal.SessionImpl.firePersist(SessionImpl.java:761) ~[hibernate-core-6.6.13.Final.jar:6.6.13.Final]
	at org.hibernate.internal.SessionImpl.persist(SessionImpl.java:745) ~[hibernate-core-6.6.13.Final.jar:6.6.13.Final]
	at java.base/jdk.internal.reflect.NativeMethodAccessorImpl.invoke0(Native Method) ~[?:?]
	at java.base/jdk.internal.reflect.NativeMethodAccessorImpl.invoke(NativeMethodAccessorImpl.java:77) ~[?:?]
	at java.base/jdk.internal.reflect.DelegatingMethodAccessorImpl.invoke(DelegatingMethodAccessorImpl.java:43) ~[?:?]
	at java.base/java.lang.reflect.Method.invoke(Method.java:568) ~[?:?]
	at org.springframework.orm.jpa.SharedEntityManagerCreator$SharedEntityManagerInvocationHandler.invoke(SharedEntityManagerCreator.java:320) ~[spring-orm-6.2.6.jar:6.2.6]
	at jdk.proxy4/jdk.proxy4.$Proxy161.persist(Unknown Source) ~[?:?]
	at org.springframework.data.jpa.repository.support.SimpleJpaRepository.save(SimpleJpaRepository.java:636) ~[spring-data-jpa-3.4.5.jar:3.4.5]
	at org.springframework.data.jpa.repository.support.SimpleJpaRepository.saveAll(SimpleJpaRepository.java:662) ~[spring-data-jpa-3.4.5.jar:3.4.5]
	at java.base/jdk.internal.reflect.NativeMethodAccessorImpl.invoke0(Native Method) ~[?:?]
	at java.base/jdk.internal.reflect.NativeMethodAccessorImpl.invoke(NativeMethodAccessorImpl.java:77) ~[?:?]
	at java.base/jdk.internal.reflect.DelegatingMethodAccessorImpl.invoke(DelegatingMethodAccessorImpl.java:43) ~[?:?]
	at java.base/java.lang.reflect.Method.invoke(Method.java:568) ~[?:?]
	at org.springframework.aop.support.AopUtils.invokeJoinpointUsingReflection(AopUtils.java:359) ~[spring-aop-6.2.6.jar:6.2.6]
	at org.springframework.data.repository.core.support.RepositoryMethodInvoker$RepositoryFragmentMethodInvoker.lambda$new$0(RepositoryMethodInvoker.java:277) ~[spring-data-commons-3.4.5.jar:3.4.5]
	at org.springframework.data.repository.core.support.RepositoryMethodInvoker.doInvoke(RepositoryMethodInvoker.java:170) ~[spring-data-commons-3.4.5.jar:3.4.5]
	at org.springframework.data.repository.core.support.RepositoryMethodInvoker.invoke(RepositoryMethodInvoker.java:158) ~[spring-data-commons-3.4.5.jar:3.4.5]
	at org.springframework.data.repository.core.support.RepositoryComposition$RepositoryFragments.invoke(RepositoryComposition.java:515) ~[spring-data-commons-3.4.5.jar:3.4.5]
	at org.springframework.data.repository.core.support.RepositoryComposition.invoke(RepositoryComposition.java:284) ~[spring-data-commons-3.4.5.jar:3.4.5]
	at org.springframework.data.repository.core.support.RepositoryFactorySupport$ImplementationMethodExecutionInterceptor.invoke(RepositoryFactorySupport.java:731) ~[spring-data-commons-3.4.5.jar:3.4.5]
	at org.springframework.aop.framework.ReflectiveMethodInvocation.proceed(ReflectiveMethodInvocation.java:184) ~[spring-aop-6.2.6.jar:6.2.6]
	at org.springframework.data.repository.core.support.QueryExecutorMethodInterceptor.doInvoke(QueryExecutorMethodInterceptor.java:174) ~[spring-data-commons-3.4.5.jar:3.4.5]
	at org.springframework.data.repository.core.support.QueryExecutorMethodInterceptor.invoke(QueryExecutorMethodInterceptor.java:149) ~[spring-data-commons-3.4.5.jar:3.4.5]
	at org.springframework.aop.framework.ReflectiveMethodInvocation.proceed(ReflectiveMethodInvocation.java:184) ~[spring-aop-6.2.6.jar:6.2.6]
	at org.springframework.data.projection.DefaultMethodInvokingMethodInterceptor.invoke(DefaultMethodInvokingMethodInterceptor.java:69) ~[spring-data-commons-3.4.5.jar:3.4.5]
	at org.springframework.aop.framework.ReflectiveMethodInvocation.proceed(ReflectiveMethodInvocation.java:184) ~[spring-aop-6.2.6.jar:6.2.6]
	at org.springframework.transaction.interceptor.TransactionAspectSupport.invokeWithinTransaction(TransactionAspectSupport.java:380) ~[spring-tx-6.2.6.jar:6.2.6]
	at org.springframework.transaction.interceptor.TransactionInterceptor.invoke(TransactionInterceptor.java:119) ~[spring-tx-6.2.6.jar:6.2.6]
	at org.springframework.aop.framework.ReflectiveMethodInvocation.proceed(ReflectiveMethodInvocation.java:184) ~[spring-aop-6.2.6.jar:6.2.6]
	at org.springframework.dao.support.PersistenceExceptionTranslationInterceptor.invoke(PersistenceExceptionTranslationInterceptor.java:138) ~[spring-tx-6.2.6.jar:6.2.6]
	... 44 more
Caused by: java.sql.SQLIntegrityConstraintViolationException: (conn=3613) Column 'author' cannot be null
	at org.mariadb.jdbc.export.ExceptionFactory.createException(ExceptionFactory.java:297) ~[mariadb-java-client-3.4.2.jar:?]
	at org.mariadb.jdbc.export.ExceptionFactory.create(ExceptionFactory.java:378) ~[mariadb-java-client-3.4.2.jar:?]
	at org.mariadb.jdbc.message.ClientMessage.readPacket(ClientMessage.java:189) ~[mariadb-java-client-3.4.2.jar:?]
	at org.mariadb.jdbc.client.impl.StandardClient.readPacket(StandardClient.java:1235) ~[mariadb-java-client-3.4.2.jar:?]
	at org.mariadb.jdbc.client.impl.StandardClient.readResults(StandardClient.java:1174) ~[mariadb-java-client-3.4.2.jar:?]
	at org.mariadb.jdbc.client.impl.StandardClient.readResponse(StandardClient.java:1093) ~[mariadb-java-client-3.4.2.jar:?]
	at org.mariadb.jdbc.client.impl.StandardClient.execute(StandardClient.java:1017) ~[mariadb-java-client-3.4.2.jar:?]
	at org.mariadb.jdbc.ClientPreparedStatement.executeInternal(ClientPreparedStatement.java:101) ~[mariadb-java-client-3.4.2.jar:?]
	at org.mariadb.jdbc.ClientPreparedStatement.executeLargeUpdate(ClientPreparedStatement.java:314) ~[mariadb-java-client-3.4.2.jar:?]
	at org.mariadb.jdbc.ClientPreparedStatement.executeUpdate(ClientPreparedStatement.java:291) ~[mariadb-java-client-3.4.2.jar:?]
	at com.zaxxer.hikari.pool.ProxyPreparedStatement.executeUpdate(ProxyPreparedStatement.java:61) ~[HikariCP-5.1.0.jar:?]
	at com.zaxxer.hikari.pool.HikariProxyPreparedStatement.executeUpdate(HikariProxyPreparedStatement.java) ~[HikariCP-5.1.0.jar:?]
	at org.hibernate.engine.jdbc.internal.ResultSetReturnImpl.executeUpdate(ResultSetReturnImpl.java:194) ~[hibernate-core-6.6.13.Final.jar:6.6.13.Final]
	at org.hibernate.id.insert.GetGeneratedKeysDelegate.performMutation(GetGeneratedKeysDelegate.java:116) ~[hibernate-core-6.6.13.Final.jar:6.6.13.Final]
	at org.hibernate.engine.jdbc.mutation.internal.MutationExecutorSingleNonBatched.performNonBatchedOperations(MutationExecutorSingleNonBatched.java:47) ~[hibernate-core-6.6.13.Final.jar:6.6.13.Final]
	at org.hibernate.engine.jdbc.mutation.internal.AbstractMutationExecutor.execute(AbstractMutationExecutor.java:55) ~[hibernate-core-6.6.13.Final.jar:6.6.13.Final]
	at org.hibernate.persister.entity.mutation.InsertCoordinatorStandard.doStaticInserts(InsertCoordinatorStandard.java:194) ~[hibernate-core-6.6.13.Final.jar:6.6.13.Final]
	at org.hibernate.persister.entity.mutation.InsertCoordinatorStandard.coordinateInsert(InsertCoordinatorStandard.java:132) ~[hibernate-core-6.6.13.Final.jar:6.6.13.Final]
	at org.hibernate.persister.entity.mutation.InsertCoordinatorStandard.insert(InsertCoordinatorStandard.java:95) ~[hibernate-core-6.6.13.Final.jar:6.6.13.Final]
	at org.hibernate.action.internal.EntityIdentityInsertAction.execute(EntityIdentityInsertAction.java:85) ~[hibernate-core-6.6.13.Final.jar:6.6.13.Final]
	at org.hibernate.engine.spi.ActionQueue.execute(ActionQueue.java:682) ~[hibernate-core-6.6.13.Final.jar:6.6.13.Final]
	at org.hibernate.engine.spi.ActionQueue.addResolvedEntityInsertAction(ActionQueue.java:293) ~[hibernate-core-6.6.13.Final.jar:6.6.13.Final]
	at org.hibernate.engine.spi.ActionQueue.addInsertAction(ActionQueue.java:274) ~[hibernate-core-6.6.13.Final.jar:6.6.13.Final]
	at org.hibernate.engine.spi.ActionQueue.addAction(ActionQueue.java:324) ~[hibernate-core-6.6.13.Final.jar:6.6.13.Final]
	at org.hibernate.event.internal.AbstractSaveEventListener.addInsertAction(AbstractSaveEventListener.java:393) ~[hibernate-core-6.6.13.Final.jar:6.6.13.Final]
	at org.hibernate.event.internal.AbstractSaveEventListener.performSaveOrReplicate(AbstractSaveEventListener.java:307) ~[hibernate-core-6.6.13.Final.jar:6.6.13.Final]
	at org.hibernate.event.internal.AbstractSaveEventListener.performSave(AbstractSaveEventListener.java:223) ~[hibernate-core-6.6.13.Final.jar:6.6.13.Final]
	at org.hibernate.event.internal.AbstractSaveEventListener.saveWithGeneratedId(AbstractSaveEventListener.java:136) ~[hibernate-core-6.6.13.Final.jar:6.6.13.Final]
	at org.hibernate.event.internal.DefaultPersistEventListener.entityIsTransient(DefaultPersistEventListener.java:177) ~[hibernate-core-6.6.13.Final.jar:6.6.13.Final]
	at org.hibernate.event.internal.DefaultPersistEventListener.persist(DefaultPersistEventListener.java:95) ~[hibernate-core-6.6.13.Final.jar:6.6.13.Final]
	at org.hibernate.event.internal.DefaultPersistEventListener.onPersist(DefaultPersistEventListener.java:79) ~[hibernate-core-6.6.13.Final.jar:6.6.13.Final]
	at org.hibernate.event.internal.DefaultPersistEventListener.onPersist(DefaultPersistEventListener.java:55) ~[hibernate-core-6.6.13.Final.jar:6.6.13.Final]
	at org.hibernate.event.service.internal.EventListenerGroupImpl.fireEventOnEachListener(EventListenerGroupImpl.java:127) ~[hibernate-core-6.6.13.Final.jar:6.6.13.Final]
	at org.hibernate.internal.SessionImpl.firePersist(SessionImpl.java:761) ~[hibernate-core-6.6.13.Final.jar:6.6.13.Final]
	at org.hibernate.internal.SessionImpl.persist(SessionImpl.java:745) ~[hibernate-core-6.6.13.Final.jar:6.6.13.Final]
	at java.base/jdk.internal.reflect.NativeMethodAccessorImpl.invoke0(Native Method) ~[?:?]
	at java.base/jdk.internal.reflect.NativeMethodAccessorImpl.invoke(NativeMethodAccessorImpl.java:77) ~[?:?]
	at java.base/jdk.internal.reflect.DelegatingMethodAccessorImpl.invoke(DelegatingMethodAccessorImpl.java:43) ~[?:?]
	at java.base/java.lang.reflect.Method.invoke(Method.java:568) ~[?:?]
	at org.springframework.orm.jpa.SharedEntityManagerCreator$SharedEntityManagerInvocationHandler.invoke(SharedEntityManagerCreator.java:320) ~[spring-orm-6.2.6.jar:6.2.6]
	at jdk.proxy4/jdk.proxy4.$Proxy161.persist(Unknown Source) ~[?:?]
	at org.springframework.data.jpa.repository.support.SimpleJpaRepository.save(SimpleJpaRepository.java:636) ~[spring-data-jpa-3.4.5.jar:3.4.5]
	at org.springframework.data.jpa.repository.support.SimpleJpaRepository.saveAll(SimpleJpaRepository.java:662) ~[spring-data-jpa-3.4.5.jar:3.4.5]
	at java.base/jdk.internal.reflect.NativeMethodAccessorImpl.invoke0(Native Method) ~[?:?]
	at java.base/jdk.internal.reflect.NativeMethodAccessorImpl.invoke(NativeMethodAccessorImpl.java:77) ~[?:?]
	at java.base/jdk.internal.reflect.DelegatingMethodAccessorImpl.invoke(DelegatingMethodAccessorImpl.java:43) ~[?:?]
	at java.base/java.lang.reflect.Method.invoke(Method.java:568) ~[?:?]
	at org.springframework.aop.support.AopUtils.invokeJoinpointUsingReflection(AopUtils.java:359) ~[spring-aop-6.2.6.jar:6.2.6]
	at org.springframework.data.repository.core.support.RepositoryMethodInvoker$RepositoryFragmentMethodInvoker.lambda$new$0(RepositoryMethodInvoker.java:277) ~[spring-data-commons-3.4.5.jar:3.4.5]
	at org.springframework.data.repository.core.support.RepositoryMethodInvoker.doInvoke(RepositoryMethodInvoker.java:170) ~[spring-data-commons-3.4.5.jar:3.4.5]
	at org.springframework.data.repository.core.support.RepositoryMethodInvoker.invoke(RepositoryMethodInvoker.java:158) ~[spring-data-commons-3.4.5.jar:3.4.5]
	at org.springframework.data.repository.core.support.RepositoryComposition$RepositoryFragments.invoke(RepositoryComposition.java:515) ~[spring-data-commons-3.4.5.jar:3.4.5]
	at org.springframework.data.repository.core.support.RepositoryComposition.invoke(RepositoryComposition.java:284) ~[spring-data-commons-3.4.5.jar:3.4.5]
	at org.springframework.data.repository.core.support.RepositoryFactorySupport$ImplementationMethodExecutionInterceptor.invoke(RepositoryFactorySupport.java:731) ~[spring-data-commons-3.4.5.jar:3.4.5]
	at org.springframework.aop.framework.ReflectiveMethodInvocation.proceed(ReflectiveMethodInvocation.java:184) ~[spring-aop-6.2.6.jar:6.2.6]
	at org.springframework.data.repository.core.support.QueryExecutorMethodInterceptor.doInvoke(QueryExecutorMethodInterceptor.java:174) ~[spring-data-commons-3.4.5.jar:3.4.5]
	at org.springframework.data.repository.core.support.QueryExecutorMethodInterceptor.invoke(QueryExecutorMethodInterceptor.java:149) ~[spring-data-commons-3.4.5.jar:3.4.5]
	at org.springframework.aop.framework.ReflectiveMethodInvocation.proceed(ReflectiveMethodInvocation.java:184) ~[spring-aop-6.2.6.jar:6.2.6]
	at org.springframework.data.projection.DefaultMethodInvokingMethodInterceptor.invoke(DefaultMethodInvokingMethodInterceptor.java:69) ~[spring-data-commons-3.4.5.jar:3.4.5]
	at org.springframework.aop.framework.ReflectiveMethodInvocation.proceed(ReflectiveMethodInvocation.java:184) ~[spring-aop-6.2.6.jar:6.2.6]
	at org.springframework.transaction.interceptor.TransactionAspectSupport.invokeWithinTransaction(TransactionAspectSupport.java:380) ~[spring-tx-6.2.6.jar:6.2.6]
	at org.springframework.transaction.interceptor.TransactionInterceptor.invoke(TransactionInterceptor.java:119) ~[spring-tx-6.2.6.jar:6.2.6]
	at org.springframework.aop.framework.ReflectiveMethodInvocation.proceed(ReflectiveMethodInvocation.java:184) ~[spring-aop-6.2.6.jar:6.2.6]
	at org.springframework.dao.support.PersistenceExceptionTranslationInterceptor.invoke(PersistenceExceptionTranslationInterceptor.java:138) ~[spring-tx-6.2.6.jar:6.2.6]
	... 44 more

2025-05-21T22:03:45.491+09:00  INFO 40340 --- [MySpringbootLab] [restartedMain] o.s.b.w.e.t.GracefulShutdown             : Commencing graceful shutdown. Waiting for active requests to complete
2025-05-21T22:03:45.712+09:00  INFO 40340 --- [MySpringbootLab] [tomcat-shutdown] o.s.b.w.e.t.GracefulShutdown             : Graceful shutdown complete
2025-05-21T22:03:45.717+09:00  INFO 40340 --- [MySpringbootLab] [restartedMain] j.LocalContainerEntityManagerFactoryBean : Closing JPA EntityManagerFactory for persistence unit 'default'
2025-05-21T22:03:45.720+09:00  INFO 40340 --- [MySpringbootLab] [restartedMain] c.z.h.HikariDataSource                   : HikariPool-1 - Shutdown initiated...
2025-05-21T22:03:45.723+09:00  INFO 40340 --- [MySpringbootLab] [restartedMain] c.z.h.HikariDataSource                   : HikariPool-1 - Shutdown completed.
2025-05-21T22:05:31.321+09:00  INFO 43272 --- [MySpringbootLab] [restartedMain] c.r.m.MySpringbootLabApplication         : Starting MySpringbootLabApplication using Java 17.0.2 with PID 43272 (C:\mybackend\MySpringbootLab\MySpringbootLab\target\classes started by pshcc in C:\mybackend\MySpringbootLab)
2025-05-21T22:05:31.325+09:00 DEBUG 43272 --- [MySpringbootLab] [restartedMain] c.r.m.MySpringbootLabApplication         : Running with Spring Boot v3.4.5, Spring v6.2.6
2025-05-21T22:05:31.326+09:00  INFO 43272 --- [MySpringbootLab] [restartedMain] c.r.m.MySpringbootLabApplication         : The following 1 profile is active: "test"
2025-05-21T22:05:31.363+09:00  INFO 43272 --- [MySpringbootLab] [restartedMain] .e.DevToolsPropertyDefaultsPostProcessor : Devtools property defaults active! Set 'spring.devtools.add-properties' to 'false' to disable
2025-05-21T22:05:31.364+09:00  INFO 43272 --- [MySpringbootLab] [restartedMain] .e.DevToolsPropertyDefaultsPostProcessor : For additional web related logging consider setting the 'logging.level.web' property to 'DEBUG'
2025-05-21T22:05:32.333+09:00  INFO 43272 --- [MySpringbootLab] [restartedMain] .s.d.r.c.RepositoryConfigurationDelegate : Bootstrapping Spring Data JPA repositories in DEFAULT mode.
2025-05-21T22:05:32.400+09:00  INFO 43272 --- [MySpringbootLab] [restartedMain] .s.d.r.c.RepositoryConfigurationDelegate : Finished Spring Data repository scanning in 58 ms. Found 3 JPA repository interfaces.
2025-05-21T22:05:33.315+09:00  INFO 43272 --- [MySpringbootLab] [restartedMain] o.s.b.w.e.t.TomcatWebServer              : Tomcat initialized with port 8080 (http)
2025-05-21T22:05:33.331+09:00  INFO 43272 --- [MySpringbootLab] [restartedMain] o.a.c.c.StandardService                  : Starting service [Tomcat]
2025-05-21T22:05:33.333+09:00  INFO 43272 --- [MySpringbootLab] [restartedMain] o.a.c.c.StandardEngine                   : Starting Servlet engine: [Apache Tomcat/10.1.40]
2025-05-21T22:05:33.399+09:00  INFO 43272 --- [MySpringbootLab] [restartedMain] o.a.c.c.C.[.[.[/]                        : Initializing Spring embedded WebApplicationContext
2025-05-21T22:05:33.400+09:00  INFO 43272 --- [MySpringbootLab] [restartedMain] w.s.c.ServletWebServerApplicationContext : Root WebApplicationContext: initialization completed in 2035 ms
2025-05-21T22:05:33.758+09:00  INFO 43272 --- [MySpringbootLab] [restartedMain] o.h.j.i.u.LogHelper                      : HHH000204: Processing PersistenceUnitInfo [name: default]
2025-05-21T22:05:33.815+09:00  INFO 43272 --- [MySpringbootLab] [restartedMain] o.h.Version                              : HHH000412: Hibernate ORM core version 6.6.13.Final
2025-05-21T22:05:33.856+09:00  INFO 43272 --- [MySpringbootLab] [restartedMain] o.h.c.i.RegionFactoryInitiator           : HHH000026: Second-level cache disabled
2025-05-21T22:05:34.126+09:00  INFO 43272 --- [MySpringbootLab] [restartedMain] o.s.o.j.p.SpringPersistenceUnitInfo      : No LoadTimeWeaver setup: ignoring JPA class transformer
2025-05-21T22:05:34.159+09:00  INFO 43272 --- [MySpringbootLab] [restartedMain] c.z.h.HikariDataSource                   : HikariPool-1 - Starting...
2025-05-21T22:05:34.235+09:00  INFO 43272 --- [MySpringbootLab] [restartedMain] c.z.h.p.HikariPool                       : HikariPool-1 - Added connection org.mariadb.jdbc.Connection@3d8d54de
2025-05-21T22:05:34.237+09:00  INFO 43272 --- [MySpringbootLab] [restartedMain] c.z.h.HikariDataSource                   : HikariPool-1 - Start completed.
2025-05-21T22:05:34.262+09:00  WARN 43272 --- [MySpringbootLab] [restartedMain] o.h.o.deprecation                        : HHH90000025: MariaDBDialect does not need to be specified explicitly using 'hibernate.dialect' (remove the property setting and it will be selected by default)
2025-05-21T22:05:34.281+09:00  INFO 43272 --- [MySpringbootLab] [restartedMain] o.h.o.c.pooling                          : HHH10001005: Database info:
	Database JDBC URL [Connecting through datasource 'HikariDataSource (HikariPool-1)']
	Database driver: undefined/unknown
	Database version: 10.11.5
	Autocommit mode: undefined/unknown
	Isolation level: undefined/unknown
	Minimum pool size: undefined/unknown
	Maximum pool size: undefined/unknown
2025-05-21T22:05:35.158+09:00  INFO 43272 --- [MySpringbootLab] [restartedMain] o.h.e.t.j.p.i.JtaPlatformInitiator       : HHH000489: No JTA platform available (set 'hibernate.transaction.jta.platform' to enable JTA platform integration)
2025-05-21T22:05:35.449+09:00  INFO 43272 --- [MySpringbootLab] [restartedMain] j.LocalContainerEntityManagerFactoryBean : Initialized JPA EntityManagerFactory for persistence unit 'default'
2025-05-21T22:05:35.726+09:00  INFO 43272 --- [MySpringbootLab] [restartedMain] o.s.d.j.r.q.QueryEnhancerFactory         : Hibernate is in classpath; If applicable, HQL parser will be used.
2025-05-21T22:05:36.306+09:00  WARN 43272 --- [MySpringbootLab] [restartedMain] JpaBaseConfiguration$JpaWebConfiguration : spring.jpa.open-in-view is enabled by default. Therefore, database queries may be performed during view rendering. Explicitly configure spring.jpa.open-in-view to disable this warning
2025-05-21T22:05:36.673+09:00  WARN 43272 --- [MySpringbootLab] [restartedMain] ion$DefaultTemplateResolverConfiguration : Cannot find template location: classpath:/templates/ (please add some templates, check your Thymeleaf configuration, or set spring.thymeleaf.check-template-location=false)
2025-05-21T22:05:36.978+09:00  INFO 43272 --- [MySpringbootLab] [restartedMain] o.s.b.a.h.H2ConsoleAutoConfiguration     : H2 console available at '/h2-console'. Database available at 'jdbc:mariadb://127.0.0.1/boot_db?user=boot&password=***'
2025-05-21T22:05:37.077+09:00  INFO 43272 --- [MySpringbootLab] [restartedMain] o.s.b.d.a.OptionalLiveReloadServer       : LiveReload server is running on port 35729
2025-05-21T22:05:37.089+09:00  INFO 43272 --- [MySpringbootLab] [restartedMain] o.s.b.a.e.w.EndpointLinksResolver        : Exposing 1 endpoint beneath base path '/actuator'
2025-05-21T22:05:37.175+09:00  INFO 43272 --- [MySpringbootLab] [restartedMain] o.s.b.w.e.t.TomcatWebServer              : Tomcat started on port 8080 (http) with context path '/'
2025-05-21T22:05:37.189+09:00  INFO 43272 --- [MySpringbootLab] [restartedMain] c.r.m.MySpringbootLabApplication         : Started MySpringbootLabApplication in 6.311 seconds (process running for 7.054)
2025-05-21T22:05:37.230+09:00  INFO 43272 --- [MySpringbootLab] [restartedMain] c.r.m.r.BookDataInitRunner               : Starting book data initialization...
2025-05-21T22:05:37.313+09:00  INFO 43272 --- [MySpringbootLab] [restartedMain] c.r.m.r.BookDataInitRunner               : Creating publishers...
2025-05-21T22:05:37.343+09:00  WARN 43272 --- [MySpringbootLab] [restartedMain] o.m.j.m.s.ErrorPacket                    : Error: 1048-23000: Column 'author' cannot be null
2025-05-21T22:05:37.344+09:00  WARN 43272 --- [MySpringbootLab] [restartedMain] o.h.e.j.s.SqlExceptionHelper             : SQL Error: 1048, SQLState: 23000
2025-05-21T22:05:37.344+09:00 ERROR 43272 --- [MySpringbootLab] [restartedMain] o.h.e.j.s.SqlExceptionHelper             : (conn=3623) Column 'author' cannot be null
2025-05-21T22:05:37.354+09:00  INFO 43272 --- [MySpringbootLab] [restartedMain] .s.b.a.l.ConditionEvaluationReportLogger : 

Error starting ApplicationContext. To display the condition evaluation report re-run your application with 'debug' enabled.
2025-05-21T22:05:37.372+09:00 ERROR 43272 --- [MySpringbootLab] [restartedMain] o.s.b.SpringApplication                  : Application run failed

org.springframework.dao.DataIntegrityViolationException: could not execute statement [(conn=3623) Column 'author' cannot be null] [insert into publishers (address,author,established_date,name) values (?,?,?,?)]; SQL [insert into publishers (address,author,established_date,name) values (?,?,?,?)]; constraint [null]
	at org.springframework.orm.jpa.vendor.HibernateJpaDialect.convertHibernateAccessException(HibernateJpaDialect.java:294) ~[spring-orm-6.2.6.jar:6.2.6]
	at org.springframework.orm.jpa.vendor.HibernateJpaDialect.convertHibernateAccessException(HibernateJpaDialect.java:256) ~[spring-orm-6.2.6.jar:6.2.6]
	at org.springframework.orm.jpa.vendor.HibernateJpaDialect.translateExceptionIfPossible(HibernateJpaDialect.java:241) ~[spring-orm-6.2.6.jar:6.2.6]
	at org.springframework.orm.jpa.AbstractEntityManagerFactoryBean.translateExceptionIfPossible(AbstractEntityManagerFactoryBean.java:560) ~[spring-orm-6.2.6.jar:6.2.6]
	at org.springframework.dao.support.ChainedPersistenceExceptionTranslator.translateExceptionIfPossible(ChainedPersistenceExceptionTranslator.java:61) ~[spring-tx-6.2.6.jar:6.2.6]
	at org.springframework.dao.support.DataAccessUtils.translateIfNecessary(DataAccessUtils.java:343) ~[spring-tx-6.2.6.jar:6.2.6]
	at org.springframework.dao.support.PersistenceExceptionTranslationInterceptor.invoke(PersistenceExceptionTranslationInterceptor.java:160) ~[spring-tx-6.2.6.jar:6.2.6]
	at org.springframework.aop.framework.ReflectiveMethodInvocation.proceed(ReflectiveMethodInvocation.java:184) ~[spring-aop-6.2.6.jar:6.2.6]
	at org.springframework.data.jpa.repository.support.CrudMethodMetadataPostProcessor$CrudMethodMetadataPopulatingMethodInterceptor.invoke(CrudMethodMetadataPostProcessor.java:165) ~[spring-data-jpa-3.4.5.jar:3.4.5]
	at org.springframework.aop.framework.ReflectiveMethodInvocation.proceed(ReflectiveMethodInvocation.java:184) ~[spring-aop-6.2.6.jar:6.2.6]
	at org.springframework.aop.framework.JdkDynamicAopProxy.invoke(JdkDynamicAopProxy.java:223) ~[spring-aop-6.2.6.jar:6.2.6]
	at jdk.proxy4/jdk.proxy4.$Proxy169.saveAll(Unknown Source) ~[?:?]
	at com.rookies3.myspringbootlab.runner.BookDataInitRunner.createPublishers(BookDataInitRunner.java:74) ~[classes/:?]
	at com.rookies3.myspringbootlab.runner.BookDataInitRunner.run(BookDataInitRunner.java:39) ~[classes/:?]
	at java.base/jdk.internal.reflect.NativeMethodAccessorImpl.invoke0(Native Method) ~[?:?]
	at java.base/jdk.internal.reflect.NativeMethodAccessorImpl.invoke(NativeMethodAccessorImpl.java:77) ~[?:?]
	at java.base/jdk.internal.reflect.DelegatingMethodAccessorImpl.invoke(DelegatingMethodAccessorImpl.java:43) ~[?:?]
	at java.base/java.lang.reflect.Method.invoke(Method.java:568) ~[?:?]
	at org.springframework.aop.support.AopUtils.invokeJoinpointUsingReflection(AopUtils.java:359) ~[spring-aop-6.2.6.jar:6.2.6]
	at org.springframework.aop.framework.ReflectiveMethodInvocation.invokeJoinpoint(ReflectiveMethodInvocation.java:196) ~[spring-aop-6.2.6.jar:6.2.6]
	at org.springframework.aop.framework.ReflectiveMethodInvocation.proceed(ReflectiveMethodInvocation.java:163) ~[spring-aop-6.2.6.jar:6.2.6]
	at org.springframework.transaction.interceptor.TransactionAspectSupport.invokeWithinTransaction(TransactionAspectSupport.java:380) ~[spring-tx-6.2.6.jar:6.2.6]
	at org.springframework.transaction.interceptor.TransactionInterceptor.invoke(TransactionInterceptor.java:119) ~[spring-tx-6.2.6.jar:6.2.6]
	at org.springframework.aop.framework.ReflectiveMethodInvocation.proceed(ReflectiveMethodInvocation.java:184) ~[spring-aop-6.2.6.jar:6.2.6]
	at org.springframework.aop.framework.CglibAopProxy$DynamicAdvisedInterceptor.intercept(CglibAopProxy.java:728) ~[spring-aop-6.2.6.jar:6.2.6]
	at com.rookies3.myspringbootlab.runner.BookDataInitRunner$$SpringCGLIB$$0.run(<generated>) ~[classes/:?]
	at org.springframework.boot.SpringApplication.lambda$callRunner$5(SpringApplication.java:789) ~[spring-boot-3.4.5.jar:3.4.5]
	at org.springframework.util.function.ThrowingConsumer$1.acceptWithException(ThrowingConsumer.java:82) ~[spring-core-6.2.6.jar:6.2.6]
	at org.springframework.util.function.ThrowingConsumer.accept(ThrowingConsumer.java:60) ~[spring-core-6.2.6.jar:6.2.6]
	at org.springframework.util.function.ThrowingConsumer$1.accept(ThrowingConsumer.java:86) ~[spring-core-6.2.6.jar:6.2.6]
	at org.springframework.boot.SpringApplication.callRunner(SpringApplication.java:797) ~[spring-boot-3.4.5.jar:3.4.5]
	at org.springframework.boot.SpringApplication.callRunner(SpringApplication.java:788) ~[spring-boot-3.4.5.jar:3.4.5]
	at org.springframework.boot.SpringApplication.lambda$callRunners$3(SpringApplication.java:773) [spring-boot-3.4.5.jar:3.4.5]
	at java.base/java.util.stream.ForEachOps$ForEachOp$OfRef.accept(ForEachOps.java:183) ~[?:?]
	at java.base/java.util.stream.SortedOps$SizedRefSortingSink.end(SortedOps.java:357) ~[?:?]
	at java.base/java.util.stream.AbstractPipeline.copyInto(AbstractPipeline.java:510) ~[?:?]
	at java.base/java.util.stream.AbstractPipeline.wrapAndCopyInto(AbstractPipeline.java:499) ~[?:?]
	at java.base/java.util.stream.ForEachOps$ForEachOp.evaluateSequential(ForEachOps.java:150) ~[?:?]
	at java.base/java.util.stream.ForEachOps$ForEachOp$OfRef.evaluateSequential(ForEachOps.java:173) ~[?:?]
	at java.base/java.util.stream.AbstractPipeline.evaluate(AbstractPipeline.java:234) ~[?:?]
	at java.base/java.util.stream.ReferencePipeline.forEach(ReferencePipeline.java:596) ~[?:?]
	at org.springframework.boot.SpringApplication.callRunners(SpringApplication.java:773) [spring-boot-3.4.5.jar:3.4.5]
	at org.springframework.boot.SpringApplication.run(SpringApplication.java:325) [spring-boot-3.4.5.jar:3.4.5]
	at org.springframework.boot.SpringApplication.run(SpringApplication.java:1362) [spring-boot-3.4.5.jar:3.4.5]
	at org.springframework.boot.SpringApplication.run(SpringApplication.java:1351) [spring-boot-3.4.5.jar:3.4.5]
	at com.rookies3.myspringbootlab.MySpringbootLabApplication.main(MySpringbootLabApplication.java:10) [classes/:?]
	at java.base/jdk.internal.reflect.NativeMethodAccessorImpl.invoke0(Native Method) ~[?:?]
	at java.base/jdk.internal.reflect.NativeMethodAccessorImpl.invoke(NativeMethodAccessorImpl.java:77) ~[?:?]
	at java.base/jdk.internal.reflect.DelegatingMethodAccessorImpl.invoke(DelegatingMethodAccessorImpl.java:43) ~[?:?]
	at java.base/java.lang.reflect.Method.invoke(Method.java:568) ~[?:?]
	at org.springframework.boot.devtools.restart.RestartLauncher.run(RestartLauncher.java:50) [spring-boot-devtools-3.4.5.jar:3.4.5]
Caused by: org.hibernate.exception.ConstraintViolationException: could not execute statement [(conn=3623) Column 'author' cannot be null] [insert into publishers (address,author,established_date,name) values (?,?,?,?)]
	at org.hibernate.exception.internal.SQLExceptionTypeDelegate.convert(SQLExceptionTypeDelegate.java:62) ~[hibernate-core-6.6.13.Final.jar:6.6.13.Final]
	at org.hibernate.exception.internal.StandardSQLExceptionConverter.convert(StandardSQLExceptionConverter.java:58) ~[hibernate-core-6.6.13.Final.jar:6.6.13.Final]
	at org.hibernate.engine.jdbc.spi.SqlExceptionHelper.convert(SqlExceptionHelper.java:108) ~[hibernate-core-6.6.13.Final.jar:6.6.13.Final]
	at org.hibernate.engine.jdbc.internal.ResultSetReturnImpl.executeUpdate(ResultSetReturnImpl.java:197) ~[hibernate-core-6.6.13.Final.jar:6.6.13.Final]
	at org.hibernate.id.insert.GetGeneratedKeysDelegate.performMutation(GetGeneratedKeysDelegate.java:116) ~[hibernate-core-6.6.13.Final.jar:6.6.13.Final]
	at org.hibernate.engine.jdbc.mutation.internal.MutationExecutorSingleNonBatched.performNonBatchedOperations(MutationExecutorSingleNonBatched.java:47) ~[hibernate-core-6.6.13.Final.jar:6.6.13.Final]
	at org.hibernate.engine.jdbc.mutation.internal.AbstractMutationExecutor.execute(AbstractMutationExecutor.java:55) ~[hibernate-core-6.6.13.Final.jar:6.6.13.Final]
	at org.hibernate.persister.entity.mutation.InsertCoordinatorStandard.doStaticInserts(InsertCoordinatorStandard.java:194) ~[hibernate-core-6.6.13.Final.jar:6.6.13.Final]
	at org.hibernate.persister.entity.mutation.InsertCoordinatorStandard.coordinateInsert(InsertCoordinatorStandard.java:132) ~[hibernate-core-6.6.13.Final.jar:6.6.13.Final]
	at org.hibernate.persister.entity.mutation.InsertCoordinatorStandard.insert(InsertCoordinatorStandard.java:95) ~[hibernate-core-6.6.13.Final.jar:6.6.13.Final]
	at org.hibernate.action.internal.EntityIdentityInsertAction.execute(EntityIdentityInsertAction.java:85) ~[hibernate-core-6.6.13.Final.jar:6.6.13.Final]
	at org.hibernate.engine.spi.ActionQueue.execute(ActionQueue.java:682) ~[hibernate-core-6.6.13.Final.jar:6.6.13.Final]
	at org.hibernate.engine.spi.ActionQueue.addResolvedEntityInsertAction(ActionQueue.java:293) ~[hibernate-core-6.6.13.Final.jar:6.6.13.Final]
	at org.hibernate.engine.spi.ActionQueue.addInsertAction(ActionQueue.java:274) ~[hibernate-core-6.6.13.Final.jar:6.6.13.Final]
	at org.hibernate.engine.spi.ActionQueue.addAction(ActionQueue.java:324) ~[hibernate-core-6.6.13.Final.jar:6.6.13.Final]
	at org.hibernate.event.internal.AbstractSaveEventListener.addInsertAction(AbstractSaveEventListener.java:393) ~[hibernate-core-6.6.13.Final.jar:6.6.13.Final]
	at org.hibernate.event.internal.AbstractSaveEventListener.performSaveOrReplicate(AbstractSaveEventListener.java:307) ~[hibernate-core-6.6.13.Final.jar:6.6.13.Final]
	at org.hibernate.event.internal.AbstractSaveEventListener.performSave(AbstractSaveEventListener.java:223) ~[hibernate-core-6.6.13.Final.jar:6.6.13.Final]
	at org.hibernate.event.internal.AbstractSaveEventListener.saveWithGeneratedId(AbstractSaveEventListener.java:136) ~[hibernate-core-6.6.13.Final.jar:6.6.13.Final]
	at org.hibernate.event.internal.DefaultPersistEventListener.entityIsTransient(DefaultPersistEventListener.java:177) ~[hibernate-core-6.6.13.Final.jar:6.6.13.Final]
	at org.hibernate.event.internal.DefaultPersistEventListener.persist(DefaultPersistEventListener.java:95) ~[hibernate-core-6.6.13.Final.jar:6.6.13.Final]
	at org.hibernate.event.internal.DefaultPersistEventListener.onPersist(DefaultPersistEventListener.java:79) ~[hibernate-core-6.6.13.Final.jar:6.6.13.Final]
	at org.hibernate.event.internal.DefaultPersistEventListener.onPersist(DefaultPersistEventListener.java:55) ~[hibernate-core-6.6.13.Final.jar:6.6.13.Final]
	at org.hibernate.event.service.internal.EventListenerGroupImpl.fireEventOnEachListener(EventListenerGroupImpl.java:127) ~[hibernate-core-6.6.13.Final.jar:6.6.13.Final]
	at org.hibernate.internal.SessionImpl.firePersist(SessionImpl.java:761) ~[hibernate-core-6.6.13.Final.jar:6.6.13.Final]
	at org.hibernate.internal.SessionImpl.persist(SessionImpl.java:745) ~[hibernate-core-6.6.13.Final.jar:6.6.13.Final]
	at java.base/jdk.internal.reflect.NativeMethodAccessorImpl.invoke0(Native Method) ~[?:?]
	at java.base/jdk.internal.reflect.NativeMethodAccessorImpl.invoke(NativeMethodAccessorImpl.java:77) ~[?:?]
	at java.base/jdk.internal.reflect.DelegatingMethodAccessorImpl.invoke(DelegatingMethodAccessorImpl.java:43) ~[?:?]
	at java.base/java.lang.reflect.Method.invoke(Method.java:568) ~[?:?]
	at org.springframework.orm.jpa.SharedEntityManagerCreator$SharedEntityManagerInvocationHandler.invoke(SharedEntityManagerCreator.java:320) ~[spring-orm-6.2.6.jar:6.2.6]
	at jdk.proxy4/jdk.proxy4.$Proxy161.persist(Unknown Source) ~[?:?]
	at org.springframework.data.jpa.repository.support.SimpleJpaRepository.save(SimpleJpaRepository.java:636) ~[spring-data-jpa-3.4.5.jar:3.4.5]
	at org.springframework.data.jpa.repository.support.SimpleJpaRepository.saveAll(SimpleJpaRepository.java:662) ~[spring-data-jpa-3.4.5.jar:3.4.5]
	at java.base/jdk.internal.reflect.NativeMethodAccessorImpl.invoke0(Native Method) ~[?:?]
	at java.base/jdk.internal.reflect.NativeMethodAccessorImpl.invoke(NativeMethodAccessorImpl.java:77) ~[?:?]
	at java.base/jdk.internal.reflect.DelegatingMethodAccessorImpl.invoke(DelegatingMethodAccessorImpl.java:43) ~[?:?]
	at java.base/java.lang.reflect.Method.invoke(Method.java:568) ~[?:?]
	at org.springframework.aop.support.AopUtils.invokeJoinpointUsingReflection(AopUtils.java:359) ~[spring-aop-6.2.6.jar:6.2.6]
	at org.springframework.data.repository.core.support.RepositoryMethodInvoker$RepositoryFragmentMethodInvoker.lambda$new$0(RepositoryMethodInvoker.java:277) ~[spring-data-commons-3.4.5.jar:3.4.5]
	at org.springframework.data.repository.core.support.RepositoryMethodInvoker.doInvoke(RepositoryMethodInvoker.java:170) ~[spring-data-commons-3.4.5.jar:3.4.5]
	at org.springframework.data.repository.core.support.RepositoryMethodInvoker.invoke(RepositoryMethodInvoker.java:158) ~[spring-data-commons-3.4.5.jar:3.4.5]
	at org.springframework.data.repository.core.support.RepositoryComposition$RepositoryFragments.invoke(RepositoryComposition.java:515) ~[spring-data-commons-3.4.5.jar:3.4.5]
	at org.springframework.data.repository.core.support.RepositoryComposition.invoke(RepositoryComposition.java:284) ~[spring-data-commons-3.4.5.jar:3.4.5]
	at org.springframework.data.repository.core.support.RepositoryFactorySupport$ImplementationMethodExecutionInterceptor.invoke(RepositoryFactorySupport.java:731) ~[spring-data-commons-3.4.5.jar:3.4.5]
	at org.springframework.aop.framework.ReflectiveMethodInvocation.proceed(ReflectiveMethodInvocation.java:184) ~[spring-aop-6.2.6.jar:6.2.6]
	at org.springframework.data.repository.core.support.QueryExecutorMethodInterceptor.doInvoke(QueryExecutorMethodInterceptor.java:174) ~[spring-data-commons-3.4.5.jar:3.4.5]
	at org.springframework.data.repository.core.support.QueryExecutorMethodInterceptor.invoke(QueryExecutorMethodInterceptor.java:149) ~[spring-data-commons-3.4.5.jar:3.4.5]
	at org.springframework.aop.framework.ReflectiveMethodInvocation.proceed(ReflectiveMethodInvocation.java:184) ~[spring-aop-6.2.6.jar:6.2.6]
	at org.springframework.data.projection.DefaultMethodInvokingMethodInterceptor.invoke(DefaultMethodInvokingMethodInterceptor.java:69) ~[spring-data-commons-3.4.5.jar:3.4.5]
	at org.springframework.aop.framework.ReflectiveMethodInvocation.proceed(ReflectiveMethodInvocation.java:184) ~[spring-aop-6.2.6.jar:6.2.6]
	at org.springframework.transaction.interceptor.TransactionAspectSupport.invokeWithinTransaction(TransactionAspectSupport.java:380) ~[spring-tx-6.2.6.jar:6.2.6]
	at org.springframework.transaction.interceptor.TransactionInterceptor.invoke(TransactionInterceptor.java:119) ~[spring-tx-6.2.6.jar:6.2.6]
	at org.springframework.aop.framework.ReflectiveMethodInvocation.proceed(ReflectiveMethodInvocation.java:184) ~[spring-aop-6.2.6.jar:6.2.6]
	at org.springframework.dao.support.PersistenceExceptionTranslationInterceptor.invoke(PersistenceExceptionTranslationInterceptor.java:138) ~[spring-tx-6.2.6.jar:6.2.6]
	... 44 more
Caused by: java.sql.SQLIntegrityConstraintViolationException: (conn=3623) Column 'author' cannot be null
	at org.mariadb.jdbc.export.ExceptionFactory.createException(ExceptionFactory.java:297) ~[mariadb-java-client-3.4.2.jar:?]
	at org.mariadb.jdbc.export.ExceptionFactory.create(ExceptionFactory.java:378) ~[mariadb-java-client-3.4.2.jar:?]
	at org.mariadb.jdbc.message.ClientMessage.readPacket(ClientMessage.java:189) ~[mariadb-java-client-3.4.2.jar:?]
	at org.mariadb.jdbc.client.impl.StandardClient.readPacket(StandardClient.java:1235) ~[mariadb-java-client-3.4.2.jar:?]
	at org.mariadb.jdbc.client.impl.StandardClient.readResults(StandardClient.java:1174) ~[mariadb-java-client-3.4.2.jar:?]
	at org.mariadb.jdbc.client.impl.StandardClient.readResponse(StandardClient.java:1093) ~[mariadb-java-client-3.4.2.jar:?]
	at org.mariadb.jdbc.client.impl.StandardClient.execute(StandardClient.java:1017) ~[mariadb-java-client-3.4.2.jar:?]
	at org.mariadb.jdbc.ClientPreparedStatement.executeInternal(ClientPreparedStatement.java:101) ~[mariadb-java-client-3.4.2.jar:?]
	at org.mariadb.jdbc.ClientPreparedStatement.executeLargeUpdate(ClientPreparedStatement.java:314) ~[mariadb-java-client-3.4.2.jar:?]
	at org.mariadb.jdbc.ClientPreparedStatement.executeUpdate(ClientPreparedStatement.java:291) ~[mariadb-java-client-3.4.2.jar:?]
	at com.zaxxer.hikari.pool.ProxyPreparedStatement.executeUpdate(ProxyPreparedStatement.java:61) ~[HikariCP-5.1.0.jar:?]
	at com.zaxxer.hikari.pool.HikariProxyPreparedStatement.executeUpdate(HikariProxyPreparedStatement.java) ~[HikariCP-5.1.0.jar:?]
	at org.hibernate.engine.jdbc.internal.ResultSetReturnImpl.executeUpdate(ResultSetReturnImpl.java:194) ~[hibernate-core-6.6.13.Final.jar:6.6.13.Final]
	at org.hibernate.id.insert.GetGeneratedKeysDelegate.performMutation(GetGeneratedKeysDelegate.java:116) ~[hibernate-core-6.6.13.Final.jar:6.6.13.Final]
	at org.hibernate.engine.jdbc.mutation.internal.MutationExecutorSingleNonBatched.performNonBatchedOperations(MutationExecutorSingleNonBatched.java:47) ~[hibernate-core-6.6.13.Final.jar:6.6.13.Final]
	at org.hibernate.engine.jdbc.mutation.internal.AbstractMutationExecutor.execute(AbstractMutationExecutor.java:55) ~[hibernate-core-6.6.13.Final.jar:6.6.13.Final]
	at org.hibernate.persister.entity.mutation.InsertCoordinatorStandard.doStaticInserts(InsertCoordinatorStandard.java:194) ~[hibernate-core-6.6.13.Final.jar:6.6.13.Final]
	at org.hibernate.persister.entity.mutation.InsertCoordinatorStandard.coordinateInsert(InsertCoordinatorStandard.java:132) ~[hibernate-core-6.6.13.Final.jar:6.6.13.Final]
	at org.hibernate.persister.entity.mutation.InsertCoordinatorStandard.insert(InsertCoordinatorStandard.java:95) ~[hibernate-core-6.6.13.Final.jar:6.6.13.Final]
	at org.hibernate.action.internal.EntityIdentityInsertAction.execute(EntityIdentityInsertAction.java:85) ~[hibernate-core-6.6.13.Final.jar:6.6.13.Final]
	at org.hibernate.engine.spi.ActionQueue.execute(ActionQueue.java:682) ~[hibernate-core-6.6.13.Final.jar:6.6.13.Final]
	at org.hibernate.engine.spi.ActionQueue.addResolvedEntityInsertAction(ActionQueue.java:293) ~[hibernate-core-6.6.13.Final.jar:6.6.13.Final]
	at org.hibernate.engine.spi.ActionQueue.addInsertAction(ActionQueue.java:274) ~[hibernate-core-6.6.13.Final.jar:6.6.13.Final]
	at org.hibernate.engine.spi.ActionQueue.addAction(ActionQueue.java:324) ~[hibernate-core-6.6.13.Final.jar:6.6.13.Final]
	at org.hibernate.event.internal.AbstractSaveEventListener.addInsertAction(AbstractSaveEventListener.java:393) ~[hibernate-core-6.6.13.Final.jar:6.6.13.Final]
	at org.hibernate.event.internal.AbstractSaveEventListener.performSaveOrReplicate(AbstractSaveEventListener.java:307) ~[hibernate-core-6.6.13.Final.jar:6.6.13.Final]
	at org.hibernate.event.internal.AbstractSaveEventListener.performSave(AbstractSaveEventListener.java:223) ~[hibernate-core-6.6.13.Final.jar:6.6.13.Final]
	at org.hibernate.event.internal.AbstractSaveEventListener.saveWithGeneratedId(AbstractSaveEventListener.java:136) ~[hibernate-core-6.6.13.Final.jar:6.6.13.Final]
	at org.hibernate.event.internal.DefaultPersistEventListener.entityIsTransient(DefaultPersistEventListener.java:177) ~[hibernate-core-6.6.13.Final.jar:6.6.13.Final]
	at org.hibernate.event.internal.DefaultPersistEventListener.persist(DefaultPersistEventListener.java:95) ~[hibernate-core-6.6.13.Final.jar:6.6.13.Final]
	at org.hibernate.event.internal.DefaultPersistEventListener.onPersist(DefaultPersistEventListener.java:79) ~[hibernate-core-6.6.13.Final.jar:6.6.13.Final]
	at org.hibernate.event.internal.DefaultPersistEventListener.onPersist(DefaultPersistEventListener.java:55) ~[hibernate-core-6.6.13.Final.jar:6.6.13.Final]
	at org.hibernate.event.service.internal.EventListenerGroupImpl.fireEventOnEachListener(EventListenerGroupImpl.java:127) ~[hibernate-core-6.6.13.Final.jar:6.6.13.Final]
	at org.hibernate.internal.SessionImpl.firePersist(SessionImpl.java:761) ~[hibernate-core-6.6.13.Final.jar:6.6.13.Final]
	at org.hibernate.internal.SessionImpl.persist(SessionImpl.java:745) ~[hibernate-core-6.6.13.Final.jar:6.6.13.Final]
	at java.base/jdk.internal.reflect.NativeMethodAccessorImpl.invoke0(Native Method) ~[?:?]
	at java.base/jdk.internal.reflect.NativeMethodAccessorImpl.invoke(NativeMethodAccessorImpl.java:77) ~[?:?]
	at java.base/jdk.internal.reflect.DelegatingMethodAccessorImpl.invoke(DelegatingMethodAccessorImpl.java:43) ~[?:?]
	at java.base/java.lang.reflect.Method.invoke(Method.java:568) ~[?:?]
	at org.springframework.orm.jpa.SharedEntityManagerCreator$SharedEntityManagerInvocationHandler.invoke(SharedEntityManagerCreator.java:320) ~[spring-orm-6.2.6.jar:6.2.6]
	at jdk.proxy4/jdk.proxy4.$Proxy161.persist(Unknown Source) ~[?:?]
	at org.springframework.data.jpa.repository.support.SimpleJpaRepository.save(SimpleJpaRepository.java:636) ~[spring-data-jpa-3.4.5.jar:3.4.5]
	at org.springframework.data.jpa.repository.support.SimpleJpaRepository.saveAll(SimpleJpaRepository.java:662) ~[spring-data-jpa-3.4.5.jar:3.4.5]
	at java.base/jdk.internal.reflect.NativeMethodAccessorImpl.invoke0(Native Method) ~[?:?]
	at java.base/jdk.internal.reflect.NativeMethodAccessorImpl.invoke(NativeMethodAccessorImpl.java:77) ~[?:?]
	at java.base/jdk.internal.reflect.DelegatingMethodAccessorImpl.invoke(DelegatingMethodAccessorImpl.java:43) ~[?:?]
	at java.base/java.lang.reflect.Method.invoke(Method.java:568) ~[?:?]
	at org.springframework.aop.support.AopUtils.invokeJoinpointUsingReflection(AopUtils.java:359) ~[spring-aop-6.2.6.jar:6.2.6]
	at org.springframework.data.repository.core.support.RepositoryMethodInvoker$RepositoryFragmentMethodInvoker.lambda$new$0(RepositoryMethodInvoker.java:277) ~[spring-data-commons-3.4.5.jar:3.4.5]
	at org.springframework.data.repository.core.support.RepositoryMethodInvoker.doInvoke(RepositoryMethodInvoker.java:170) ~[spring-data-commons-3.4.5.jar:3.4.5]
	at org.springframework.data.repository.core.support.RepositoryMethodInvoker.invoke(RepositoryMethodInvoker.java:158) ~[spring-data-commons-3.4.5.jar:3.4.5]
	at org.springframework.data.repository.core.support.RepositoryComposition$RepositoryFragments.invoke(RepositoryComposition.java:515) ~[spring-data-commons-3.4.5.jar:3.4.5]
	at org.springframework.data.repository.core.support.RepositoryComposition.invoke(RepositoryComposition.java:284) ~[spring-data-commons-3.4.5.jar:3.4.5]
	at org.springframework.data.repository.core.support.RepositoryFactorySupport$ImplementationMethodExecutionInterceptor.invoke(RepositoryFactorySupport.java:731) ~[spring-data-commons-3.4.5.jar:3.4.5]
	at org.springframework.aop.framework.ReflectiveMethodInvocation.proceed(ReflectiveMethodInvocation.java:184) ~[spring-aop-6.2.6.jar:6.2.6]
	at org.springframework.data.repository.core.support.QueryExecutorMethodInterceptor.doInvoke(QueryExecutorMethodInterceptor.java:174) ~[spring-data-commons-3.4.5.jar:3.4.5]
	at org.springframework.data.repository.core.support.QueryExecutorMethodInterceptor.invoke(QueryExecutorMethodInterceptor.java:149) ~[spring-data-commons-3.4.5.jar:3.4.5]
	at org.springframework.aop.framework.ReflectiveMethodInvocation.proceed(ReflectiveMethodInvocation.java:184) ~[spring-aop-6.2.6.jar:6.2.6]
	at org.springframework.data.projection.DefaultMethodInvokingMethodInterceptor.invoke(DefaultMethodInvokingMethodInterceptor.java:69) ~[spring-data-commons-3.4.5.jar:3.4.5]
	at org.springframework.aop.framework.ReflectiveMethodInvocation.proceed(ReflectiveMethodInvocation.java:184) ~[spring-aop-6.2.6.jar:6.2.6]
	at org.springframework.transaction.interceptor.TransactionAspectSupport.invokeWithinTransaction(TransactionAspectSupport.java:380) ~[spring-tx-6.2.6.jar:6.2.6]
	at org.springframework.transaction.interceptor.TransactionInterceptor.invoke(TransactionInterceptor.java:119) ~[spring-tx-6.2.6.jar:6.2.6]
	at org.springframework.aop.framework.ReflectiveMethodInvocation.proceed(ReflectiveMethodInvocation.java:184) ~[spring-aop-6.2.6.jar:6.2.6]
	at org.springframework.dao.support.PersistenceExceptionTranslationInterceptor.invoke(PersistenceExceptionTranslationInterceptor.java:138) ~[spring-tx-6.2.6.jar:6.2.6]
	... 44 more

2025-05-21T22:05:37.384+09:00  INFO 43272 --- [MySpringbootLab] [restartedMain] o.s.b.w.e.t.GracefulShutdown             : Commencing graceful shutdown. Waiting for active requests to complete
2025-05-21T22:05:37.617+09:00  INFO 43272 --- [MySpringbootLab] [tomcat-shutdown] o.s.b.w.e.t.GracefulShutdown             : Graceful shutdown complete
2025-05-21T22:05:37.622+09:00  INFO 43272 --- [MySpringbootLab] [restartedMain] j.LocalContainerEntityManagerFactoryBean : Closing JPA EntityManagerFactory for persistence unit 'default'
2025-05-21T22:05:37.625+09:00  INFO 43272 --- [MySpringbootLab] [restartedMain] c.z.h.HikariDataSource                   : HikariPool-1 - Shutdown initiated...
2025-05-21T22:05:37.629+09:00  INFO 43272 --- [MySpringbootLab] [restartedMain] c.z.h.HikariDataSource                   : HikariPool-1 - Shutdown completed.
2025-05-21T22:07:40.349+09:00  INFO 15912 --- [MySpringbootLab] [restartedMain] c.r.m.MySpringbootLabApplication         : Starting MySpringbootLabApplication using Java 17.0.2 with PID 15912 (C:\mybackend\MySpringbootLab\MySpringbootLab\target\classes started by pshcc in C:\mybackend\MySpringbootLab)
2025-05-21T22:07:40.354+09:00 DEBUG 15912 --- [MySpringbootLab] [restartedMain] c.r.m.MySpringbootLabApplication         : Running with Spring Boot v3.4.5, Spring v6.2.6
2025-05-21T22:07:40.354+09:00  INFO 15912 --- [MySpringbootLab] [restartedMain] c.r.m.MySpringbootLabApplication         : The following 1 profile is active: "test"
2025-05-21T22:07:40.393+09:00  INFO 15912 --- [MySpringbootLab] [restartedMain] .e.DevToolsPropertyDefaultsPostProcessor : Devtools property defaults active! Set 'spring.devtools.add-properties' to 'false' to disable
2025-05-21T22:07:40.393+09:00  INFO 15912 --- [MySpringbootLab] [restartedMain] .e.DevToolsPropertyDefaultsPostProcessor : For additional web related logging consider setting the 'logging.level.web' property to 'DEBUG'
2025-05-21T22:07:41.349+09:00  INFO 15912 --- [MySpringbootLab] [restartedMain] .s.d.r.c.RepositoryConfigurationDelegate : Bootstrapping Spring Data JPA repositories in DEFAULT mode.
2025-05-21T22:07:41.411+09:00  INFO 15912 --- [MySpringbootLab] [restartedMain] .s.d.r.c.RepositoryConfigurationDelegate : Finished Spring Data repository scanning in 54 ms. Found 3 JPA repository interfaces.
2025-05-21T22:07:42.313+09:00  INFO 15912 --- [MySpringbootLab] [restartedMain] o.s.b.w.e.t.TomcatWebServer              : Tomcat initialized with port 8080 (http)
2025-05-21T22:07:42.327+09:00  INFO 15912 --- [MySpringbootLab] [restartedMain] o.a.c.c.StandardService                  : Starting service [Tomcat]
2025-05-21T22:07:42.328+09:00  INFO 15912 --- [MySpringbootLab] [restartedMain] o.a.c.c.StandardEngine                   : Starting Servlet engine: [Apache Tomcat/10.1.40]
2025-05-21T22:07:42.395+09:00  INFO 15912 --- [MySpringbootLab] [restartedMain] o.a.c.c.C.[.[.[/]                        : Initializing Spring embedded WebApplicationContext
2025-05-21T22:07:42.396+09:00  INFO 15912 --- [MySpringbootLab] [restartedMain] w.s.c.ServletWebServerApplicationContext : Root WebApplicationContext: initialization completed in 2001 ms
2025-05-21T22:07:42.730+09:00  INFO 15912 --- [MySpringbootLab] [restartedMain] o.h.j.i.u.LogHelper                      : HHH000204: Processing PersistenceUnitInfo [name: default]
2025-05-21T22:07:42.788+09:00  INFO 15912 --- [MySpringbootLab] [restartedMain] o.h.Version                              : HHH000412: Hibernate ORM core version 6.6.13.Final
2025-05-21T22:07:42.826+09:00  INFO 15912 --- [MySpringbootLab] [restartedMain] o.h.c.i.RegionFactoryInitiator           : HHH000026: Second-level cache disabled
2025-05-21T22:07:43.105+09:00  INFO 15912 --- [MySpringbootLab] [restartedMain] o.s.o.j.p.SpringPersistenceUnitInfo      : No LoadTimeWeaver setup: ignoring JPA class transformer
2025-05-21T22:07:43.141+09:00  INFO 15912 --- [MySpringbootLab] [restartedMain] c.z.h.HikariDataSource                   : HikariPool-1 - Starting...
2025-05-21T22:07:43.226+09:00  INFO 15912 --- [MySpringbootLab] [restartedMain] c.z.h.p.HikariPool                       : HikariPool-1 - Added connection org.mariadb.jdbc.Connection@31e69df2
2025-05-21T22:07:43.228+09:00  INFO 15912 --- [MySpringbootLab] [restartedMain] c.z.h.HikariDataSource                   : HikariPool-1 - Start completed.
2025-05-21T22:07:43.258+09:00  WARN 15912 --- [MySpringbootLab] [restartedMain] o.h.o.deprecation                        : HHH90000025: MariaDBDialect does not need to be specified explicitly using 'hibernate.dialect' (remove the property setting and it will be selected by default)
2025-05-21T22:07:43.279+09:00  INFO 15912 --- [MySpringbootLab] [restartedMain] o.h.o.c.pooling                          : HHH10001005: Database info:
	Database JDBC URL [Connecting through datasource 'HikariDataSource (HikariPool-1)']
	Database driver: undefined/unknown
	Database version: 10.11.5
	Autocommit mode: undefined/unknown
	Isolation level: undefined/unknown
	Minimum pool size: undefined/unknown
	Maximum pool size: undefined/unknown
2025-05-21T22:07:44.128+09:00  INFO 15912 --- [MySpringbootLab] [restartedMain] o.h.e.t.j.p.i.JtaPlatformInitiator       : HHH000489: No JTA platform available (set 'hibernate.transaction.jta.platform' to enable JTA platform integration)
2025-05-21T22:07:44.395+09:00  INFO 15912 --- [MySpringbootLab] [restartedMain] j.LocalContainerEntityManagerFactoryBean : Initialized JPA EntityManagerFactory for persistence unit 'default'
2025-05-21T22:07:44.712+09:00  INFO 15912 --- [MySpringbootLab] [restartedMain] o.s.d.j.r.q.QueryEnhancerFactory         : Hibernate is in classpath; If applicable, HQL parser will be used.
2025-05-21T22:07:45.273+09:00  WARN 15912 --- [MySpringbootLab] [restartedMain] JpaBaseConfiguration$JpaWebConfiguration : spring.jpa.open-in-view is enabled by default. Therefore, database queries may be performed during view rendering. Explicitly configure spring.jpa.open-in-view to disable this warning
2025-05-21T22:07:45.620+09:00  WARN 15912 --- [MySpringbootLab] [restartedMain] ion$DefaultTemplateResolverConfiguration : Cannot find template location: classpath:/templates/ (please add some templates, check your Thymeleaf configuration, or set spring.thymeleaf.check-template-location=false)
2025-05-21T22:07:45.902+09:00  INFO 15912 --- [MySpringbootLab] [restartedMain] o.s.b.a.h.H2ConsoleAutoConfiguration     : H2 console available at '/h2-console'. Database available at 'jdbc:mariadb://127.0.0.1/boot_db?user=boot&password=***'
2025-05-21T22:07:45.982+09:00  INFO 15912 --- [MySpringbootLab] [restartedMain] o.s.b.d.a.OptionalLiveReloadServer       : LiveReload server is running on port 35729
2025-05-21T22:07:45.991+09:00  INFO 15912 --- [MySpringbootLab] [restartedMain] o.s.b.a.e.w.EndpointLinksResolver        : Exposing 1 endpoint beneath base path '/actuator'
2025-05-21T22:07:46.061+09:00  INFO 15912 --- [MySpringbootLab] [restartedMain] o.s.b.w.e.t.TomcatWebServer              : Tomcat started on port 8080 (http) with context path '/'
2025-05-21T22:07:46.075+09:00  INFO 15912 --- [MySpringbootLab] [restartedMain] c.r.m.MySpringbootLabApplication         : Started MySpringbootLabApplication in 6.171 seconds (process running for 6.954)
2025-05-21T22:07:46.118+09:00  INFO 15912 --- [MySpringbootLab] [restartedMain] c.r.m.r.BookDataInitRunner               : Starting book data initialization...
2025-05-21T22:07:46.196+09:00  INFO 15912 --- [MySpringbootLab] [restartedMain] c.r.m.r.BookDataInitRunner               : Creating publishers...
2025-05-21T22:07:46.239+09:00  INFO 15912 --- [MySpringbootLab] [restartedMain] c.r.m.r.BookDataInitRunner               : Created 4 publishers
2025-05-21T22:07:46.239+09:00  INFO 15912 --- [MySpringbootLab] [restartedMain] c.r.m.r.BookDataInitRunner               : Creating books...
2025-05-21T22:07:46.255+09:00  INFO 15912 --- [MySpringbootLab] [restartedMain] c.r.m.r.BookDataInitRunner               : Created 8 books
2025-05-21T22:07:46.255+09:00  INFO 15912 --- [MySpringbootLab] [restartedMain] c.r.m.r.BookDataInitRunner               : Book data initialization completed successfully
2025-05-21T22:07:46.269+09:00 DEBUG 15912 --- [MySpringbootLab] [restartedMain] c.r.m.r.MyPropRunner                     : ${myprop.username} = springboot
2025-05-21T22:07:46.269+09:00 DEBUG 15912 --- [MySpringbootLab] [restartedMain] c.r.m.r.MyPropRunner                     : ${myprop.port} = 97
2025-05-21T22:07:46.270+09:00 DEBUG 15912 --- [MySpringbootLab] [restartedMain] c.r.m.r.MyPropRunner                     : ${myprop.username} = springboot
2025-05-21T22:07:46.270+09:00  INFO 15912 --- [MySpringbootLab] [restartedMain] c.r.m.r.MyPropRunner                     : MyBootProperties getUsername() = springboot
2025-05-21T22:07:46.270+09:00  INFO 15912 --- [MySpringbootLab] [restartedMain] c.r.m.r.MyPropRunner                     : MyBootProperties getPort() = 74
2025-05-21T22:07:46.270+09:00  INFO 15912 --- [MySpringbootLab] [restartedMain] c.r.m.r.MyPropRunner                     : 설정된 Port 번호 = 8080
2025-05-21T22:07:46.270+09:00  INFO 15912 --- [MySpringbootLab] [restartedMain] c.r.m.r.MyPropRunner                     : 현재 활성화된 MyEnvironment Bean = com.rookies3.myspringbootlab.config.MyEnvironment@743f9216
2025-05-21T22:07:46.270+09:00 DEBUG 15912 --- [MySpringbootLab] [restartedMain] c.r.m.r.MyPropRunner                     : VM 아규먼트 foo : false
2025-05-21T22:07:46.270+09:00 DEBUG 15912 --- [MySpringbootLab] [restartedMain] c.r.m.r.MyPropRunner                     : Program 아규먼트 bar : false
2025-05-21T22:12:51.022+09:00  INFO 15912 --- [MySpringbootLab] [http-nio-8080-exec-2] o.a.c.c.C.[.[.[/]                        : Initializing Spring DispatcherServlet 'dispatcherServlet'
2025-05-21T22:12:51.023+09:00  INFO 15912 --- [MySpringbootLab] [http-nio-8080-exec-2] o.s.w.s.DispatcherServlet                : Initializing Servlet 'dispatcherServlet'
2025-05-21T22:12:51.024+09:00  INFO 15912 --- [MySpringbootLab] [http-nio-8080-exec-2] o.s.w.s.DispatcherServlet                : Completed initialization in 1 ms
2025-05-21T22:22:05.433+09:00  INFO 15912 --- [MySpringbootLab] [SpringApplicationShutdownHook] o.s.b.w.e.t.GracefulShutdown             : Commencing graceful shutdown. Waiting for active requests to complete
2025-05-21T22:22:05.653+09:00  INFO 15912 --- [MySpringbootLab] [tomcat-shutdown] o.s.b.w.e.t.GracefulShutdown             : Graceful shutdown complete
2025-05-21T22:22:05.659+09:00  INFO 15912 --- [MySpringbootLab] [SpringApplicationShutdownHook] j.LocalContainerEntityManagerFactoryBean : Closing JPA EntityManagerFactory for persistence unit 'default'
2025-05-21T22:22:05.663+09:00  INFO 15912 --- [MySpringbootLab] [SpringApplicationShutdownHook] c.z.h.HikariDataSource                   : HikariPool-1 - Shutdown initiated...
2025-05-21T22:22:05.667+09:00  INFO 15912 --- [MySpringbootLab] [SpringApplicationShutdownHook] c.z.h.HikariDataSource                   : HikariPool-1 - Shutdown completed.
